Row Labels,"L1, L2 and L3: Higher managerial, administrative and professional occupations",L10 and L11: Lower supervisory and technical occupations,L12: Semi-routine occupations,L13: Routine occupations,L14.1 and L14.2: Never worked and long-term unemployed,L15: Full-time students,"L4, L5 and L6: Lower managerial, administrative and professional occupations",L7: Intermediate occupations,L8 and L9: Small employers and own account workers,TotalOcc
E00073143,59,20,24,23,16,27,82,32,32,315
E00073145,31,12,34,49,29,68,51,43,25,342
E00073147,45,19,45,63,50,46,66,38,43,415
E00073148,39,12,30,26,13,39,72,23,15,269
E00073150,52,22,39,47,24,36,105,47,33,405
E00073152,89,7,15,13,22,49,75,23,30,323
E00073153,94,6,24,23,18,38,124,25,69,421
E00073154,83,4,13,10,10,41,82,23,29,295
E00073155,87,9,26,9,7,40,79,24,30,311
E00073156,36,8,23,20,13,16,58,21,39,234
E00073157,87,7,15,21,4,69,94,32,29,358
E00073158,46,16,22,30,21,12,82,28,30,287
E00073159,83,7,13,11,4,27,61,32,25,263
E00073160,92,8,17,19,17,31,106,31,32,353
E00073161,51,8,25,36,40,20,68,26,38,312
E00073162,87,10,14,18,7,79,87,24,29,355
E00073163,89,2,8,9,3,51,73,18,23,276
E00073164,62,7,11,18,18,17,75,27,31,266
E00073165,60,7,14,16,7,116,62,16,22,320
E00073166,47,6,14,16,12,19,71,33,25,243
E00073167,91,10,24,19,14,47,103,43,38,389
E00073168,46,11,30,33,27,25,78,29,31,310
E00073169,78,13,34,30,22,43,123,24,46,413
E00073170,78,17,26,21,23,200,105,44,27,541
E00073171,72,13,53,39,29,62,87,43,42,440
E00073172,39,6,22,20,28,18,71,16,30,250
E00073173,58,6,16,13,16,24,92,18,24,267
E00073174,65,8,21,15,16,23,79,22,28,277
E00073176,50,12,31,24,24,60,58,32,27,318
E00073177,38,17,32,30,14,52,55,22,27,287
E00073178,49,16,24,19,15,67,67,32,21,310
E00073179,57,9,22,21,23,30,83,25,27,297
E00073181,44,15,39,56,55,46,67,28,28,378
E00073182,56,12,19,44,34,88,80,32,34,399
E00073183,25,21,41,41,24,11,43,35,29,270
E00073184,19,30,36,59,23,13,35,32,12,259
E00073185,10,12,41,94,31,20,43,21,12,284
E00073186,8,18,32,62,23,10,39,30,13,235
E00073187,11,28,37,86,30,20,37,27,25,301
E00073188,12,23,41,47,21,10,25,23,12,214
E00073189,19,25,26,53,18,14,37,29,20,241
E00073190,16,25,46,67,76,17,38,29,17,331
E00073191,17,12,39,42,20,16,28,34,14,222
E00073192,22,11,24,37,22,9,47,28,18,218
E00073193,30,25,33,45,8,19,69,43,24,296
E00073194,13,10,32,50,31,17,31,31,14,229
E00073195,28,23,34,62,21,14,41,34,16,273
E00073196,16,12,31,55,30,7,19,12,9,191
E00073197,50,21,23,57,11,8,71,45,29,315
E00073198,13,15,33,48,24,5,17,17,14,186
E00073199,23,20,38,42,19,10,30,22,12,216
E00073200,10,13,35,58,34,14,30,27,16,237
E00073201,21,13,16,39,14,9,55,28,19,214
E00073202,31,13,30,59,19,10,51,32,29,274
E00073203,27,18,24,48,14,10,54,37,14,246
E00073204,24,17,31,42,16,8,49,37,26,250
E00073205,40,18,37,71,10,10,67,41,30,324
E00073206,53,15,41,47,17,26,81,59,24,363
E00073207,25,22,30,42,17,10,60,32,16,254
E00073208,18,10,34,35,18,9,40,35,12,211
E00073209,17,13,43,42,22,11,35,23,19,225
E00073210,43,16,28,43,12,13,73,46,35,309
E00073211,22,28,47,125,27,14,71,54,31,419
E00073212,17,26,33,122,16,12,37,31,35,329
E00073213,24,23,40,89,22,6,44,25,23,296
E00073214,20,26,44,66,22,11,41,34,36,300
E00073215,7,13,36,41,31,18,18,7,7,178
E00073216,13,12,43,64,23,15,23,21,17,231
E00073217,15,26,25,79,14,11,46,29,26,271
E00073218,17,17,36,89,17,28,40,34,35,313
E00073219,8,11,40,75,27,13,17,12,12,215
E00073220,9,26,47,60,23,17,43,33,23,281
E00073221,18,21,45,52,16,18,39,28,19,256
E00073222,24,24,32,74,32,27,47,33,17,310
E00073223,20,23,29,58,17,9,53,38,21,268
E00073224,67,6,19,30,12,5,75,36,19,269
E00073225,94,19,28,41,17,22,85,31,26,363
E00073226,33,15,27,40,26,11,45,15,16,228
E00073227,55,12,19,28,19,8,54,20,18,233
E00073228,64,11,19,18,15,24,84,38,25,298
E00073229,39,17,38,31,9,5,46,41,29,255
E00073230,77,7,21,11,6,23,95,27,21,288
E00073231,94,24,27,21,7,19,93,39,28,352
E00073232,85,8,19,15,5,16,84,18,14,264
E00073233,57,9,11,11,11,12,64,33,24,232
E00073234,59,14,25,15,10,15,72,27,24,261
E00073236,45,7,21,22,9,19,66,28,17,234
E00073237,76,8,18,18,7,7,91,35,17,277
E00073238,83,4,16,19,0,11,86,17,17,253
E00073239,84,20,33,25,20,19,127,47,40,415
E00073240,56,20,38,44,19,21,71,34,33,336
E00073241,67,9,15,15,14,10,82,17,14,243
E00073242,30,11,25,41,11,13,58,24,20,233
E00073243,49,18,30,25,20,13,65,41,26,287
E00073245,42,21,35,34,10,12,54,50,35,293
E00073246,43,11,32,26,17,11,71,42,14,267
E00073247,33,19,33,36,9,7,49,40,35,261
E00073248,70,14,15,24,14,13,66,29,14,259
E00073249,10,16,34,51,43,4,30,20,19,227
E00073250,66,32,39,62,17,15,94,61,38,424
E00073251,70,23,35,36,17,13,84,44,13,335
E00073252,45,20,39,57,13,17,53,24,22,290
E00073253,48,27,45,61,48,19,83,40,28,399
E00073254,38,22,20,36,11,9,77,37,30,280
E00073255,68,16,40,49,22,10,72,41,33,351
E00073256,43,18,36,52,15,16,54,50,25,309
E00073257,36,18,38,56,9,14,55,53,30,309
E00073258,39,20,34,51,13,18,74,39,32,320
E00073259,25,17,26,26,21,7,51,27,26,226
E00073260,33,15,30,33,20,11,60,36,29,267
E00073261,25,17,36,44,28,8,44,42,25,269
E00073262,8,13,38,39,39,9,27,12,15,200
E00073263,70,11,20,20,6,72,96,19,23,337
E00073264,79,8,12,15,13,73,65,15,24,304
E00073266,70,5,13,14,0,60,77,24,13,276
E00073267,59,8,22,14,7,22,62,20,15,229
E00073268,91,7,15,16,3,62,103,32,21,350
E00073269,69,8,12,14,10,87,82,30,28,340
E00073270,87,5,11,12,4,100,68,17,20,324
E00073271,102,10,15,16,11,85,102,36,24,401
E00073272,59,8,24,22,11,45,66,30,26,291
E00073273,50,7,6,25,7,22,75,18,24,234
E00073274,62,46,38,125,48,35,61,20,91,526
E00073276,33,14,15,18,16,91,56,20,24,287
E00073277,67,8,13,11,3,37,87,16,22,264
E00073278,111,10,12,13,4,31,83,20,17,301
E00073280,92,2,15,9,8,43,61,24,15,269
E00073281,78,8,13,11,5,75,83,22,34,329
E00073282,91,6,19,5,3,71,64,25,25,309
E00073283,83,10,17,14,6,24,70,17,22,263
E00073284,21,4,13,19,26,31,37,14,18,183
E00073285,90,10,17,13,8,68,80,22,16,324
E00073286,74,7,14,16,6,24,74,28,28,271
E00073287,78,5,14,11,2,17,66,23,22,238
E00073288,67,7,11,16,18,33,75,17,30,274
E00073289,108,8,8,7,1,51,69,19,17,288
E00073290,104,6,9,9,3,10,61,13,28,243
E00073291,79,9,20,6,4,21,73,16,38,266
E00073292,105,13,28,25,11,88,109,41,31,451
E00073293,78,9,15,19,5,55,89,31,16,317
E00073294,72,7,26,19,17,101,80,16,22,360
E00073295,67,5,11,14,9,14,81,25,29,255
E00073296,64,10,16,12,4,36,70,20,20,252
E00073297,61,7,13,17,7,68,80,21,24,298
E00073298,52,19,31,28,14,97,88,37,20,386
E00073299,77,5,15,24,6,36,83,27,24,297
E00073300,69,4,11,6,4,20,63,11,21,209
E00073301,27,23,50,38,10,7,65,53,40,313
E00073302,11,20,45,47,19,18,31,36,25,252
E00073303,22,17,39,56,34,25,42,54,32,321
E00073304,9,16,39,67,27,16,30,24,25,253
E00073305,20,23,38,39,23,13,33,44,21,254
E00073306,23,22,20,21,18,15,41,25,41,226
E00073307,30,18,33,29,19,8,49,23,27,236
E00073308,15,17,42,58,32,19,33,25,19,260
E00073309,9,17,33,50,24,7,32,37,30,239
E00073310,20,20,54,62,37,20,36,23,28,300
E00073311,15,17,41,49,44,13,37,17,15,248
E00073312,6,16,56,59,35,13,30,35,25,275
E00073313,21,20,49,55,30,13,47,26,24,285
E00073314,8,9,30,35,39,15,12,17,10,175
E00073315,1,12,30,28,13,8,13,19,24,148
E00073316,9,15,36,40,36,16,15,29,22,218
E00073317,13,11,41,49,20,18,30,21,18,221
E00073318,11,16,46,68,47,18,28,20,17,271
E00073319,70,30,40,36,9,18,96,40,40,379
E00073320,40,16,33,38,16,17,70,34,38,302
E00073321,24,20,29,46,22,13,52,36,20,262
E00073322,33,21,31,30,13,9,47,53,32,269
E00073323,26,20,25,23,8,16,41,39,26,224
E00073324,42,9,34,36,10,21,67,52,20,291
E00073325,37,18,35,43,16,12,77,35,25,298
E00073326,10,24,25,58,46,12,34,33,19,261
E00073327,24,15,38,42,30,14,50,36,25,274
E00073328,29,15,44,48,14,9,66,45,26,296
E00073329,20,15,37,45,16,3,47,37,30,250
E00073330,36,15,47,43,19,12,61,28,36,297
E00073331,51,15,34,40,20,15,70,48,53,346
E00073332,24,20,36,28,7,6,53,44,30,248
E00073333,30,21,30,34,13,7,43,51,29,258
E00073334,24,13,27,35,10,7,44,32,49,241
E00073335,16,21,66,65,41,20,37,51,35,352
E00073336,24,13,40,29,24,15,33,39,37,254
E00073337,25,17,43,29,15,15,36,33,28,241
E00073338,25,15,24,39,14,1,55,32,25,230
E00073339,29,15,17,44,10,15,78,27,20,255
E00073340,38,10,25,24,15,6,54,32,10,214
E00073341,51,6,20,13,9,11,74,25,31,240
E00073342,45,23,41,48,15,28,65,35,40,340
E00073343,51,11,37,37,15,9,65,57,28,310
E00073344,34,16,17,24,12,7,54,35,16,215
E00073345,11,11,19,20,6,9,37,26,13,152
E00073346,50,13,44,26,14,9,69,32,19,276
E00073347,24,5,22,17,4,7,45,26,11,161
E00073348,47,9,29,24,9,5,51,39,14,227
E00073349,22,11,38,39,28,30,37,22,30,257
E00073350,53,11,31,51,20,11,61,34,19,291
E00073351,22,18,38,57,35,24,36,25,27,282
E00073352,20,7,33,41,24,13,27,24,23,212
E00073353,75,16,19,20,8,7,80,38,28,291
E00073354,11,20,41,56,25,21,35,30,27,266
E00073355,30,24,21,54,27,25,48,30,34,293
E00073356,57,12,23,30,27,9,68,44,42,312
E00073357,36,10,28,34,14,14,57,28,31,252
E00073358,27,17,32,39,10,8,55,41,31,260
E00073359,25,18,36,45,17,7,51,46,20,265
E00073360,25,19,27,36,11,6,35,32,25,216
E00073361,33,23,27,27,61,9,59,23,29,291
E00073362,49,26,31,43,18,16,82,53,23,341
E00073363,27,19,54,40,11,16,47,39,27,280
E00073364,23,16,29,55,30,12,33,20,22,240
E00073365,25,21,24,51,16,10,46,28,28,249
E00073366,61,17,36,33,15,19,77,45,38,341
E00073367,24,20,26,38,9,9,63,36,31,256
E00073368,19,15,43,37,20,10,44,36,21,245
E00073369,18,25,46,46,18,21,36,31,18,259
E00073370,13,14,40,35,26,5,30,23,18,204
E00073371,17,9,20,34,19,5,31,19,21,175
E00073372,3,12,37,57,16,8,14,14,20,181
E00073373,49,11,26,31,13,8,46,18,17,219
E00073374,69,13,23,21,10,16,74,24,23,273
E00073375,29,18,30,38,18,14,70,33,20,270
E00073376,27,21,31,33,15,7,42,32,14,222
E00073377,53,6,25,17,7,10,58,22,26,224
E00073378,55,8,22,16,3,17,66,31,19,237
E00073379,48,20,35,18,31,19,74,44,36,325
E00073380,35,18,45,36,17,23,58,52,36,320
E00073381,40,14,39,51,15,19,58,50,45,331
E00073382,38,21,43,35,20,22,64,49,32,324
E00073383,8,19,34,46,40,11,29,20,12,219
E00073384,51,21,52,39,18,16,94,62,37,390
E00073385,10,20,46,44,71,14,35,23,24,287
E00073386,35,21,44,38,24,12,68,45,28,315
E00073387,5,21,35,39,25,9,28,24,15,201
E00073388,38,16,24,23,12,19,55,40,24,251
E00073389,39,16,32,38,21,16,71,37,22,292
E00073390,37,14,32,34,15,11,60,40,27,270
E00073391,29,13,24,31,16,10,59,39,38,259
E00073392,44,24,39,56,13,7,62,36,28,309
E00073393,38,13,37,27,16,14,63,24,19,251
E00073394,73,12,34,29,22,21,94,57,25,367
E00073395,10,9,38,57,36,13,32,22,22,239
E00073397,49,9,26,21,7,24,58,22,22,238
E00073398,60,10,20,23,8,17,52,26,22,238
E00073399,34,13,32,36,21,19,55,31,16,257
E00073400,60,11,23,15,11,15,71,35,17,258
E00073401,55,8,25,18,10,6,68,34,18,242
E00073402,45,11,21,23,14,8,65,28,14,229
E00073403,51,14,24,29,14,22,66,33,22,275
E00073404,62,9,15,16,15,7,90,26,14,254
E00073405,50,20,24,27,14,24,72,27,37,295
E00073406,48,18,24,22,10,18,64,27,20,251
E00073407,39,12,28,30,9,10,80,34,21,263
E00073408,70,9,18,13,29,13,80,24,30,286
E00073409,38,12,23,27,26,8,55,25,29,243
E00073410,41,9,19,19,6,9,69,60,15,247
E00073411,42,11,28,25,13,12,73,29,32,265
E00073412,57,20,25,23,13,19,81,42,23,303
E00073413,34,17,23,23,21,21,51,39,19,248
E00073414,19,9,23,35,30,95,35,35,18,299
E00073415,44,4,7,5,5,160,43,19,14,301
E00073416,73,9,13,9,1,77,59,12,20,273
E00073419,68,6,11,11,10,52,86,31,9,284
E00073420,21,1,5,10,4,121,23,5,8,198
E00073421,18,5,13,10,9,314,15,14,9,407
E00073422,17,11,20,33,31,15,22,14,16,179
E00073423,39,3,14,11,16,85,45,14,12,239
E00073424,12,7,23,26,30,31,25,21,24,199
E00073425,49,7,4,15,2,227,46,18,6,374
E00073426,31,1,3,5,5,251,31,17,7,351
E00073431,68,4,12,13,6,286,57,21,19,486
E00073432,23,4,11,15,16,34,17,9,18,147
E00073433,44,10,7,8,12,358,49,14,13,515
E00073437,51,9,16,15,7,12,62,18,11,201
E00073439,96,2,7,6,3,18,69,18,25,244
E00073440,70,11,12,12,8,33,60,17,16,239
E00073441,14,4,24,35,41,13,22,22,19,194
E00073442,97,14,17,19,9,89,85,21,29,380
E00073443,86,3,7,15,5,28,52,16,22,234
E00073444,53,8,3,15,7,55,50,13,19,223
E00073445,61,5,12,7,3,96,42,13,7,246
E00073446,76,9,10,7,5,216,63,17,10,413
E00073447,41,8,17,28,12,32,37,19,17,211
E00073448,70,3,15,12,4,89,55,6,21,275
E00073449,82,4,2,4,7,33,40,13,13,198
E00073450,82,0,5,9,8,46,57,14,26,247
E00073451,85,6,5,10,8,19,77,19,27,256
E00073452,98,6,13,9,3,34,63,20,13,259
E00073453,67,4,13,14,10,100,54,15,17,294
E00073454,96,4,6,6,8,53,91,19,23,306
E00073455,75,1,13,16,10,40,77,19,26,277
E00073456,98,6,5,3,1,32,67,19,17,248
E00073457,64,4,10,3,7,21,64,17,14,204
E00073458,83,9,16,11,0,16,77,22,29,263
E00073461,56,5,10,11,4,20,53,15,21,195
E00073462,86,4,13,3,1,123,77,20,21,348
E00073463,32,9,13,19,12,20,41,28,18,192
E00073464,99,7,7,7,8,292,62,15,27,524
E00073465,83,7,14,9,8,63,81,18,30,313
E00073466,77,11,12,13,14,161,73,26,17,404
E00073467,80,8,10,8,6,29,64,22,18,245
E00073468,94,6,10,15,6,48,90,23,26,318
E00073469,59,5,11,9,10,21,63,17,19,214
E00073470,110,7,11,18,13,58,80,24,25,346
E00073471,29,9,15,12,13,26,49,19,13,185
E00073472,73,7,10,2,7,37,68,19,17,240
E00073473,24,3,11,14,16,179,46,9,10,312
E00073474,55,1,2,3,2,23,40,12,17,155
E00073476,64,4,6,13,4,61,65,15,15,247
E00073477,95,3,9,3,2,35,52,15,33,247
E00073478,87,3,7,8,1,31,53,19,11,220
E00073479,75,6,8,5,6,45,47,17,19,228
E00073480,87,1,9,6,9,25,77,24,20,258
E00073481,136,6,5,7,9,120,103,24,36,446
E00073482,80,6,12,12,7,131,69,24,27,368
E00073483,73,6,11,11,6,117,70,16,20,330
E00073484,79,5,8,1,11,18,60,20,15,217
E00073485,33,0,7,7,14,86,47,17,8,219
E00073486,59,17,14,58,8,78,57,21,35,347
E00073487,54,4,10,6,2,119,63,15,6,279
E00073488,39,1,14,7,3,116,51,15,12,258
E00073489,73,2,11,1,1,18,66,18,16,206
E00073490,75,10,10,9,10,57,48,19,18,256
E00073491,63,3,10,11,7,139,54,22,15,324
E00073492,92,3,11,4,8,56,63,9,28,274
E00073493,71,6,3,12,8,126,67,14,11,318
E00073494,32,1,8,5,9,187,58,23,24,347
E00073495,39,8,10,15,14,280,35,15,11,427
E00073496,84,8,9,11,8,273,64,22,14,493
E00073497,59,4,11,3,5,69,60,14,25,250
E00073498,72,4,5,6,7,24,57,16,23,214
E00073499,71,1,9,8,2,34,48,23,12,208
E00073500,64,8,10,10,5,208,70,17,14,406
E00073501,70,3,11,10,8,110,81,9,14,316
E00073502,102,9,10,4,8,120,50,27,21,351
E00073503,88,7,7,6,6,13,61,13,21,222
E00073504,54,2,13,9,6,152,45,18,17,316
E00073505,48,1,1,7,5,95,29,16,10,212
E00073506,89,6,7,5,7,65,52,17,20,268
E00073507,40,2,7,8,5,22,36,23,13,156
E00073508,64,4,5,3,2,78,56,13,9,234
E00073509,91,9,5,10,7,67,55,22,16,282
E00073510,63,4,9,3,2,105,57,18,10,271
E00073511,61,7,8,15,7,50,54,19,21,242
E00073512,84,0,5,4,5,92,83,11,15,299
E00073513,85,4,16,6,3,61,69,22,16,282
E00073514,48,5,10,10,4,174,68,10,22,351
E00073515,99,1,7,12,5,58,58,15,18,273
E00073516,79,8,15,9,5,147,58,23,8,352
E00073517,57,9,14,13,7,79,47,25,16,267
E00073518,74,4,8,4,6,47,48,18,16,225
E00073519,77,3,2,3,4,168,55,13,10,335
E00073520,94,11,12,15,2,49,74,20,17,294
E00073521,57,4,9,4,3,165,56,19,10,327
E00073522,56,2,14,17,4,81,77,18,16,285
E00073523,78,10,11,5,4,39,56,18,15,236
E00073524,87,7,7,7,3,78,54,15,15,273
E00073525,96,5,8,15,6,56,83,24,11,304
E00073526,41,5,13,13,4,159,51,7,12,305
E00073527,45,10,13,5,6,165,47,17,12,320
E00073528,56,7,20,13,16,92,72,26,13,315
E00073529,45,9,9,9,6,169,36,9,15,307
E00073530,61,5,10,7,27,102,59,23,16,310
E00073531,75,8,10,12,5,74,78,35,14,311
E00073532,92,8,15,11,7,213,97,30,26,499
E00073533,91,4,7,5,8,51,58,10,29,263
E00073534,72,5,10,7,4,72,52,15,21,258
E00073535,61,6,10,8,3,31,49,15,11,194
E00073536,47,3,16,10,7,15,71,26,8,203
E00073537,102,7,7,10,1,56,84,18,20,305
E00073538,79,2,8,4,4,39,67,25,19,247
E00073539,58,1,12,12,11,32,46,12,14,198
E00073540,60,4,5,6,7,34,52,11,13,192
E00073541,61,5,11,8,13,111,69,14,14,306
E00073542,64,5,8,6,7,97,53,18,13,271
E00073543,58,7,14,10,7,110,57,16,21,300
E00073544,71,7,9,16,4,63,41,18,28,257
E00073545,95,7,15,15,7,127,82,23,15,386
E00073546,51,2,10,9,3,240,52,17,10,394
E00073547,76,5,12,11,7,29,74,21,13,248
E00073548,40,5,13,16,7,224,56,24,18,403
E00073549,90,7,11,15,4,27,79,27,14,274
E00073550,50,6,9,6,4,143,49,27,15,309
E00073551,48,6,10,4,4,178,45,14,14,323
E00073552,59,6,11,12,12,50,55,38,21,264
E00073553,64,5,9,5,3,85,64,13,7,255
E00073554,52,3,16,7,4,114,45,9,14,264
E00073555,64,7,6,7,4,62,63,24,17,254
E00073556,32,3,6,8,3,146,30,11,8,247
E00073557,91,1,9,9,5,122,42,14,17,310
E00073558,72,2,10,6,8,86,80,25,14,303
E00073559,52,15,18,20,11,15,86,21,44,282
E00073560,29,17,31,47,24,12,63,32,24,279
E00073561,50,13,38,32,43,38,92,37,39,382
E00073562,51,4,29,40,41,25,78,33,50,351
E00073563,58,9,29,23,25,25,103,29,45,346
E00073564,48,12,22,30,6,14,94,22,37,285
E00073565,52,28,62,91,80,40,61,42,52,508
E00073566,24,6,28,19,35,19,44,18,10,203
E00073567,40,16,15,26,41,12,59,32,25,266
E00073568,57,12,25,22,26,21,84,25,38,310
E00073569,53,21,28,39,25,28,106,32,43,375
E00073570,53,8,30,24,17,23,83,22,38,298
E00073571,49,12,25,37,25,31,86,27,39,331
E00073572,42,13,17,32,26,24,62,32,27,275
E00073573,56,18,52,39,38,46,110,36,47,442
E00073574,41,12,35,40,39,19,55,36,25,302
E00073575,45,13,48,49,49,49,90,30,42,415
E00073576,59,13,34,35,29,18,59,38,43,328
E00073577,35,19,33,37,30,27,71,25,24,301
E00073578,61,10,31,33,27,22,75,18,32,309
E00073579,17,16,25,41,19,3,51,25,29,226
E00073580,43,17,42,42,24,15,85,21,32,321
E00073581,37,9,25,26,19,14,79,24,29,262
E00073582,55,11,20,22,1,23,82,37,30,281
E00073583,52,9,27,29,15,9,88,23,23,275
E00073584,43,10,30,42,19,29,64,31,30,298
E00073585,40,19,38,45,13,22,79,31,21,308
E00073586,49,7,20,32,11,2,69,19,31,240
E00073587,56,8,20,36,9,15,80,25,30,279
E00073588,8,14,27,41,26,13,17,14,12,172
E00073589,22,6,11,13,3,5,35,19,13,127
E00073590,73,19,32,43,28,24,92,33,32,376
E00073591,30,12,20,35,10,7,53,26,19,212
E00073592,36,15,25,30,5,11,62,22,25,231
E00073593,37,11,25,30,8,8,76,19,22,236
E00073594,51,10,24,34,11,12,69,27,23,261
E00073595,35,16,29,38,13,11,57,36,31,266
E00073596,40,15,29,53,8,18,68,25,26,282
E00073597,49,16,58,67,68,43,89,40,51,481
E00073598,38,12,27,38,22,28,56,52,31,304
E00073599,22,12,26,40,15,0,50,25,14,204
E00073600,37,11,26,30,21,161,43,31,28,388
E00073601,29,10,12,26,26,37,55,18,20,233
E00073602,30,21,31,36,10,25,58,32,34,277
E00073603,32,16,28,42,22,42,44,24,46,296
E00073604,38,10,35,30,36,29,70,36,36,320
E00073605,31,11,31,23,15,16,46,20,25,218
E00073606,44,17,34,37,26,14,76,44,30,322
E00073607,17,14,31,30,34,19,41,21,43,250
E00073608,30,14,25,33,27,24,42,23,30,248
E00073609,22,12,30,44,42,36,53,23,31,293
E00073611,26,18,34,38,34,38,66,31,41,326
E00073612,21,13,45,55,37,23,31,28,36,289
E00073613,21,12,27,39,15,30,38,24,15,221
E00073614,60,20,33,64,35,33,110,57,38,450
E00073615,51,22,31,28,23,21,70,43,33,322
E00073616,32,11,32,37,35,18,48,40,33,286
E00073617,25,8,24,22,14,14,53,29,33,222
E00073618,51,9,31,11,32,22,55,30,38,279
E00073619,65,14,23,20,13,27,60,35,43,300
E00073620,52,16,15,16,11,49,63,19,25,266
E00073621,68,9,25,15,20,32,86,27,33,315
E00073622,23,8,24,25,17,100,42,20,14,273
E00073623,49,11,27,27,17,27,68,28,31,285
E00073624,6,5,26,38,19,76,24,18,22,234
E00073625,40,9,24,20,6,101,49,33,17,299
E00073626,29,9,25,26,21,14,61,30,35,250
E00073627,54,14,28,28,12,53,101,32,40,362
E00073628,11,6,34,27,36,14,23,15,14,180
E00073629,40,14,24,37,20,22,86,33,32,308
E00073630,34,15,32,63,35,60,66,31,48,384
E00073631,48,11,23,22,13,23,86,30,21,277
E00073632,62,11,19,25,23,61,69,30,33,333
E00073633,25,17,17,33,11,13,54,19,32,221
E00073634,42,17,38,51,46,79,68,56,36,433
E00073635,39,10,26,26,12,26,85,30,44,298
E00073636,7,9,53,86,34,18,29,17,23,276
E00073637,14,25,56,66,24,24,34,21,27,291
E00073638,16,15,38,50,38,17,42,25,27,268
E00073639,21,20,41,54,18,18,62,37,22,293
E00073640,20,20,33,61,39,25,40,19,24,281
E00073641,12,21,44,59,37,23,32,31,14,273
E00073642,12,13,44,58,40,18,31,30,33,279
E00073643,15,15,46,71,33,20,35,38,19,292
E00073644,16,24,52,50,54,23,34,18,21,292
E00073645,10,10,39,58,54,23,14,15,17,240
E00073646,15,26,57,83,60,48,42,40,35,406
E00073647,23,17,46,53,17,22,43,47,31,299
E00073648,7,15,44,73,50,41,29,16,18,293
E00073649,17,17,36,60,43,15,35,23,20,266
E00073650,15,9,52,67,38,21,22,17,27,268
E00073651,35,34,65,59,19,21,54,33,19,339
E00073652,7,13,48,76,42,19,14,21,19,259
E00073653,3,14,25,53,33,9,16,7,12,172
E00073654,13,17,47,62,35,24,24,25,14,261
E00073655,15,24,42,80,45,27,33,25,27,318
E00073656,10,25,47,66,33,13,40,18,31,283
E00073657,10,19,31,52,31,23,23,21,28,238
E00073658,4,18,44,56,28,18,32,14,27,241
E00073659,9,18,36,53,24,23,34,27,19,243
E00073660,15,18,47,65,48,23,31,31,20,298
E00073662,8,13,52,62,40,21,29,27,19,271
E00073663,10,20,42,62,42,20,21,19,23,259
E00073664,4,12,34,41,36,2,17,17,18,181
E00073665,8,18,39,70,43,9,30,26,18,261
E00073666,55,8,28,32,10,17,94,39,34,317
E00073667,40,17,44,71,35,34,61,48,38,388
E00073668,9,22,39,51,29,29,30,27,16,252
E00073669,23,8,34,32,24,35,30,17,18,221
E00073670,10,12,42,49,20,6,32,20,14,205
E00073671,9,16,45,65,30,23,36,28,19,271
E00073672,39,8,24,18,15,70,80,40,21,315
E00073673,26,10,24,22,30,12,25,30,22,201
E00073674,31,16,34,43,25,13,55,34,20,271
E00073675,35,12,23,13,6,20,57,34,24,224
E00073676,37,14,34,36,23,61,72,30,47,354
E00073677,9,17,42,41,42,16,29,32,23,251
E00073678,9,12,33,47,29,26,18,15,18,207
E00073679,14,5,32,32,28,1,27,25,14,178
E00073680,8,10,39,41,34,28,16,23,24,223
E00073681,29,10,18,23,16,286,58,25,14,479
E00073682,33,18,39,42,30,19,40,32,33,286
E00073683,38,17,36,34,28,34,75,34,26,322
E00073684,29,14,16,45,26,80,37,28,23,298
E00073685,26,12,28,30,14,61,56,19,20,266
E00073688,13,15,35,50,26,21,33,19,27,239
E00073689,44,12,21,28,14,17,57,29,40,262
E00073690,34,14,29,30,17,65,56,32,22,299
E00073691,52,13,18,26,9,56,70,12,21,277
E00073692,40,7,51,30,11,69,66,41,37,352
E00073693,52,15,38,51,20,85,85,41,43,430
E00073695,45,4,29,32,13,22,48,33,31,257
E00073696,30,11,38,28,28,20,45,30,31,261
E00073697,35,17,29,27,14,36,64,28,37,287
E00073698,40,25,41,42,47,84,65,44,41,429
E00073699,31,17,27,51,27,54,44,33,15,299
E00073700,30,11,23,38,19,13,37,26,18,215
E00073701,28,15,23,30,17,7,53,24,21,218
E00073702,36,11,19,27,11,36,54,24,14,232
E00073703,26,6,24,28,28,25,33,20,22,212
E00073704,48,5,22,22,13,12,46,32,29,229
E00073705,50,17,25,16,11,9,65,41,22,256
E00073706,17,21,44,37,41,28,46,26,28,288
E00073707,29,15,21,19,14,28,46,28,34,234
E00073708,34,16,32,28,22,14,53,39,16,254
E00073709,7,9,36,54,27,24,21,26,30,234
E00073710,5,17,28,55,23,7,29,24,24,212
E00073711,28,24,43,39,15,19,69,53,41,331
E00073712,3,14,56,36,40,19,22,20,11,221
E00073713,14,24,67,67,39,14,39,26,21,311
E00073714,10,13,38,42,38,10,27,27,17,222
E00073715,16,25,61,58,46,16,30,35,21,308
E00073716,0,13,47,47,35,4,10,20,9,185
E00073717,10,14,46,39,28,11,29,21,28,226
E00073718,10,26,29,47,30,19,54,25,32,272
E00073719,31,18,46,71,34,12,58,38,39,347
E00073720,10,23,59,57,38,17,25,31,19,279
E00073721,9,23,35,58,31,3,25,17,18,219
E00073722,11,25,56,74,30,18,32,40,24,310
E00073723,14,19,48,76,26,6,30,35,19,273
E00073724,16,20,63,58,73,28,29,45,22,354
E00073725,7,20,47,46,16,11,23,38,12,220
E00073726,10,8,28,52,36,13,23,21,18,209
E00073727,19,13,33,35,23,7,22,22,19,193
E00073728,2,21,64,59,31,9,20,23,20,249
E00073729,10,13,33,52,26,21,32,18,17,222
E00073730,13,20,46,52,28,20,20,25,14,238
E00073731,10,12,48,49,39,9,21,23,18,229
E00073732,12,16,37,45,30,5,30,20,15,210
E00073733,9,15,39,45,23,9,26,24,19,209
E00073734,23,15,39,35,9,8,39,36,23,227
E00073735,45,20,14,27,15,11,52,34,28,246
E00073736,25,17,25,19,10,7,49,41,28,221
E00073737,19,18,38,42,13,13,39,37,37,256
E00073738,20,13,31,28,18,13,37,59,44,263
E00073739,31,22,36,36,15,19,53,53,30,295
E00073740,28,21,23,32,13,10,47,38,27,239
E00073741,19,23,35,28,12,7,41,46,21,232
E00073743,36,20,46,38,16,9,47,42,35,289
E00073744,15,22,51,60,29,26,21,29,27,280
E00073745,4,6,29,54,44,25,13,14,9,198
E00073746,30,14,26,39,6,15,43,28,18,219
E00073747,49,11,28,29,10,8,57,35,23,250
E00073748,27,19,82,86,40,38,58,53,27,430
E00073749,53,7,23,19,12,9,56,44,22,245
E00073750,14,7,36,44,17,20,35,28,18,219
E00073751,23,9,45,48,29,10,36,26,24,250
E00073752,60,23,50,57,38,18,82,63,41,432
E00073754,19,22,46,84,35,15,36,28,24,309
E00073755,7,11,46,46,30,10,24,15,13,202
E00073756,10,8,20,40,26,2,16,14,17,153
E00073757,42,20,26,24,11,12,54,32,20,241
E00073758,18,14,52,48,38,27,38,27,28,290
E00073759,20,12,49,50,40,19,34,27,32,283
E00073760,40,17,32,42,12,13,57,37,25,275
E00073761,22,22,57,66,23,19,43,40,20,312
E00073762,42,7,23,14,12,5,52,40,31,226
E00073763,22,13,45,50,12,22,42,34,26,266
E00073764,23,15,37,67,41,14,34,34,19,284
E00073765,27,23,27,44,13,11,37,30,15,227
E00073766,18,17,44,53,34,14,23,29,18,250
E00073767,15,19,57,46,36,18,50,31,28,300
E00073768,19,21,37,64,22,18,41,35,21,278
E00073769,15,17,43,52,30,13,34,24,18,246
E00073770,10,14,29,61,14,9,47,19,14,217
E00073771,22,16,36,43,22,16,45,29,22,251
E00073772,22,14,37,47,28,23,40,28,23,262
E00073773,11,15,52,45,22,17,38,24,24,248
E00073774,37,17,39,65,22,20,72,44,26,342
E00073775,27,22,49,77,29,27,47,25,15,318
E00073776,15,17,46,57,27,7,25,18,13,225
E00073777,18,13,38,38,35,11,33,23,19,228
E00073778,27,14,29,35,19,11,47,47,31,260
E00073779,63,9,22,10,7,6,64,35,21,237
E00073780,19,12,36,32,16,15,19,22,18,189
E00073781,20,19,39,38,15,21,37,48,43,280
E00073782,26,24,45,50,20,16,44,48,47,320
E00073783,24,30,39,48,17,9,51,51,24,293
E00073784,42,28,66,59,18,7,78,73,36,407
E00073785,14,21,56,57,50,7,37,41,25,308
E00073786,28,27,60,54,50,37,38,41,27,362
E00073787,29,19,38,42,11,23,43,53,36,294
E00073788,41,16,39,33,15,10,64,38,28,284
E00073789,16,21,37,45,12,8,50,49,22,260
E00073790,26,25,56,52,18,16,61,51,30,335
E00073791,11,11,46,43,27,12,27,21,18,216
E00073792,17,17,51,53,37,28,27,37,37,304
E00073793,43,15,47,41,17,14,50,36,31,294
E00073794,18,24,35,49,16,13,48,35,31,269
E00073795,20,23,53,42,10,14,52,48,24,286
E00073796,10,18,44,46,35,7,30,17,20,227
E00073797,30,15,30,33,20,11,35,29,21,224
E00073798,22,27,42,28,10,8,48,44,26,255
E00073799,21,16,50,50,27,20,45,27,31,287
E00073800,13,11,34,39,36,8,30,21,21,213
E00073801,25,16,45,27,17,9,50,40,15,244
E00073802,18,18,36,41,11,11,53,32,26,246
E00073803,25,20,31,36,24,13,42,32,26,249
E00073804,13,14,32,31,13,8,31,32,33,207
E00073805,18,18,26,33,22,19,41,38,19,234
E00073806,35,18,19,22,14,10,47,40,28,233
E00073807,27,17,32,34,31,11,40,34,31,257
E00073808,15,11,45,45,13,7,35,34,23,228
E00073809,29,6,41,27,13,7,62,42,34,261
E00073810,25,17,32,23,6,19,46,48,30,246
E00073811,23,13,37,34,17,13,51,42,31,261
E00073812,19,16,38,46,19,12,42,34,23,249
E00073813,27,13,39,30,28,5,37,40,33,252
E00073814,35,18,40,37,18,4,63,61,34,310
E00073815,37,24,44,47,27,16,58,41,38,332
E00073816,17,17,34,45,13,9,37,34,30,236
E00073817,21,25,60,48,45,14,39,21,28,301
E00073818,100,5,14,7,9,16,69,31,32,283
E00073819,71,6,14,14,10,7,66,23,28,239
E00073820,60,4,15,3,28,12,66,18,23,229
E00073821,42,4,18,13,29,7,58,11,16,198
E00073822,111,7,15,11,5,14,90,28,20,301
E00073823,60,7,16,11,22,8,47,29,11,211
E00073824,101,9,12,3,5,30,77,16,28,281
E00073825,76,11,11,6,4,33,95,23,17,276
E00073826,72,6,15,20,15,44,63,23,34,292
E00073827,104,2,12,8,10,27,86,19,24,292
E00073828,62,3,14,4,23,21,75,22,13,237
E00073829,60,2,5,8,2,18,73,23,12,203
E00073830,83,8,13,10,1,47,76,17,11,266
E00073831,83,4,11,8,4,27,66,19,14,236
E00073832,64,6,14,10,4,14,75,14,19,220
E00073833,73,6,16,5,9,17,92,35,26,279
E00073834,80,3,15,8,8,5,69,22,22,232
E00073835,96,5,11,7,5,11,64,30,23,252
E00073836,52,1,7,10,6,5,49,22,12,164
E00073837,53,6,20,10,14,15,83,39,22,262
E00073838,97,7,13,4,3,18,90,21,20,273
E00073839,95,7,11,3,8,27,67,25,18,261
E00073840,108,1,10,3,12,12,80,14,18,258
E00073841,87,3,8,9,10,13,79,22,19,250
E00073842,90,4,17,10,0,18,86,31,19,275
E00073843,69,7,19,19,7,14,96,30,26,287
E00073844,106,5,9,8,7,15,70,26,18,264
E00073845,87,6,11,11,12,10,76,29,18,260
E00073846,55,3,17,8,10,19,67,34,31,244
E00073847,71,10,24,16,14,23,60,22,25,265
E00073848,75,5,16,1,2,27,90,24,24,264
E00073849,91,5,11,17,6,34,89,23,29,305
E00073850,98,6,6,9,2,13,61,21,10,226
E00073851,65,2,14,10,10,19,66,19,21,226
E00073852,21,12,37,59,21,21,39,18,27,255
E00073853,38,10,33,23,13,18,59,42,26,262
E00073854,32,15,30,24,27,17,72,17,22,256
E00073855,26,12,25,24,16,9,42,36,23,213
E00073856,33,22,29,43,21,10,48,23,26,255
E00073857,37,12,40,46,26,37,69,40,25,332
E00073858,29,11,37,37,24,11,42,24,33,248
E00073859,74,20,46,58,22,26,101,65,34,446
E00073860,5,8,25,38,33,11,13,9,8,150
E00073861,38,17,37,36,36,16,79,35,18,312
E00073862,59,21,59,68,28,24,83,56,52,450
E00073864,49,25,52,52,19,15,99,61,45,417
E00073865,32,22,34,31,8,12,65,46,26,276
E00073866,43,14,27,39,19,29,68,36,22,297
E00073867,31,11,22,31,15,20,65,19,34,248
E00073868,36,16,13,16,13,24,63,34,22,237
E00073869,35,22,32,24,6,30,55,34,19,257
E00073870,32,17,34,43,29,34,47,30,20,286
E00073871,9,9,44,35,33,19,16,18,21,204
E00073872,30,12,37,45,22,9,71,47,41,314
E00073873,21,15,41,51,36,36,51,30,25,306
E00073874,21,21,47,46,40,23,34,25,27,284
E00073875,37,10,35,40,23,39,73,31,32,320
E00073876,17,12,40,49,44,38,40,24,32,296
E00073877,29,14,28,37,23,32,67,33,48,311
E00073878,11,14,45,41,29,17,30,20,25,232
E00073879,17,20,38,64,38,33,54,23,35,322
E00073880,16,23,50,58,34,22,38,26,31,298
E00073881,36,7,34,40,24,28,55,29,59,312
E00073882,22,10,40,46,23,16,55,22,26,260
E00073883,10,18,39,52,24,32,45,31,30,281
E00073884,20,12,37,29,22,39,46,16,22,243
E00073885,25,23,42,39,25,13,34,28,33,262
E00073886,37,11,41,39,17,16,63,30,31,285
E00073887,26,19,38,49,29,35,56,23,61,336
E00073888,17,13,31,50,23,31,53,36,37,291
E00073889,22,17,26,36,17,19,43,24,37,241
E00073890,14,17,43,43,27,27,40,26,28,265
E00073891,18,23,35,47,27,26,60,31,30,297
E00073892,37,8,28,17,13,69,65,24,18,279
E00073893,68,8,21,13,2,78,81,20,24,315
E00073894,66,7,19,18,11,97,85,25,24,352
E00073895,35,16,23,28,14,13,59,31,20,239
E00073896,25,13,42,32,33,35,26,28,34,268
E00073897,41,11,31,22,10,41,79,34,22,291
E00073898,34,19,24,48,23,27,63,40,21,299
E00073899,38,17,32,50,12,38,59,39,25,310
E00073900,74,11,15,18,14,22,72,38,26,290
E00073901,60,14,24,19,5,103,80,27,24,356
E00073902,47,8,17,20,5,61,62,37,15,272
E00073904,48,13,27,24,9,109,67,35,30,362
E00073905,115,22,36,37,18,72,118,45,28,491
E00073906,60,9,26,21,21,10,65,43,31,286
E00073907,69,10,16,18,8,9,89,31,23,273
E00073908,20,13,39,35,25,25,43,24,21,245
E00073909,15,14,42,40,31,11,36,20,14,223
E00073910,23,10,28,23,35,21,29,20,22,211
E00073911,63,7,13,12,9,29,66,27,21,247
E00073912,59,8,31,36,20,92,70,28,24,368
E00073913,60,9,21,27,20,28,62,41,20,288
E00073914,67,8,20,15,12,57,79,35,15,308
E00073915,44,13,30,25,15,230,67,17,27,468
E00073916,76,6,21,8,4,22,74,32,21,264
E00073917,74,12,15,20,10,16,109,45,20,321
E00073918,46,18,14,27,16,18,70,45,43,297
E00073919,33,17,32,45,32,38,54,42,32,325
E00073921,13,6,27,35,33,28,31,23,21,217
E00073922,51,13,25,33,10,14,84,30,26,286
E00073923,45,11,27,48,20,21,74,39,26,311
E00073925,50,10,19,35,18,85,59,42,26,344
E00073926,51,10,34,32,15,27,91,43,35,338
E00073927,58,14,25,36,17,21,72,31,24,298
E00073928,50,9,9,25,8,140,60,22,18,341
E00073929,50,10,24,41,11,9,47,30,13,235
E00073930,28,9,32,27,22,9,54,18,33,232
E00073931,20,13,26,39,19,23,44,28,16,228
E00073932,33,16,29,42,17,20,42,41,18,258
E00073933,10,10,34,38,28,14,30,18,14,196
E00073934,30,12,29,37,15,6,45,20,24,218
E00073935,19,13,36,61,22,21,43,29,27,271
E00073936,20,9,25,42,22,14,27,23,20,202
E00073937,14,19,41,69,28,21,24,27,21,264
E00073938,6,14,36,55,26,11,22,19,7,196
E00073939,13,15,56,67,20,26,43,24,23,287
E00073940,12,19,28,50,18,17,25,14,10,193
E00073941,19,13,41,68,20,21,27,30,12,251
E00073942,11,13,30,55,32,11,14,20,23,209
E00073943,12,11,42,78,32,25,25,34,26,285
E00073944,7,6,39,44,22,18,23,17,16,192
E00073945,14,10,29,67,24,12,40,21,14,231
E00073946,34,20,40,62,22,24,49,15,21,287
E00073947,7,18,44,58,27,20,29,21,28,252
E00073948,8,10,39,56,25,17,28,13,16,212
E00073949,6,12,30,65,35,5,20,16,8,197
E00073950,6,20,34,74,33,15,31,26,17,256
E00073951,11,16,48,50,32,11,23,16,12,219
E00073952,31,8,24,29,14,4,51,28,13,202
E00073953,12,11,35,57,15,5,39,20,16,210
E00073954,13,15,33,59,35,13,19,22,16,225
E00073955,87,7,17,6,6,13,89,32,34,291
E00073956,60,13,28,26,12,20,56,19,23,257
E00073957,35,11,27,24,15,6,65,22,22,227
E00073958,33,10,28,41,24,15,59,34,20,264
E00073959,53,15,22,21,15,9,75,36,21,267
E00073960,80,3,11,6,8,8,70,32,28,246
E00073961,19,13,39,44,30,11,53,24,30,263
E00073962,43,16,23,35,13,16,61,27,22,256
E00073963,45,16,31,33,15,14,75,38,37,304
E00073964,30,29,58,39,34,17,36,23,14,280
E00073965,24,13,45,46,15,21,41,39,21,265
E00073966,12,21,26,41,38,13,32,19,16,218
E00073967,80,9,9,10,8,15,77,23,25,256
E00073968,59,10,20,21,16,11,77,32,22,268
E00073969,58,12,27,31,12,6,67,28,31,272
E00073970,69,4,15,15,16,14,67,31,31,262
E00073971,74,6,15,9,8,14,91,31,23,271
E00073972,59,9,10,17,9,18,87,22,26,257
E00073973,65,9,23,35,32,20,61,27,41,313
E00073974,75,15,24,26,17,17,101,41,40,356
E00073975,52,8,21,11,6,14,75,34,24,245
E00073976,58,11,16,18,16,14,53,33,31,250
E00073977,73,20,23,30,10,23,91,39,27,336
E00073978,61,14,15,21,7,12,76,25,25,256
E00073979,57,11,20,13,10,15,74,27,25,252
E00073980,40,10,29,23,15,14,79,35,26,271
E00073981,16,8,30,53,30,15,38,32,22,244
E00073982,33,18,31,33,32,11,39,38,31,266
E00073983,45,11,32,29,11,17,77,51,22,295
E00073984,73,15,29,15,23,21,69,36,24,305
E00073985,16,14,37,45,21,17,44,36,23,253
E00073986,49,13,25,32,5,15,62,40,20,261
E00073987,21,15,47,47,32,21,53,24,32,292
E00073988,17,12,44,50,29,20,44,27,23,266
E00073989,23,14,45,51,21,22,57,40,39,312
E00073990,27,25,39,55,24,12,49,44,21,296
E00073991,60,16,40,34,17,28,80,43,39,357
E00073992,20,19,35,52,36,13,46,36,34,291
E00073993,24,20,39,56,29,17,38,28,30,281
E00073994,17,13,42,44,35,16,45,34,30,276
E00073995,21,18,36,67,31,11,34,24,22,264
E00073996,25,27,32,31,18,10,66,38,32,279
E00073997,14,10,30,32,24,7,30,25,23,195
E00073998,9,19,57,66,53,9,31,19,25,288
E00073999,11,18,43,54,39,24,31,32,26,278
E00074000,24,13,23,51,29,29,39,29,24,261
E00074001,32,9,30,39,33,42,49,18,21,273
E00074002,50,14,20,43,40,19,44,27,13,270
E00074003,38,25,55,87,21,30,70,38,19,383
E00074006,7,11,37,70,48,31,30,23,28,285
E00074007,62,16,14,16,12,15,58,30,6,229
E00074008,21,14,31,33,25,0,25,31,12,192
E00074009,22,10,44,55,46,38,33,22,25,295
E00074010,13,10,45,80,67,24,31,15,34,319
E00074011,27,14,29,45,37,28,22,18,23,243
E00074012,12,11,26,42,40,15,32,9,27,214
E00074013,23,15,28,36,43,34,49,29,37,294
E00074014,48,14,23,43,32,31,65,24,43,323
E00074016,14,15,34,54,67,27,30,16,34,291
E00074018,44,19,44,34,38,81,72,35,48,415
E00074019,6,13,38,49,83,21,20,9,41,280
E00074020,44,11,29,59,29,51,77,31,45,376
E00074021,13,11,26,50,56,43,23,17,36,275
E00074022,36,16,41,44,63,37,73,28,46,384
E00074023,19,33,51,81,75,62,51,26,46,444
E00074024,26,15,44,52,43,42,44,22,46,334
E00074025,21,14,51,63,57,53,43,22,51,375
E00074026,36,19,57,59,54,34,68,36,42,405
E00074027,3,8,34,48,59,16,24,14,23,229
E00074028,22,15,29,73,66,51,37,29,30,352
E00074029,9,13,46,79,79,47,16,18,38,345
E00074030,7,7,19,48,46,14,6,13,14,174
E00074032,3,12,32,65,53,17,21,14,27,244
E00074033,9,5,38,62,57,35,18,14,37,275
E00074034,14,8,30,46,32,42,29,30,29,260
E00074037,9,7,30,43,47,19,17,8,13,193
E00074038,8,6,37,48,49,12,19,12,18,209
E00074041,16,9,28,51,40,44,32,12,15,247
E00074042,6,9,25,35,41,9,13,13,19,170
E00074045,22,13,40,34,20,59,35,21,23,267
E00074046,45,17,50,44,41,73,67,35,39,411
E00074047,9,8,42,47,38,21,41,24,12,242
E00074048,37,6,29,18,16,39,60,25,31,261
E00074049,26,11,48,54,23,29,38,34,26,289
E00074050,10,8,31,34,11,7,40,19,14,174
E00074051,60,16,27,28,12,32,67,42,37,321
E00074052,48,15,24,18,14,22,65,29,22,257
E00074053,37,16,33,35,19,27,76,41,49,333
E00074054,21,9,48,34,48,49,48,26,38,321
E00074055,51,15,37,46,30,73,79,37,68,436
E00074056,40,11,32,45,15,38,67,34,42,324
E00074057,36,15,41,32,44,27,63,27,56,341
E00074058,40,9,31,34,15,48,86,25,50,338
E00074060,30,12,39,58,45,60,58,31,18,351
E00074061,27,10,51,41,34,54,47,37,20,321
E00074062,21,21,29,39,33,61,56,24,34,318
E00074063,19,11,36,47,24,26,50,20,19,252
E00074064,27,17,33,41,20,16,46,30,24,254
E00074065,20,19,32,51,21,21,34,27,21,246
E00074066,25,9,43,47,22,27,43,20,19,255
E00074067,31,17,27,40,21,16,35,27,20,234
E00074068,15,10,28,48,17,15,11,25,25,194
E00074069,19,8,36,48,20,21,48,25,24,249
E00074070,8,17,31,54,58,16,30,18,18,250
E00074071,9,6,26,28,25,13,16,11,13,147
E00074072,23,20,55,45,21,35,47,29,15,290
E00074073,31,12,30,34,21,48,46,32,17,271
E00074074,19,13,33,55,35,31,32,27,20,265
E00074075,41,11,20,25,11,43,50,27,24,252
E00074076,13,17,32,36,20,39,50,27,27,261
E00074077,17,21,47,50,33,43,47,22,23,303
E00074078,54,12,18,17,9,41,81,23,15,270
E00074079,87,2,16,9,3,29,74,23,30,273
E00074080,67,6,5,5,8,47,74,12,12,236
E00074081,159,12,16,10,8,62,109,36,27,439
E00074082,54,5,18,12,10,58,68,24,20,269
E00074083,79,6,15,16,4,69,49,14,23,275
E00074084,60,12,17,6,3,46,60,17,14,235
E00074085,63,0,18,8,4,19,57,22,18,209
E00074086,97,3,7,9,4,32,57,17,14,240
E00074087,108,9,8,12,3,46,85,16,14,301
E00074088,66,8,18,21,9,237,102,38,26,525
E00074089,81,4,9,7,6,94,68,23,19,311
E00074090,92,5,16,14,5,46,62,16,18,274
E00074091,74,8,5,9,10,41,53,26,19,245
E00074092,55,4,16,6,2,42,66,20,16,227
E00074093,91,6,16,10,16,31,78,36,33,317
E00074094,79,4,15,6,9,28,84,31,26,282
E00074095,83,13,12,16,3,47,73,21,18,286
E00074096,83,2,10,11,7,55,62,18,25,273
E00074097,85,4,6,5,9,28,78,29,22,266
E00074098,76,5,15,10,0,20,81,24,23,254
E00074099,72,4,12,4,9,25,75,24,11,236
E00074100,97,4,9,7,6,23,73,20,16,255
E00074101,69,7,12,12,54,11,84,34,16,299
E00074102,67,6,10,7,7,27,67,24,19,234
E00074103,85,3,13,11,2,36,92,22,27,291
E00074104,63,13,20,7,12,58,70,37,21,301
E00074105,131,6,21,13,17,17,85,30,17,337
E00074106,83,1,11,4,4,39,63,26,27,258
E00074107,68,1,10,10,12,18,64,20,13,216
E00074108,70,6,10,10,10,60,77,34,18,295
E00074109,112,4,6,12,11,67,97,23,20,352
E00074110,92,2,15,5,14,43,63,31,16,281
E00074111,80,6,13,13,5,23,71,22,15,248
E00074112,74,5,8,13,4,124,53,18,7,306
E00074113,78,9,11,8,3,16,69,25,18,237
E00074114,74,5,14,12,2,38,96,20,22,283
E00074115,22,16,43,68,41,16,42,32,35,315
E00074116,32,17,47,57,28,22,66,54,35,358
E00074117,37,12,33,22,7,11,67,35,27,251
E00074118,14,17,33,36,13,13,57,41,21,245
E00074119,32,31,52,43,14,19,71,47,31,340
E00074120,30,20,40,45,13,17,82,37,32,316
E00074121,18,18,42,52,19,8,54,48,35,294
E00074122,15,18,29,32,17,8,27,28,23,197
E00074123,19,20,40,47,29,20,40,38,36,289
E00074124,26,11,41,31,13,18,56,37,25,258
E00074125,32,24,37,38,12,6,46,43,34,272
E00074126,45,18,49,44,9,15,64,34,31,309
E00074127,35,13,32,38,11,19,49,27,25,249
E00074128,32,16,26,31,19,9,54,40,33,260
E00074129,30,22,40,33,21,14,47,29,30,266
E00074130,32,14,30,40,11,15,54,58,43,297
E00074131,40,12,28,25,3,18,82,37,50,295
E00074132,21,18,32,36,24,13,40,40,32,256
E00074133,39,17,29,20,16,5,58,26,23,233
E00074134,29,16,36,36,19,15,54,30,30,265
E00074135,27,21,45,40,18,20,68,44,32,315
E00074136,30,16,35,37,8,8,68,44,26,272
E00074137,38,13,22,31,7,6,64,28,32,241
E00074138,32,19,36,32,18,16,42,40,21,256
E00074139,56,22,26,22,5,9,78,26,27,271
E00074140,22,13,35,31,13,10,41,30,25,220
E00074141,32,17,46,34,12,19,50,48,30,288
E00074142,34,23,32,36,7,15,54,38,33,272
E00074143,25,16,41,51,17,19,64,38,29,300
E00074144,34,15,32,27,14,9,67,34,31,263
E00074145,28,19,26,29,7,19,57,44,33,262
E00074146,41,19,35,37,19,11,66,45,36,309
E00074147,36,21,44,49,18,17,72,43,36,336
E00074148,27,14,31,40,4,10,66,29,32,253
E00074149,27,21,48,51,50,19,68,53,32,369
E00074150,10,11,40,35,23,16,28,19,16,198
E00074151,29,16,44,52,18,15,48,36,31,289
E00074152,19,10,35,35,18,17,40,30,35,239
E00074153,25,17,35,48,13,11,62,30,14,255
E00074154,22,13,41,54,25,22,57,33,26,293
E00074155,28,14,32,43,22,37,70,35,21,302
E00074156,27,23,35,46,50,17,46,31,29,304
E00074157,21,13,41,41,19,18,40,37,30,260
E00074158,39,10,37,30,15,9,63,28,36,267
E00074159,12,19,43,47,44,39,33,33,26,296
E00074160,24,23,38,34,18,16,52,36,29,270
E00074161,70,15,47,51,27,19,81,38,30,378
E00074162,11,16,47,46,30,23,26,28,27,254
E00074163,23,13,38,46,21,17,38,36,26,258
E00074164,30,21,28,27,7,16,60,33,26,248
E00074165,19,20,39,46,36,24,37,31,33,285
E00074166,47,14,37,40,14,18,81,49,31,331
E00074167,27,12,29,29,29,19,26,29,28,228
E00074168,39,7,27,23,16,9,67,25,29,242
E00074169,63,9,22,15,3,9,86,24,25,256
E00074170,34,15,29,38,29,23,77,35,35,315
E00074171,30,11,24,48,16,10,56,35,22,252
E00074172,35,23,31,44,19,20,46,37,30,285
E00074173,44,10,38,29,8,18,80,38,25,290
E00074174,58,26,30,29,18,24,101,43,40,369
E00074175,39,22,48,48,30,20,62,44,27,340
E00074176,42,18,15,24,15,13,62,37,27,253
E00074177,29,9,27,31,13,13,55,29,18,224
E00074178,42,17,25,23,24,5,76,24,40,276
E00074179,32,17,25,52,27,21,59,41,33,307
E00074180,38,23,45,47,20,15,67,47,46,348
E00074181,51,10,37,52,21,13,86,36,35,341
E00074182,16,12,28,56,40,12,22,14,22,222
E00074183,42,6,14,25,26,17,57,24,26,237
E00074184,45,14,24,22,9,12,58,35,30,249
E00074185,53,12,11,17,8,11,74,24,30,240
E00074186,60,10,15,32,10,15,69,38,46,295
E00074187,34,8,22,33,6,4,78,31,23,239
E00074188,29,12,21,12,7,15,58,16,21,191
E00074189,44,11,32,22,8,9,68,20,15,229
E00074190,48,18,29,31,14,14,60,38,32,284
E00074191,36,22,28,62,49,17,82,36,27,359
E00074193,6,18,54,64,47,33,22,19,27,290
E00074194,20,9,29,33,18,4,24,25,13,175
E00074195,24,20,36,34,7,7,64,33,11,236
E00074197,18,6,44,41,28,20,33,16,15,221
E00074198,16,20,50,62,36,19,42,25,23,293
E00074199,25,19,51,56,35,32,41,31,26,316
E00074200,17,18,31,54,39,32,43,22,21,277
E00074201,28,15,52,68,32,57,61,35,31,379
E00074202,29,27,49,66,47,20,48,27,26,339
E00074203,5,8,40,35,24,6,20,22,15,175
E00074204,29,22,68,66,33,46,69,33,25,391
E00074205,20,15,35,61,28,21,37,29,21,267
E00074206,16,10,38,53,42,33,27,24,14,257
E00074207,13,18,45,62,24,33,40,36,27,298
E00074208,24,17,53,60,28,23,42,26,22,295
E00074209,22,16,40,68,47,41,55,27,33,349
E00074210,7,19,46,65,44,34,27,32,20,294
E00074211,7,14,36,74,36,23,31,23,33,277
E00074212,42,10,24,37,11,11,59,33,37,264
E00074213,46,14,47,43,49,5,97,54,22,377
E00074214,26,15,59,68,24,31,65,29,25,342
E00074215,10,12,48,83,49,21,33,22,26,304
E00074216,15,9,37,75,21,23,30,24,26,260
E00074217,10,23,36,66,34,26,36,31,20,282
E00074218,4,19,31,57,26,14,31,27,20,229
E00074219,19,25,42,51,27,40,59,35,30,328
E00074220,24,22,41,85,33,31,62,33,21,352
E00074221,9,17,36,65,39,25,35,16,16,258
E00074222,20,9,22,22,17,10,47,20,19,186
E00074223,27,9,33,37,7,7,44,47,23,234
E00074224,20,17,31,16,8,12,57,25,19,205
E00074225,39,16,32,31,7,9,67,34,17,252
E00074226,27,10,21,38,10,13,58,39,24,240
E00074227,21,19,37,52,21,17,45,33,20,265
E00074228,75,11,12,12,5,16,100,29,23,283
E00074229,23,18,36,39,34,11,39,28,26,254
E00074230,107,12,15,30,7,30,91,30,34,356
E00074231,71,10,16,17,7,28,69,17,27,262
E00074232,8,7,34,50,40,9,21,12,9,190
E00074233,11,11,24,40,40,12,23,18,16,195
E00074234,64,9,19,22,15,14,48,19,27,237
E00074235,31,9,21,48,35,10,38,26,23,241
E00074236,80,9,17,24,6,15,94,32,22,299
E00074237,107,16,24,31,9,33,102,31,28,381
E00074238,65,15,18,28,19,30,72,31,21,299
E00074240,62,9,30,37,8,36,92,31,32,337
E00074241,95,6,12,16,5,29,81,18,17,279
E00074243,89,9,14,13,6,28,80,34,20,293
E00074244,85,13,24,26,9,10,102,30,27,326
E00074245,79,3,13,14,7,25,66,22,20,249
E00074246,81,7,7,12,8,19,93,24,22,273
E00074247,87,10,20,21,9,20,102,35,33,337
E00074248,77,6,13,6,6,27,83,26,23,267
E00074250,64,7,14,18,6,21,77,18,26,251
E00074251,91,6,16,17,5,15,61,29,18,258
E00074252,70,10,18,7,3,21,60,37,23,249
E00074253,63,13,10,27,11,27,72,30,17,270
E00074254,31,11,22,38,28,26,52,23,14,245
E00074255,4,12,27,46,41,2,11,9,16,168
E00074256,58,12,17,14,8,8,91,25,24,257
E00074257,69,13,16,20,6,15,104,37,24,304
E00074258,112,15,28,26,10,19,138,41,25,414
E00074259,14,11,37,52,32,10,29,19,9,213
E00074260,45,9,22,36,13,12,70,36,24,267
E00074261,70,14,32,24,15,4,73,42,27,301
E00074262,42,12,25,33,15,7,59,49,41,283
E00074263,77,4,16,28,16,40,68,27,30,306
E00074264,87,17,36,29,35,22,106,28,18,378
E00074265,81,10,31,18,6,18,87,33,23,307
E00074266,23,21,39,30,7,9,41,39,36,245
E00074267,32,10,30,34,16,9,56,29,19,235
E00074268,27,17,40,44,15,20,48,34,26,271
E00074269,17,19,32,34,11,8,48,39,34,242
E00074270,24,15,35,20,7,11,55,46,46,259
E00074271,16,23,45,43,30,5,37,41,26,266
E00074272,16,15,45,43,15,8,33,27,15,217
E00074273,17,16,40,58,18,15,42,35,26,267
E00074274,10,15,39,35,26,8,39,25,21,218
E00074275,44,19,35,31,16,18,75,68,45,351
E00074276,12,16,46,51,37,7,43,41,34,287
E00074277,27,19,37,35,10,11,51,47,41,278
E00074278,20,21,38,26,10,9,62,35,23,244
E00074279,54,19,40,38,24,32,69,57,50,383
E00074280,20,12,41,25,12,6,43,44,23,226
E00074281,22,12,24,34,15,4,49,42,20,222
E00074282,27,22,40,34,17,22,53,40,38,293
E00074283,24,25,39,38,15,9,39,48,25,262
E00074284,9,7,29,44,16,5,28,24,22,184
E00074285,20,23,31,41,15,17,40,45,29,261
E00074286,16,11,38,45,17,6,33,23,11,200
E00074287,8,26,47,39,31,6,32,28,13,230
E00074288,34,24,62,54,20,7,62,51,31,345
E00074289,22,15,26,29,16,16,43,36,26,229
E00074290,11,10,49,45,25,11,31,29,9,220
E00074291,14,11,37,41,18,6,29,20,18,194
E00074292,29,20,41,24,9,11,56,49,27,266
E00074293,34,16,50,42,15,10,41,54,31,293
E00074294,15,10,29,50,38,6,19,20,15,202
E00074295,17,20,42,63,21,17,38,33,33,284
E00074296,37,13,25,29,19,15,53,62,34,287
E00074297,53,16,40,37,34,30,76,55,44,385
E00074298,17,24,36,36,26,7,41,23,19,229
E00074299,15,25,43,34,23,18,38,28,14,238
E00074300,33,22,52,28,19,16,72,49,36,327
E00074301,84,5,18,8,12,25,70,26,23,271
E00074302,60,9,30,28,38,26,62,31,25,309
E00074303,66,3,7,5,4,9,62,22,23,201
E00074304,59,4,6,3,8,14,74,22,31,221
E00074306,67,3,9,7,10,9,63,29,27,224
E00074307,95,5,7,7,7,15,72,35,37,280
E00074308,80,6,17,7,4,12,56,25,30,237
E00074309,99,3,8,7,6,25,47,31,33,259
E00074310,81,2,7,6,12,11,68,37,18,242
E00074311,58,3,9,10,11,3,48,15,18,175
E00074312,57,4,5,9,4,17,58,24,20,198
E00074314,92,3,5,9,3,22,58,21,25,238
E00074315,83,3,10,3,7,14,72,20,24,236
E00074316,97,8,13,2,7,10,69,24,18,248
E00074317,88,5,20,4,1,8,68,27,25,246
E00074318,71,2,12,4,14,14,80,34,19,250
E00074319,81,4,9,4,3,25,80,33,36,275
E00074320,96,9,17,11,8,12,65,35,28,281
E00074321,79,6,11,13,8,17,78,24,24,260
E00074322,108,9,13,9,5,17,67,21,26,275
E00074323,103,1,10,7,11,20,56,30,27,265
E00074324,88,6,20,5,4,13,66,21,21,244
E00074325,48,3,6,18,10,10,57,18,21,191
E00074326,60,4,15,6,16,20,60,15,15,211
E00074327,35,3,13,6,7,1,73,30,10,178
E00074328,54,3,21,8,8,14,74,22,22,226
E00074329,99,2,10,5,8,21,59,31,20,255
E00074330,71,7,18,20,22,10,83,61,31,323
E00074331,93,9,19,4,5,63,80,33,11,317
E00074332,77,8,20,10,10,17,76,24,25,267
E00074333,78,6,19,22,47,4,89,40,32,337
E00074334,61,4,18,17,8,12,75,26,17,238
E00074335,71,3,19,11,8,20,62,24,17,235
E00074336,77,8,38,28,15,3,75,44,20,308
E00074337,62,10,15,12,15,8,47,33,18,220
E00074338,79,4,18,4,17,20,72,26,22,262
E00074339,66,2,26,15,18,14,64,19,24,248
E00074340,71,10,20,17,9,12,67,31,24,261
E00074341,58,11,19,14,10,16,74,26,29,257
E00074342,90,4,23,8,21,16,82,40,25,309
E00074343,28,16,18,27,20,10,39,31,11,200
E00074344,38,6,11,18,14,9,58,24,13,191
E00074345,65,3,11,9,10,11,58,20,30,217
E00074346,51,8,9,14,3,11,60,21,37,214
E00074347,73,10,15,8,15,17,71,30,16,255
E00074348,16,14,29,33,23,8,29,18,12,182
E00074349,61,6,21,13,19,10,57,30,22,239
E00074350,53,9,27,14,13,8,63,29,19,235
E00074351,47,10,21,15,13,10,64,34,22,236
E00074352,76,3,9,14,10,10,67,29,22,240
E00074353,79,2,9,14,5,6,86,15,20,236
E00074354,77,4,16,8,5,21,68,24,26,249
E00074355,83,3,11,9,8,19,60,26,19,238
E00074356,106,3,4,6,3,12,58,28,20,240
E00074357,86,6,20,14,11,17,59,28,23,264
E00074358,83,4,16,9,7,14,81,15,22,251
E00074359,66,3,7,8,13,10,55,40,20,222
E00074360,93,6,6,4,5,23,73,31,19,260
E00074361,81,0,11,12,10,23,79,32,16,264
E00074362,94,1,21,6,13,16,73,30,26,280
E00074363,23,25,30,29,12,14,55,36,31,255
E00074364,11,4,56,58,34,14,27,22,18,244
E00074365,22,19,27,29,13,9,52,63,30,264
E00074366,14,23,53,59,24,6,35,28,35,277
E00074367,3,13,62,62,60,15,27,31,26,299
E00074368,27,25,35,47,18,8,51,39,24,274
E00074369,12,12,40,41,20,11,23,27,20,206
E00074371,9,19,28,50,24,16,28,13,15,202
E00074372,7,8,50,54,31,8,22,19,20,219
E00074373,17,26,40,58,25,11,48,55,25,305
E00074374,7,10,35,62,24,13,23,14,20,208
E00074375,5,18,59,76,39,37,23,24,21,302
E00074376,29,24,41,42,15,8,47,49,26,281
E00074377,9,19,48,61,46,24,30,23,21,281
E00074378,26,15,31,42,16,5,38,48,32,253
E00074379,25,21,39,36,11,8,47,36,26,249
E00074380,29,19,39,21,11,4,60,39,22,244
E00074381,22,15,29,27,9,8,32,34,28,204
E00074382,25,12,35,39,17,6,47,46,35,262
E00074383,8,19,41,37,32,11,28,21,19,216
E00074384,5,15,55,59,33,16,12,12,22,229
E00074385,9,13,39,65,42,16,22,23,16,245
E00074386,38,12,40,35,6,6,54,49,31,271
E00074387,7,17,41,47,22,6,24,26,21,211
E00074388,32,20,23,24,12,3,42,48,19,223
E00074389,10,15,43,53,31,20,26,29,15,242
E00074390,9,5,28,27,40,9,8,14,9,149
E00074391,4,7,37,55,42,10,11,20,11,197
E00074392,5,11,40,56,34,17,24,27,19,233
E00074393,9,15,37,55,49,23,18,20,17,243
E00074394,9,15,28,55,35,15,12,19,17,205
E00074395,9,18,45,56,42,15,18,25,12,240
E00074396,19,19,35,25,8,12,71,47,27,263
E00074397,7,17,47,54,37,18,22,29,24,255
E00074398,32,14,46,36,16,11,53,36,46,290
E00074399,77,12,13,23,16,14,85,35,16,291
E00074400,37,13,59,73,37,41,67,49,32,408
E00074401,98,9,22,18,10,17,107,40,24,345
E00074402,81,7,20,13,6,7,110,26,26,296
E00074403,89,18,15,17,4,15,116,42,27,343
E00074404,59,13,24,23,25,20,83,22,28,297
E00074405,47,20,35,39,17,19,66,48,27,318
E00074406,28,21,39,64,43,34,56,37,21,343
E00074407,79,16,46,49,32,22,81,42,31,398
E00074408,49,26,32,58,36,24,77,36,20,358
E00074411,82,21,49,61,36,38,115,41,38,481
E00074412,15,13,30,53,36,18,31,21,22,239
E00074413,62,14,19,27,19,18,69,40,28,296
E00074414,58,11,16,11,10,20,81,28,11,246
E00074415,62,9,12,23,10,16,80,31,23,266
E00074416,68,2,18,19,16,23,92,25,38,301
E00074417,70,13,23,22,14,16,77,30,17,282
E00074418,53,9,17,18,4,7,62,26,17,213
E00074419,74,3,18,20,9,9,80,24,18,255
E00074420,90,13,21,21,12,14,88,32,25,316
E00074421,47,12,18,24,22,13,71,28,17,252
E00074422,40,12,35,24,14,17,49,25,28,244
E00074423,70,9,15,21,6,11,80,25,35,272
E00074424,43,11,19,13,6,15,69,25,12,213
E00074425,61,6,21,17,4,17,64,32,23,245
E00074426,70,5,10,19,8,18,76,26,22,254
E00074427,71,10,24,28,12,14,64,34,23,280
E00074428,75,1,19,11,5,11,87,26,33,268
E00074429,71,12,20,24,13,8,74,30,31,283
E00074430,56,11,25,16,19,25,78,28,29,287
E00074431,81,13,18,36,17,31,120,28,38,382
E00074432,82,8,24,23,5,16,90,33,16,297
E00074433,85,9,7,13,7,12,84,26,21,264
E00074434,37,8,30,32,24,14,56,17,20,238
E00074435,60,14,33,20,8,5,83,25,21,269
E00074436,63,14,28,24,18,22,79,47,31,326
E00074437,68,11,21,25,11,28,91,33,22,310
E00074438,76,11,26,18,10,15,78,38,40,312
E00074439,16,9,15,31,20,7,36,12,18,164
E00165771,29,13,47,52,35,143,52,24,21,416
E00165772,27,9,8,3,3,28,31,12,5,126
E00174043,29,2,4,2,4,278,54,14,9,396
E00174044,30,11,31,38,27,75,44,22,36,314
E00174046,47,4,9,9,3,170,58,20,8,328
E00174053,51,11,29,37,32,30,58,26,16,290
E00174058,31,7,27,29,20,44,53,26,27,264
E00174214,30,9,21,32,10,40,46,21,19,228
E00174215,29,14,26,40,20,28,34,18,13,222
E00174218,96,10,17,20,7,143,85,21,15,414
E00174220,30,0,3,1,4,15,39,10,13,115
E00174221,56,3,12,6,14,22,32,21,12,178
E00174225,36,4,14,10,5,20,35,13,11,148
E00174226,46,5,19,22,25,55,71,30,7,280
E00174228,24,11,22,23,33,59,35,22,22,251
E00174229,19,19,45,74,44,41,73,37,28,380
E00174231,32,3,6,11,4,250,23,15,6,350
E00174232,59,16,29,36,16,30,73,29,17,305
E00174234,71,17,25,33,15,28,108,32,18,347
E00174237,33,6,33,31,16,63,45,40,20,287
E00174239,8,4,12,12,9,13,17,6,8,89
E00174243,71,7,12,10,12,101,66,20,8,307
E00174245,57,7,9,14,6,14,42,15,12,176
E00174246,11,11,19,36,19,43,38,19,10,206
E00174248,43,6,12,12,0,11,51,24,7,166
E00174249,35,9,13,11,15,306,42,17,12,460
E00174251,54,16,37,69,45,45,84,53,36,439
E00174253,43,4,20,24,23,21,49,27,17,228
E00174254,10,10,32,45,28,22,25,19,20,211
E00174256,89,5,9,10,6,24,78,23,16,260
E00174257,100,13,19,22,14,24,79,44,8,323
E00174259,43,20,29,18,28,13,63,35,24,273
E00174260,20,7,26,25,27,14,26,12,16,173
E00174262,61,11,23,24,16,77,60,25,11,308
E00174263,44,7,7,16,4,27,34,15,8,162
E00174273,12,17,26,45,53,31,28,11,31,254
E00174275,53,3,7,8,4,8,47,12,14,156
E00174276,45,14,24,30,5,13,57,21,17,226
E00174277,95,5,16,12,12,10,66,19,11,246
E00174278,112,16,12,17,7,14,130,53,31,392
E00174279,24,8,10,19,12,51,51,22,12,209
E00174280,19,14,34,27,24,7,31,22,23,201
E00174281,54,6,22,24,13,26,52,14,14,225
E00174282,71,23,27,40,13,37,86,33,24,354
E00174283,44,8,29,24,22,20,73,29,15,264
E00174284,96,1,9,15,10,77,58,19,5,290
E00174286,56,10,18,15,12,7,65,25,11,219
E00174287,51,5,10,10,5,23,40,23,11,178
E00174288,32,19,20,22,26,29,42,29,20,239
E00174289,37,10,14,24,16,38,61,24,16,240
E00174290,14,11,31,46,39,17,17,12,15,202
E00174291,65,14,23,26,7,20,80,31,26,292
E00174292,52,13,16,22,11,12,95,29,12,262
E00174293,76,11,12,19,6,326,52,12,15,529
E00174294,55,5,8,16,91,127,39,23,15,379
E00174295,49,5,4,13,3,754,28,13,7,876
E00174296,86,9,17,9,15,123,60,25,15,359
E00174298,6,1,7,13,6,308,21,6,5,373
E00174299,87,9,19,24,10,19,76,21,12,277
E00174300,73,4,6,14,4,18,50,32,10,211
E00174302,31,5,7,12,14,18,28,10,7,132
E00174303,55,7,7,3,4,9,74,26,14,199
E00174304,32,3,21,20,31,13,37,23,11,191
E00174305,12,10,11,34,34,25,14,7,16,163
E00174306,12,15,46,35,32,24,22,23,18,227
E00174307,47,4,10,4,7,362,33,9,9,485
E00174309,56,4,6,5,4,14,46,9,7,151
E00174311,48,3,6,4,5,15,57,15,8,161
E00174312,40,3,11,2,3,180,23,10,4,276
E00174313,45,6,16,12,13,8,46,17,6,169
E00174314,20,3,21,38,12,14,22,26,16,172
E00174315,78,8,13,24,17,24,79,31,34,308
E00174316,45,5,12,9,3,133,28,13,6,254
E00174317,46,9,6,6,5,3,26,8,4,113
E00174318,30,6,5,4,2,11,28,11,9,106
E00174319,10,3,20,35,29,29,16,13,11,166
E00174320,23,7,27,26,19,23,37,25,25,212
E00174321,10,7,8,11,8,535,12,11,6,608
E00174322,4,3,25,28,42,19,9,10,17,157
E00174323,13,7,26,48,55,5,23,4,11,192
E00174324,35,9,20,16,8,390,23,20,14,535
E00174325,98,13,18,12,8,56,81,29,22,337
E00174326,21,8,41,59,46,27,46,42,42,332
E00174327,37,16,27,34,14,35,59,40,33,295
E00174328,33,10,19,18,13,54,37,24,8,216
E00174329,33,6,23,28,29,41,58,31,21,270
E00174331,32,2,5,4,0,9,19,10,7,88
E00174332,68,8,9,12,6,32,64,14,19,232
E00174333,64,4,14,6,3,55,55,17,9,227
E00178043,54,6,11,12,15,51,47,15,6,217
E00178044,56,5,5,8,2,468,53,14,4,615
E00178045,31,9,9,10,5,212,36,23,6,341
E00178046,73,10,14,13,8,1440,61,22,13,1654
E00178047,58,4,15,17,4,2,55,19,20,194
E00178048,59,6,4,4,13,30,41,11,0,168
E00178049,67,4,13,9,11,19,67,24,12,226
E00178050,2,6,36,57,47,61,16,11,22,258
E00178051,10,7,53,47,44,24,22,15,11,233
E00178052,47,5,17,14,17,50,55,24,15,244
E00178053,139,4,15,6,8,15,123,23,13,346
E00178054,30,7,23,16,11,25,49,14,16,191
E00178055,33,0,7,7,2,4,32,12,4,101
E00178056,33,4,8,13,3,756,32,15,13,877
E00178057,105,8,22,25,11,54,116,38,27,406
E00178058,39,2,4,12,17,21,34,6,5,140
E00178059,84,16,18,17,13,21,67,19,15,270
E00178060,131,4,10,15,13,17,113,19,21,343
E00178061,80,11,15,15,12,24,98,38,22,315
E00178062,43,16,39,38,17,19,78,32,16,298
E00178063,25,4,19,15,27,4,21,20,13,148
E00178064,48,2,10,3,3,2020,29,9,6,2130
E00178065,49,2,14,7,5,14,69,15,10,185
E00178066,54,4,3,6,6,357,33,19,7,489
E00178067,19,6,22,27,24,8,30,22,20,178
E00178068,11,4,14,15,6,31,32,7,10,130
E00178069,155,9,14,11,6,10,119,32,16,372
E00178070,15,20,32,42,12,5,45,39,26,236
E00178071,32,2,23,28,8,8,56,18,9,184
E00178072,92,7,9,5,10,176,60,10,10,379
E00178073,75,6,7,2,0,27,45,13,9,184
E00178074,90,4,12,11,6,48,75,17,25,288
E00178075,38,1,2,7,6,3,30,10,14,111
E00178076,111,5,8,11,8,29,70,21,10,273
E00178077,42,4,7,1,3,6,16,4,15,98
E00178078,3,5,14,31,37,7,9,8,20,134
E00178079,167,9,16,9,9,44,134,30,33,451
E00178080,12,20,58,76,50,51,30,21,36,354
E00178081,26,6,16,16,13,2,26,15,5,125
E00178082,45,8,25,33,7,14,57,22,17,228
E00178083,51,6,17,10,9,190,68,16,16,383
E00178084,112,24,38,32,10,26,169,74,42,527
E00178085,12,10,17,14,0,15,16,8,9,101
E00178086,95,3,14,5,5,20,91,30,16,279
E00178087,31,11,38,33,37,78,60,18,34,340
E00178088,52,1,5,5,2,13,32,7,2,119
E00178089,10,11,26,62,69,44,16,14,47,299
E00178090,32,3,17,13,7,19,33,19,12,155
E00178091,30,10,25,38,17,12,45,30,16,223
E00178092,49,21,41,47,26,31,79,59,38,391
E00178093,72,4,4,4,7,24,33,9,10,167
E00178094,15,8,10,17,2,6,40,19,22,139
E00178095,26,9,12,9,8,21,24,18,7,134
E00178096,21,5,3,8,1,155,29,8,7,237
E00178097,50,0,9,4,3,10,37,2,13,128
E00178098,47,12,19,17,28,24,43,23,19,232
E00178099,42,2,12,8,6,27,60,22,29,208
E00178100,68,5,4,7,7,38,44,13,11,197
E00178101,82,5,6,8,7,16,61,17,8,210
E00178102,15,20,52,57,40,32,36,16,27,295
E00178103,83,8,8,5,4,6,78,22,14,228
E00178104,14,21,30,68,31,23,30,17,17,251
E00178105,42,3,8,5,8,0,36,10,12,124
E00178106,67,1,6,7,7,403,55,9,25,580
E00178107,35,6,9,9,5,10,40,16,10,140
E00178108,70,12,39,29,32,33,105,44,28,392
E00178109,77,2,7,3,8,13,49,9,5,173
E00178110,35,14,9,7,6,9,56,16,13,165
E00178111,30,1,3,3,5,40,14,2,5,103
E00178112,173,4,11,11,17,34,98,17,23,388
E00178113,10,11,32,49,24,19,42,20,24,231
E00178114,75,6,10,5,2,555,46,12,5,716
E00178115,45,1,6,2,0,9,36,11,7,117
E00178116,3,0,10,29,20,24,13,4,14,117
E00178117,111,22,25,36,45,33,105,51,25,453
E00178118,45,24,30,26,11,9,79,51,17,292
E00178119,13,19,37,54,24,14,24,33,22,240
