Row Labels,Any other combination of only UK identities,British only identity,Cornish and British only identity,Cornish only identity,Does not apply,English and British only identity,English only identity,Irish and at least one UK identity,Irish only identity,Northern Irish and British only identity,Northern Irish only identity,Other identity and at least one UK identity,Other identity only,Scottish and British only identity,Scottish only identity,Welsh and British only identity,Welsh only identity,TotalIde
E00073143,3,199,1,1,0,44,18,4,4,0,0,22,52,0,1,3,8,360
E00073145,0,258,0,0,0,26,20,0,1,0,0,12,91,1,0,3,5,417
E00073147,1,377,0,0,0,33,25,0,0,0,0,23,70,0,1,3,3,536
E00073148,1,140,0,2,0,30,21,0,5,0,0,14,70,0,1,5,3,292
E00073150,1,270,0,0,0,43,37,1,3,0,0,20,68,1,2,7,7,460
E00073152,5,270,2,1,0,42,24,5,6,0,1,14,25,0,5,1,6,407
E00073153,2,317,0,0,0,60,35,1,3,0,3,15,63,0,9,2,7,517
E00073154,4,228,0,0,0,38,34,2,4,0,4,25,31,0,1,1,7,379
E00073155,2,198,0,2,0,52,27,3,4,0,2,16,42,0,3,2,10,363
E00073156,0,178,0,0,0,30,16,3,0,0,0,15,35,0,3,2,6,288
E00073157,2,259,0,0,0,53,20,5,5,0,0,22,20,0,2,4,19,411
E00073158,1,226,0,1,0,30,25,1,2,0,0,6,45,0,0,3,2,342
E00073159,1,201,0,1,0,48,20,3,2,1,2,18,32,0,1,1,4,335
E00073160,3,244,0,0,0,40,29,3,3,0,1,15,46,5,6,4,6,405
E00073161,1,225,1,0,0,33,30,1,1,0,0,16,77,1,0,0,1,387
E00073162,3,232,0,0,0,46,30,1,0,0,3,14,47,1,2,6,11,396
E00073163,1,206,0,0,0,50,20,3,5,1,1,18,29,0,0,2,3,339
E00073164,2,198,1,0,0,25,20,1,5,0,0,10,22,2,2,1,5,294
E00073165,2,186,0,0,0,51,30,2,9,0,1,16,30,0,1,5,8,341
E00073166,0,166,0,3,0,32,26,2,4,0,2,16,30,0,0,2,7,290
E00073167,1,250,0,0,0,55,34,3,6,0,3,22,50,0,2,2,3,431
E00073168,1,233,0,0,0,21,40,1,7,0,0,18,46,3,0,0,6,376
E00073169,3,277,0,0,0,40,38,0,3,1,1,30,70,0,3,3,8,477
E00073170,7,286,0,0,0,101,37,1,1,0,1,40,68,1,2,2,27,574
E00073171,4,324,0,0,0,49,27,3,1,0,0,21,72,1,3,7,7,519
E00073172,0,207,0,0,0,27,20,2,4,1,0,12,35,0,1,1,3,313
E00073173,3,192,0,0,0,37,22,3,3,0,3,27,25,0,3,2,5,325
E00073174,4,175,0,3,0,33,28,0,2,0,0,22,40,1,3,0,1,312
E00073176,4,176,0,0,0,53,24,4,1,0,0,10,61,1,2,1,8,345
E00073177,6,190,0,1,0,34,38,0,0,0,0,7,52,1,5,1,6,341
E00073178,4,222,0,1,0,37,19,2,2,1,2,15,38,2,2,1,5,353
E00073179,1,203,0,0,0,31,24,2,4,0,0,27,38,0,0,0,5,335
E00073181,3,336,0,0,0,40,16,2,3,0,0,17,68,1,0,0,4,490
E00073182,3,277,0,1,0,46,27,0,0,0,0,13,65,0,1,5,11,449
E00073183,2,172,0,0,0,62,63,2,0,0,0,8,10,0,0,1,1,321
E00073184,0,181,0,0,0,68,51,0,2,0,1,6,24,0,2,2,1,338
E00073185,0,186,0,0,0,52,65,0,0,0,1,0,51,0,0,0,1,356
E00073186,0,160,0,0,0,57,48,0,0,0,0,4,19,0,3,0,1,292
E00073187,0,178,0,0,0,56,54,0,0,0,0,6,74,1,0,0,2,371
E00073188,0,139,0,0,0,66,47,0,11,0,0,2,14,0,0,0,0,279
E00073189,0,165,0,0,0,69,46,0,1,0,0,5,16,0,0,2,3,307
E00073190,1,217,0,0,0,84,50,0,3,0,0,7,50,0,0,2,3,417
E00073191,2,143,0,0,0,66,48,0,0,0,0,4,21,0,0,0,1,285
E00073192,0,130,0,0,0,55,36,1,0,0,1,7,45,1,0,0,0,276
E00073193,0,195,0,0,0,58,65,0,3,0,0,5,19,0,0,0,3,348
E00073194,0,164,0,0,0,85,31,0,2,0,0,3,31,1,1,0,5,323
E00073195,0,176,0,0,0,74,52,0,1,1,2,13,15,0,5,2,2,343
E00073196,1,108,0,0,0,37,39,0,0,0,0,2,36,4,0,1,4,232
E00073197,0,199,0,0,0,54,60,1,2,0,1,9,42,2,4,0,3,377
E00073198,1,112,0,1,0,26,43,1,0,0,0,0,15,0,2,1,5,207
E00073199,0,176,0,0,0,47,31,0,1,1,0,8,28,1,0,1,0,294
E00073200,1,156,0,0,0,52,47,0,0,0,0,6,24,0,0,0,6,292
E00073201,0,139,0,0,0,38,45,0,0,0,0,11,22,0,2,1,2,260
E00073202,2,163,0,0,0,45,48,0,3,0,0,7,57,0,4,3,3,335
E00073203,2,167,0,0,0,26,39,3,2,0,1,5,40,0,3,1,4,293
E00073204,0,171,0,0,0,54,34,0,1,0,0,2,29,1,0,2,1,295
E00073205,1,213,1,0,0,63,58,1,3,0,3,7,43,0,1,1,2,397
E00073206,0,265,0,0,0,63,59,2,2,0,0,17,43,0,0,2,3,456
E00073207,3,162,0,1,0,45,52,1,1,0,0,3,20,1,0,3,6,298
E00073208,1,140,0,0,0,38,34,0,3,0,1,7,15,1,1,6,4,251
E00073209,1,165,0,0,0,39,57,0,1,0,0,3,20,0,1,0,6,293
E00073210,0,213,0,0,0,64,62,0,0,0,0,5,23,1,1,2,2,373
E00073211,2,238,0,0,0,91,70,0,3,0,0,7,82,0,2,2,3,500
E00073212,0,156,0,0,0,49,43,0,1,0,0,5,134,0,0,3,4,395
E00073213,3,128,0,0,0,43,41,0,1,0,0,15,110,0,0,4,2,347
E00073214,0,224,0,0,0,78,45,0,0,0,1,5,49,0,0,2,2,406
E00073215,0,180,0,0,0,56,29,0,3,0,0,4,50,0,0,0,0,322
E00073216,0,199,0,0,0,70,34,0,4,0,1,2,55,0,0,1,0,366
E00073217,0,158,0,0,0,44,55,0,0,1,0,3,60,0,0,0,0,321
E00073218,0,202,0,0,0,40,43,0,0,0,0,1,91,0,0,0,7,384
E00073219,0,169,0,0,0,62,44,0,0,0,0,5,70,0,0,2,3,355
E00073220,1,180,0,0,0,50,56,0,0,0,0,8,63,0,0,0,7,365
E00073221,0,144,0,0,0,52,63,0,2,0,0,4,25,0,1,0,2,293
E00073222,0,227,0,0,0,53,69,1,1,0,0,8,40,1,3,0,0,403
E00073223,0,159,0,0,0,36,70,0,4,0,2,5,46,0,0,1,3,326
E00073224,2,177,0,0,0,42,38,0,7,0,0,11,22,1,0,2,2,304
E00073225,1,221,0,2,0,59,43,1,2,0,1,10,55,0,2,1,8,406
E00073226,0,141,0,0,0,29,35,1,2,0,0,7,20,1,2,3,4,245
E00073227,1,127,0,1,0,35,35,3,1,1,0,7,44,0,4,1,1,261
E00073228,0,193,0,2,0,40,35,2,8,0,0,15,43,0,0,2,10,350
E00073229,0,189,0,0,0,53,64,0,0,0,0,0,8,0,1,0,1,316
E00073230,3,192,0,0,0,60,34,1,1,0,0,14,38,0,0,2,4,349
E00073231,4,264,0,1,0,62,38,0,5,0,1,21,27,3,4,3,7,440
E00073232,0,184,0,0,0,43,24,2,3,0,0,9,28,0,3,6,6,308
E00073233,1,189,0,0,0,49,48,2,1,0,0,5,7,1,3,6,2,314
E00073234,2,173,2,0,0,57,32,1,2,0,1,8,6,2,4,2,5,297
E00073236,1,154,0,0,0,61,38,1,3,0,4,5,4,0,3,2,5,281
E00073237,0,190,0,4,0,51,20,0,2,2,0,8,32,3,1,4,5,322
E00073238,3,188,0,0,0,38,27,1,0,0,0,9,14,0,3,5,6,294
E00073239,2,251,1,1,0,69,46,1,3,0,0,7,70,1,2,4,12,470
E00073240,3,213,0,2,0,74,48,0,0,0,0,15,36,1,4,2,5,403
E00073241,1,175,0,0,0,42,26,0,2,0,0,5,17,1,2,0,4,275
E00073242,1,132,0,0,0,41,55,1,3,0,2,3,20,0,0,1,0,259
E00073243,0,204,0,0,0,48,60,1,1,0,0,15,23,0,0,0,4,356
E00073245,4,213,0,0,0,67,65,0,0,0,0,2,10,0,0,1,2,364
E00073246,0,197,0,0,0,43,66,0,1,3,0,1,16,0,0,0,2,329
E00073247,0,220,0,3,0,42,47,0,0,0,0,2,13,0,0,0,1,328
E00073248,1,183,0,0,0,36,44,1,4,0,0,8,20,1,2,0,7,307
E00073249,0,130,0,0,0,26,69,2,2,0,0,0,17,0,3,0,1,250
E00073250,1,250,0,1,0,61,66,0,2,0,0,19,83,1,7,0,5,496
E00073251,2,216,0,1,0,41,40,1,4,1,0,18,31,2,7,5,4,373
E00073252,1,176,0,0,0,23,52,0,1,0,0,8,58,1,3,0,5,328
E00073253,1,294,0,0,0,84,79,1,1,0,0,6,52,1,5,0,0,524
E00073254,3,182,0,0,0,45,32,0,0,0,1,5,52,0,0,3,5,328
E00073255,2,240,0,0,0,55,52,0,2,0,0,13,53,0,0,2,12,431
E00073256,1,192,0,0,0,54,60,1,2,0,0,9,39,2,0,1,4,365
E00073257,1,205,0,0,0,68,80,1,0,0,0,9,21,2,0,1,1,389
E00073258,1,224,0,1,0,36,63,0,3,0,4,3,57,0,1,3,6,402
E00073259,0,155,0,0,0,45,46,0,2,0,2,0,9,0,0,1,0,260
E00073260,1,151,0,1,0,48,79,4,1,0,0,0,18,0,0,1,4,308
E00073261,0,186,0,0,0,67,63,1,1,0,0,10,12,2,0,0,3,345
E00073262,0,137,0,4,0,43,31,0,1,1,1,4,16,0,1,0,1,240
E00073263,2,224,0,0,0,45,33,2,2,0,3,15,60,0,4,3,11,404
E00073264,1,237,0,0,0,34,36,0,0,0,0,10,31,0,3,3,6,361
E00073266,3,197,0,1,0,57,22,1,0,0,1,18,23,0,0,2,4,329
E00073267,1,147,0,1,0,47,37,0,4,0,0,11,17,1,1,3,6,276
E00073268,5,252,0,1,0,61,27,1,10,0,1,17,30,3,2,3,10,423
E00073269,2,227,0,0,0,46,48,3,4,2,0,22,31,2,4,7,9,407
E00073270,2,238,0,0,0,54,26,1,2,0,0,9,38,3,3,8,12,396
E00073271,1,283,1,0,0,51,45,1,6,1,3,24,49,1,2,2,7,477
E00073272,0,208,0,0,0,56,35,1,3,0,0,7,39,1,1,2,4,357
E00073273,1,180,0,0,0,36,21,1,1,1,1,12,18,2,3,2,3,282
E00073274,5,314,0,2,0,90,97,2,1,0,1,22,52,1,0,3,11,601
E00073276,3,185,0,0,0,47,21,0,2,0,1,14,43,0,0,4,4,324
E00073277,5,230,0,0,0,25,21,0,4,0,0,20,17,1,0,1,6,330
E00073278,2,240,0,0,0,52,34,2,8,0,3,16,20,2,4,3,7,393
E00073280,4,230,0,1,0,33,29,0,2,2,1,11,25,1,3,2,9,353
E00073281,9,271,0,0,0,46,34,3,7,0,0,19,25,0,2,2,8,426
E00073282,1,287,0,0,0,38,24,3,7,0,2,20,32,0,1,4,5,424
E00073283,4,212,0,0,0,43,15,1,4,0,1,24,22,1,4,4,6,341
E00073284,1,83,0,0,0,36,38,0,4,0,1,9,26,0,0,2,7,207
E00073285,3,238,0,0,0,41,35,3,1,0,0,11,29,2,1,2,10,376
E00073286,3,220,0,1,0,29,38,1,9,1,0,9,18,0,1,4,4,338
E00073287,4,160,0,0,0,46,16,3,5,0,1,12,39,0,2,2,4,294
E00073288,0,199,0,1,0,42,18,0,1,0,0,9,36,1,0,2,6,315
E00073289,2,243,0,0,0,35,27,6,5,0,5,8,20,2,4,1,8,366
E00073290,5,195,0,0,0,45,21,0,1,0,3,14,28,3,0,1,3,319
E00073291,0,216,0,0,0,34,32,1,0,0,0,11,31,4,3,1,5,338
E00073292,5,290,1,0,0,102,58,2,5,0,0,10,36,4,2,9,24,548
E00073293,2,245,0,0,0,42,37,2,4,3,3,14,41,2,0,5,4,404
E00073294,5,244,0,1,0,57,40,0,5,0,2,13,51,1,2,6,16,443
E00073295,0,191,0,0,0,53,29,1,4,2,0,19,25,1,4,0,9,338
E00073296,0,184,0,1,0,56,19,2,3,0,0,7,28,1,3,2,5,311
E00073297,1,215,0,0,0,62,27,1,4,2,0,15,27,0,2,2,8,366
E00073298,1,218,0,0,0,48,36,0,5,3,1,8,69,1,5,2,17,414
E00073299,4,241,0,0,0,49,30,1,4,3,0,6,26,3,4,0,10,381
E00073300,1,170,1,0,0,32,19,2,5,1,3,12,17,0,1,2,4,270
E00073301,2,189,0,1,0,53,93,0,5,0,0,2,24,0,2,1,2,374
E00073302,0,210,0,0,0,68,67,2,0,0,1,2,20,0,0,0,2,372
E00073303,0,218,0,0,0,103,79,1,0,0,0,7,13,0,1,0,4,426
E00073304,1,184,0,0,0,43,53,1,7,0,0,1,22,0,1,0,1,314
E00073305,1,191,0,1,0,29,53,0,1,0,1,6,17,0,1,0,2,303
E00073306,1,152,0,0,0,43,54,0,1,0,0,2,7,0,0,3,2,265
E00073307,0,148,0,0,0,46,62,0,4,0,0,7,17,0,0,0,2,286
E00073308,0,186,0,0,0,52,71,0,1,1,0,4,12,0,0,1,6,334
E00073309,0,169,0,0,0,41,54,0,0,0,0,1,24,0,1,0,3,293
E00073310,0,210,0,0,0,70,63,0,0,0,0,3,22,1,0,0,0,369
E00073311,1,179,0,0,0,37,58,0,1,0,1,7,23,0,1,1,4,313
E00073312,0,201,0,0,0,63,70,0,0,0,0,0,30,2,0,0,0,366
E00073313,0,229,0,1,0,77,45,0,2,0,0,4,22,0,0,2,1,383
E00073314,3,163,0,0,0,52,30,0,0,0,0,1,29,0,0,3,4,285
E00073315,1,107,0,0,0,36,35,0,0,0,0,2,16,0,0,1,0,198
E00073316,0,213,0,0,0,53,23,0,4,0,0,0,27,0,0,1,2,323
E00073317,2,176,0,0,0,38,46,1,0,0,0,6,16,0,1,0,1,287
E00073318,1,234,0,0,0,63,55,0,5,2,0,2,13,0,2,0,0,377
E00073319,2,268,0,0,0,75,55,1,1,0,0,8,34,1,2,4,3,454
E00073320,1,214,0,0,0,48,68,3,0,0,0,6,19,0,0,1,5,365
E00073321,0,178,0,0,0,34,57,0,0,1,1,1,31,0,0,0,4,307
E00073322,1,172,0,0,0,66,72,0,1,0,0,4,0,0,2,2,2,322
E00073323,1,159,0,0,0,41,51,0,0,0,0,8,8,0,2,0,4,274
E00073324,0,224,0,0,0,68,61,2,1,0,0,10,6,1,0,0,2,375
E00073325,0,201,0,0,0,78,55,2,3,1,1,11,17,0,0,4,2,375
E00073326,0,162,0,0,0,41,71,0,1,0,0,0,22,0,0,0,3,300
E00073327,0,203,0,0,0,67,57,0,2,0,0,1,22,0,2,2,0,356
E00073328,3,193,0,0,0,56,66,0,0,0,0,3,28,0,5,3,4,361
E00073329,2,163,0,0,0,55,68,0,0,0,0,2,9,0,0,0,2,301
E00073330,0,200,0,0,0,56,97,0,2,0,0,9,23,0,0,1,1,389
E00073331,0,293,0,0,0,78,49,0,0,0,0,5,11,0,2,1,3,442
E00073332,0,176,0,0,0,68,37,0,0,0,0,5,10,0,0,0,0,296
E00073333,0,145,0,0,0,68,65,0,2,0,0,2,8,1,0,0,1,292
E00073334,1,179,0,0,0,63,62,0,0,0,0,3,14,0,0,0,0,322
E00073335,0,230,0,0,0,65,95,0,0,0,0,6,39,0,0,3,0,438
E00073336,0,163,0,0,0,34,79,0,1,0,0,7,17,0,2,0,2,305
E00073337,0,180,0,0,0,57,67,0,0,0,0,3,24,1,0,0,3,335
E00073338,0,150,0,0,0,42,52,1,2,0,0,10,13,0,0,2,2,274
E00073339,1,132,0,2,0,42,27,0,0,0,0,17,61,0,2,2,7,293
E00073340,0,134,0,1,0,37,48,0,0,0,0,6,17,4,1,1,2,251
E00073341,1,152,0,0,0,52,35,0,1,0,1,5,35,2,3,0,4,291
E00073342,0,235,0,0,0,61,79,0,1,0,1,5,29,1,0,1,1,414
E00073343,0,209,0,0,0,78,52,0,2,2,1,8,21,0,0,2,5,380
E00073344,3,108,0,0,0,39,42,0,0,0,0,10,43,0,0,1,2,248
E00073345,1,96,0,0,0,22,34,1,0,0,0,1,8,0,2,0,5,170
E00073346,0,193,0,0,0,58,58,2,0,0,0,9,25,2,1,1,3,352
E00073347,0,67,0,0,0,38,25,0,0,1,1,10,33,0,4,1,7,187
E00073348,0,133,0,0,0,40,30,1,0,0,1,17,48,1,1,0,3,275
E00073349,1,198,0,0,0,63,24,1,0,0,0,6,35,0,2,2,2,334
E00073350,0,207,0,1,0,50,40,1,0,0,0,12,40,0,1,1,8,361
E00073351,1,212,0,0,0,55,53,0,0,0,0,11,32,2,0,0,1,367
E00073352,0,137,0,0,0,45,39,0,1,0,0,14,38,0,0,1,1,276
E00073353,3,203,0,0,0,68,42,2,3,0,0,5,27,0,0,1,5,359
E00073354,2,171,0,0,0,47,62,3,5,0,0,3,48,0,0,2,3,346
E00073355,0,219,0,0,0,50,34,1,1,0,3,23,27,2,0,1,2,363
E00073356,0,201,0,0,0,66,50,0,1,0,0,8,53,3,1,1,5,389
E00073357,0,202,0,0,0,46,51,0,0,0,3,8,18,0,0,0,5,333
E00073358,3,205,1,0,0,57,43,0,0,0,0,3,27,0,0,1,4,344
E00073359,2,162,0,0,0,60,78,0,1,0,1,7,15,2,0,4,1,333
E00073360,0,141,0,0,0,49,50,0,0,0,1,2,26,0,0,1,5,275
E00073361,1,181,0,0,0,60,41,0,0,0,0,10,28,1,3,3,5,333
E00073362,1,253,0,0,0,69,45,0,2,2,0,8,39,0,0,0,9,428
E00073363,1,183,0,0,0,47,73,0,1,0,1,11,14,4,0,0,6,341
E00073364,2,178,0,0,0,60,47,0,0,0,0,7,14,0,1,2,1,312
E00073365,0,184,0,0,0,53,49,0,9,0,0,1,23,0,1,1,2,323
E00073366,3,234,1,3,0,50,58,0,1,0,0,15,30,0,0,3,0,398
E00073367,0,188,0,0,0,37,54,0,1,0,0,3,14,1,3,1,4,306
E00073368,0,165,0,0,0,50,63,1,0,0,0,3,18,0,0,0,2,302
E00073369,1,163,0,0,0,54,65,0,0,0,1,9,30,0,1,0,4,328
E00073370,0,107,0,0,0,27,61,0,2,0,0,0,19,1,3,1,2,223
E00073371,0,105,0,0,0,28,38,0,1,0,0,3,14,1,0,1,0,191
E00073372,0,167,0,0,0,44,46,1,0,0,0,1,22,0,1,0,0,282
E00073373,4,156,0,0,0,33,38,1,2,0,0,16,30,1,3,1,0,285
E00073374,4,194,0,0,0,39,45,2,2,0,0,18,24,4,5,3,6,346
E00073375,5,165,0,0,0,51,52,0,1,1,3,7,37,0,1,3,3,329
E00073376,0,147,0,0,0,51,51,0,0,0,1,5,10,0,1,1,0,267
E00073377,0,183,0,0,0,47,22,0,0,0,1,5,22,1,2,2,2,287
E00073378,0,157,0,0,0,44,45,2,0,0,0,7,21,2,1,1,0,280
E00073379,0,194,0,0,0,62,88,0,1,0,0,3,13,0,0,1,1,363
E00073380,1,241,0,0,0,49,68,0,0,0,0,3,22,1,1,1,1,388
E00073381,2,232,0,0,0,88,60,0,0,0,0,9,32,2,2,1,2,430
E00073382,0,214,0,0,0,55,79,0,0,0,1,8,31,0,2,0,0,390
E00073383,0,157,0,0,0,43,47,0,3,0,0,5,14,0,0,0,1,270
E00073384,0,336,0,0,0,40,64,0,0,0,0,11,14,4,0,3,6,478
E00073385,0,201,0,0,0,55,69,0,1,0,1,4,28,0,0,0,0,359
E00073386,0,234,0,0,0,44,62,0,1,0,1,4,31,0,0,0,4,381
E00073387,2,123,0,0,0,36,47,0,0,0,0,3,18,0,2,2,4,237
E00073388,1,173,0,0,0,73,48,0,2,0,0,4,13,0,1,0,1,316
E00073389,2,181,0,0,0,45,40,0,0,0,0,10,43,0,4,2,2,329
E00073390,1,171,0,0,0,46,57,1,3,0,1,5,49,0,0,1,3,338
E00073391,0,184,0,0,0,39,70,0,1,0,0,3,25,0,0,0,3,325
E00073392,0,241,0,1,0,33,64,0,1,0,2,6,35,0,0,0,0,383
E00073393,0,183,0,0,0,56,31,0,1,0,0,4,15,0,2,1,3,296
E00073394,1,276,0,0,0,64,54,1,0,0,0,6,33,2,1,5,1,444
E00073395,0,208,0,0,0,49,37,0,4,0,0,4,25,0,0,0,2,329
E00073397,2,141,0,0,0,40,47,0,0,0,1,12,23,0,0,0,6,272
E00073398,3,171,0,1,0,38,27,0,2,0,0,8,20,0,4,4,4,282
E00073399,2,178,0,0,0,53,46,0,0,0,1,11,25,0,0,3,3,322
E00073400,0,184,0,0,0,42,36,1,3,0,0,13,25,0,1,4,6,315
E00073401,0,178,0,0,0,50,25,3,2,0,4,11,16,0,1,2,4,296
E00073402,0,142,0,0,0,42,31,0,5,0,0,8,36,0,0,2,4,270
E00073403,1,180,0,0,0,43,38,0,1,1,0,6,28,0,0,2,4,304
E00073404,0,170,0,0,0,40,23,3,4,1,0,7,27,2,4,3,5,289
E00073405,2,188,0,0,0,60,48,0,2,0,0,8,41,1,1,2,2,355
E00073406,2,143,0,0,0,64,51,1,1,0,1,2,15,0,4,2,8,294
E00073407,3,210,0,0,0,50,29,3,0,1,0,9,31,3,1,2,3,345
E00073408,2,227,0,1,0,61,40,0,0,0,1,9,12,0,0,3,7,363
E00073409,3,170,0,0,0,45,38,0,3,1,1,5,17,0,1,1,4,289
E00073410,1,167,0,2,0,28,54,0,2,0,0,7,29,0,5,0,3,298
E00073411,1,185,0,0,0,37,46,1,0,0,0,16,39,0,0,2,3,330
E00073412,2,216,0,0,0,55,64,2,3,0,0,7,34,1,1,1,3,389
E00073413,0,188,0,0,0,43,43,2,3,0,0,0,13,0,2,1,2,297
E00073414,2,166,0,0,0,23,19,0,1,0,0,14,90,0,0,1,5,321
E00073415,1,128,0,0,0,35,22,0,2,0,0,15,100,0,2,0,3,308
E00073416,2,154,1,0,0,42,22,0,2,2,0,12,51,0,0,3,9,300
E00073419,4,147,0,1,0,43,15,2,0,0,3,20,45,1,3,4,13,301
E00073420,1,107,0,0,0,23,18,0,1,0,0,9,52,0,1,1,4,217
E00073421,2,185,0,0,0,50,36,1,4,0,0,24,87,3,1,3,16,412
E00073422,0,152,0,0,0,18,13,0,0,0,0,6,47,0,0,0,1,237
E00073423,1,109,1,0,0,44,29,0,4,0,0,10,57,1,3,2,3,264
E00073424,2,143,0,0,0,20,21,0,4,0,0,23,63,0,2,1,2,281
E00073425,2,171,0,0,0,62,32,0,5,0,0,31,73,0,0,5,8,389
E00073426,6,174,0,2,0,47,26,5,2,1,5,11,80,1,1,6,7,374
E00073431,5,251,0,1,0,73,29,4,6,0,4,25,90,0,2,5,10,505
E00073432,0,80,0,0,0,21,17,0,1,0,0,7,36,0,0,0,3,165
E00073433,4,188,1,2,0,92,37,3,5,4,3,25,160,0,1,3,11,539
E00073437,0,108,0,0,0,23,26,0,0,0,0,12,30,3,1,3,5,211
E00073439,1,145,0,0,0,42,12,2,0,1,0,19,35,1,0,0,5,263
E00073440,2,158,0,0,0,30,27,2,2,0,0,10,33,0,2,3,6,275
E00073441,2,160,0,0,0,28,14,0,2,0,0,4,35,0,2,2,4,253
E00073442,3,235,0,1,0,60,23,1,2,1,0,24,40,4,2,1,12,409
E00073443,3,149,1,0,0,33,26,0,0,0,0,19,33,4,2,2,4,276
E00073444,3,122,0,1,0,52,13,1,3,0,2,6,35,1,0,0,2,241
E00073445,0,128,0,0,0,36,28,3,2,0,1,13,47,1,0,1,5,265
E00073446,8,211,1,0,0,65,21,3,4,2,3,16,85,0,6,5,3,433
E00073447,1,154,0,0,0,26,25,0,0,0,0,17,31,1,1,3,2,261
E00073448,3,147,0,0,0,68,24,0,4,0,0,9,26,4,2,3,9,299
E00073449,2,96,0,0,0,29,12,2,1,0,0,19,34,3,0,3,5,206
E00073450,1,163,0,0,0,33,18,2,1,1,1,6,33,0,2,2,6,269
E00073451,3,151,0,0,0,40,33,0,1,1,0,14,21,0,3,4,6,277
E00073452,1,128,0,0,0,35,25,0,7,3,3,10,60,0,2,1,7,282
E00073453,3,161,0,2,0,53,18,0,0,1,1,15,43,0,4,5,7,313
E00073454,3,185,0,3,0,43,29,1,4,0,0,15,40,0,1,2,4,330
E00073455,3,170,0,0,0,37,33,1,0,0,0,31,38,3,3,2,2,323
E00073456,0,149,0,0,0,34,17,1,3,0,0,17,39,1,1,4,6,272
E00073457,1,92,0,1,0,38,23,1,5,1,0,21,30,0,2,0,4,219
E00073458,1,165,0,1,0,27,26,0,4,3,2,17,32,0,0,1,7,286
E00073461,3,137,0,1,0,29,8,3,0,0,0,7,13,3,3,1,2,210
E00073462,1,213,2,3,0,72,23,1,2,2,1,18,44,1,3,1,8,395
E00073463,1,100,0,0,0,25,15,0,2,0,1,17,37,1,0,4,1,204
E00073464,3,301,0,0,0,109,31,2,0,1,2,33,49,3,6,7,13,560
E00073465,1,198,1,1,0,53,14,1,2,2,0,16,42,2,0,4,9,346
E00073466,4,195,0,0,0,67,37,5,3,1,1,22,63,4,3,6,11,422
E00073467,4,151,0,2,0,35,30,0,0,0,0,11,31,3,3,3,4,277
E00073468,3,199,0,0,0,54,28,0,2,1,4,7,29,1,4,4,6,342
E00073469,2,122,0,0,0,35,27,0,1,0,0,16,25,0,1,0,5,234
E00073470,0,175,0,1,0,58,33,0,1,0,2,15,54,2,6,7,9,363
E00073471,1,106,1,1,0,27,17,1,1,0,0,9,25,0,2,1,4,196
E00073472,4,120,0,1,0,49,18,0,0,0,1,11,49,2,0,4,7,266
E00073473,8,201,1,0,0,50,53,0,3,1,1,18,54,3,9,25,22,449
E00073474,0,110,0,0,0,16,22,2,6,1,0,5,15,0,1,0,2,180
E00073476,2,164,0,1,0,31,17,1,3,1,0,6,35,2,4,3,5,275
E00073477,0,154,0,0,0,36,24,0,3,0,4,9,32,1,0,2,2,267
E00073478,2,117,0,2,0,45,16,0,1,1,2,11,25,3,2,3,3,233
E00073479,3,142,0,0,0,30,26,0,2,0,0,17,26,0,1,1,3,251
E00073480,0,183,0,0,0,35,22,2,2,4,1,1,29,2,2,0,2,285
E00073481,4,272,0,0,0,55,52,1,8,1,3,15,52,0,2,4,10,479
E00073482,4,207,0,1,0,69,33,0,1,2,0,22,41,2,2,3,10,397
E00073483,4,184,0,0,0,40,27,1,3,2,0,16,57,2,0,3,11,350
E00073484,0,142,0,0,0,30,12,0,3,1,3,5,62,0,3,1,5,267
E00073485,4,122,0,4,0,32,21,1,4,0,0,5,31,0,2,3,5,234
E00073486,5,142,0,0,0,41,34,1,3,0,0,20,125,1,2,1,6,381
E00073487,1,162,0,0,0,41,18,0,5,0,1,9,36,6,2,3,4,288
E00073488,2,126,0,0,0,52,25,0,4,0,1,19,38,0,0,3,5,275
E00073489,3,121,0,0,0,30,25,1,2,0,0,7,33,1,1,0,4,228
E00073490,0,151,0,0,0,36,17,0,1,3,3,13,38,3,2,4,8,279
E00073491,0,139,0,0,0,45,16,1,1,0,1,17,96,2,0,4,7,329
E00073492,2,163,0,2,0,30,18,0,3,1,2,12,46,0,3,5,9,296
E00073493,7,149,0,1,0,47,13,0,1,0,0,17,93,1,4,1,3,337
E00073494,9,161,0,0,0,77,35,0,1,0,0,16,43,1,4,4,8,359
E00073495,4,192,0,0,0,71,32,6,6,1,1,39,66,1,2,6,7,434
E00073496,8,254,0,1,0,92,26,3,3,1,1,31,78,4,6,7,6,521
E00073497,2,142,0,0,0,53,17,1,8,0,2,10,34,0,0,0,3,272
E00073498,0,139,0,0,0,35,21,0,1,1,0,7,33,3,0,4,0,244
E00073499,2,130,0,0,0,46,20,0,0,0,1,8,23,1,0,3,4,238
E00073500,4,209,0,0,0,82,37,4,3,1,3,20,49,1,0,2,13,428
E00073501,6,196,0,0,0,61,17,0,3,1,0,23,31,1,3,4,1,347
E00073502,0,222,0,0,0,56,23,2,1,0,3,13,44,1,2,4,10,381
E00073503,1,139,0,0,0,23,26,0,2,0,2,8,45,1,1,1,3,252
E00073504,4,177,0,0,0,51,23,0,8,1,0,13,52,0,6,3,7,345
E00073505,3,101,0,1,0,34,9,0,1,0,0,4,54,2,3,2,6,220
E00073506,2,168,0,0,0,36,23,1,3,1,1,6,42,0,3,1,6,293
E00073507,0,85,0,0,0,38,12,2,3,0,0,6,17,0,0,1,3,167
E00073508,0,139,0,1,0,35,12,3,1,1,1,14,28,3,2,7,3,250
E00073509,2,174,0,0,0,37,12,0,4,0,1,14,49,1,2,3,9,308
E00073510,1,153,0,0,0,53,23,0,1,0,0,18,24,3,1,6,9,292
E00073511,1,136,0,0,0,38,27,0,4,0,1,9,36,1,1,0,7,261
E00073512,1,178,0,0,0,53,27,1,5,0,3,20,26,2,5,2,10,333
E00073513,0,138,0,3,0,45,18,0,1,1,1,15,44,2,10,6,9,293
E00073514,3,202,0,0,0,57,29,0,1,5,2,15,33,2,3,1,5,358
E00073515,1,164,0,0,0,47,26,0,2,0,3,17,26,1,5,1,7,300
E00073516,2,191,1,0,0,46,32,3,4,0,0,21,50,0,0,2,9,361
E00073517,1,138,0,1,0,36,26,2,1,0,3,14,39,1,1,1,6,270
E00073518,2,106,0,0,0,48,14,2,3,0,1,16,42,0,1,2,3,240
E00073519,2,199,1,0,0,58,21,0,0,1,1,11,35,2,5,4,9,349
E00073520,3,173,0,0,0,64,27,0,2,1,1,15,23,2,1,2,8,322
E00073521,6,202,0,0,0,54,27,0,2,0,1,17,24,2,2,6,3,346
E00073522,0,217,0,0,0,41,14,0,2,0,0,10,26,1,1,4,3,319
E00073523,2,120,0,1,0,46,26,0,6,1,1,12,24,2,0,3,6,250
E00073524,0,158,0,0,0,49,20,0,4,3,0,14,33,3,3,4,6,297
E00073525,4,189,0,1,0,55,14,3,4,0,2,16,27,3,4,3,7,332
E00073526,2,163,0,1,0,61,26,0,2,2,0,17,35,0,0,3,6,318
E00073527,1,165,0,0,0,46,33,1,1,0,0,17,53,1,0,2,7,327
E00073528,1,186,0,0,0,40,25,3,3,0,1,14,37,1,3,7,8,329
E00073529,1,159,0,0,0,47,32,0,3,0,0,5,40,4,3,1,15,310
E00073530,0,197,0,0,0,57,26,1,5,0,2,20,30,0,1,6,7,352
E00073531,1,182,0,2,0,69,26,1,2,0,3,20,26,1,2,4,8,347
E00073532,5,280,0,1,0,95,42,3,4,0,0,17,70,3,3,6,13,542
E00073533,3,185,0,2,0,40,15,2,9,2,3,14,24,3,2,2,2,308
E00073534,3,170,0,0,0,36,23,2,0,0,2,10,28,0,2,2,6,284
E00073535,0,118,0,0,0,33,21,1,4,3,0,8,23,0,2,0,3,216
E00073536,0,121,0,1,0,32,19,3,1,1,0,10,24,0,0,4,2,218
E00073537,2,184,0,1,0,53,27,4,4,0,3,24,38,1,0,5,8,354
E00073538,1,153,0,0,0,52,15,0,1,0,0,10,22,0,3,5,4,266
E00073539,1,106,0,1,0,34,19,1,1,0,0,4,28,1,2,3,6,207
E00073540,1,120,0,0,0,31,16,1,2,0,3,11,16,0,0,3,9,213
E00073541,8,171,0,1,0,57,30,0,1,0,0,16,30,1,2,3,11,331
E00073542,1,154,0,0,0,48,21,2,4,0,0,19,37,3,2,2,3,296
E00073543,2,182,0,0,0,60,25,0,3,0,1,13,23,1,1,2,11,324
E00073544,4,160,0,0,0,36,33,1,3,2,0,8,26,1,1,1,5,281
E00073545,3,229,0,1,0,65,26,1,2,0,4,9,48,2,2,4,6,402
E00073546,3,225,0,1,0,85,22,1,0,1,0,14,32,2,2,4,19,411
E00073547,4,148,0,0,0,40,11,0,3,0,2,12,31,4,2,2,3,262
E00073548,6,203,0,1,0,93,29,2,0,0,0,27,59,1,1,2,15,439
E00073549,3,171,0,0,0,32,11,3,5,1,1,11,39,1,6,5,8,297
E00073550,5,173,0,2,0,61,32,0,4,1,2,12,31,1,0,2,8,334
E00073551,8,200,1,1,0,52,24,2,1,0,3,15,16,2,5,2,5,337
E00073552,2,176,0,0,0,39,24,2,2,0,2,11,27,0,2,2,4,293
E00073553,3,139,0,0,0,45,21,0,1,1,3,21,23,1,4,2,9,273
E00073554,2,154,1,0,0,42,22,2,5,0,1,14,35,0,0,1,9,288
E00073555,0,127,0,0,0,55,16,2,6,0,2,12,34,3,0,1,5,263
E00073556,1,128,0,0,0,43,20,0,2,2,1,11,38,2,4,2,3,257
E00073557,0,242,0,0,0,45,28,0,3,0,1,9,27,0,0,5,9,369
E00073558,3,183,0,1,0,33,27,2,4,0,0,14,41,1,6,6,10,331
E00073559,0,207,0,0,0,40,23,4,4,2,1,20,48,0,3,3,4,359
E00073560,2,157,0,0,0,25,46,0,1,0,1,9,66,1,2,2,5,317
E00073561,1,291,0,1,0,38,34,5,3,0,0,12,90,2,1,0,1,479
E00073562,3,293,0,0,0,34,15,0,4,0,0,19,70,0,0,0,1,439
E00073563,0,254,0,0,0,38,25,0,1,0,0,23,55,0,2,0,13,411
E00073564,3,216,0,0,0,40,24,2,2,0,0,25,39,1,5,3,0,360
E00073565,0,304,0,0,0,35,28,3,1,0,1,16,212,1,3,1,7,612
E00073566,1,139,0,0,0,5,17,0,1,0,2,11,66,0,0,2,1,245
E00073567,3,190,0,0,0,17,33,1,3,0,1,12,56,0,2,2,1,321
E00073568,0,232,0,2,0,32,30,0,0,2,1,21,67,0,2,3,7,399
E00073569,1,281,0,0,0,38,36,0,1,1,1,33,64,0,1,0,3,460
E00073570,0,215,0,0,0,36,14,0,0,0,0,10,67,0,3,3,0,348
E00073571,1,253,0,0,0,48,22,1,1,0,0,25,56,2,2,2,8,421
E00073572,4,228,0,0,0,17,29,1,1,0,0,23,41,2,2,2,6,356
E00073573,1,336,0,2,0,50,25,1,4,0,0,12,105,0,5,4,6,551
E00073574,3,209,0,0,0,34,24,2,1,0,0,10,90,1,3,1,5,383
E00073575,2,316,0,0,0,48,20,1,6,0,0,15,97,0,2,2,2,511
E00073576,2,221,0,1,0,38,42,2,2,0,0,20,69,0,7,3,5,412
E00073577,1,228,0,0,0,31,31,0,0,0,0,17,50,0,2,2,6,368
E00073578,1,244,0,0,0,24,20,0,2,0,2,28,79,1,4,1,4,410
E00073579,1,126,0,2,0,31,35,1,3,1,1,11,38,1,0,0,4,255
E00073580,0,219,2,1,0,45,47,1,3,0,0,14,70,3,2,3,0,410
E00073581,2,195,0,1,0,39,28,1,2,0,0,9,30,1,4,2,9,323
E00073582,0,207,0,2,0,45,21,0,0,0,0,6,48,0,0,5,4,338
E00073583,2,161,0,2,0,35,32,0,3,0,0,11,53,2,0,0,5,306
E00073584,3,195,0,0,0,30,40,0,2,0,1,14,57,0,2,0,3,347
E00073585,1,168,0,0,0,51,34,0,4,0,2,16,64,2,1,0,8,351
E00073586,1,162,0,1,0,26,38,0,2,0,0,10,36,0,3,0,7,286
E00073587,2,155,0,0,0,44,29,2,4,0,1,11,64,1,0,2,2,317
E00073588,0,94,0,0,0,7,24,0,5,0,0,6,40,1,0,0,7,184
E00073589,1,53,0,0,0,13,15,0,0,0,0,8,45,0,0,0,0,135
E00073590,6,230,0,0,0,45,35,0,3,0,3,22,103,1,1,5,4,458
E00073591,0,137,0,1,0,35,24,0,1,0,2,8,32,0,2,0,2,244
E00073592,3,151,0,0,0,37,20,1,2,0,0,16,52,1,1,0,4,288
E00073593,1,127,0,0,0,38,17,0,0,0,2,17,60,1,1,3,8,275
E00073594,1,174,0,0,0,36,31,1,1,0,0,16,33,0,4,2,5,304
E00073595,1,141,0,0,0,31,38,1,1,0,0,20,56,0,1,2,9,301
E00073596,2,162,0,0,0,40,31,3,4,0,0,18,45,1,1,2,0,309
E00073597,0,334,0,1,0,47,33,1,2,1,0,13,129,1,4,3,6,575
E00073598,2,217,0,0,0,35,31,1,1,1,0,5,61,0,0,0,5,359
E00073599,1,124,0,0,0,28,33,0,1,0,0,19,34,1,1,0,0,242
E00073600,0,246,0,3,0,75,60,0,5,0,0,4,50,0,1,4,12,460
E00073601,0,167,0,1,0,17,17,0,0,0,0,5,62,1,0,2,7,279
E00073602,2,192,0,0,0,29,43,0,2,0,0,7,56,1,1,2,2,337
E00073603,0,172,0,0,0,19,31,1,2,0,0,12,104,0,0,0,5,346
E00073604,1,268,0,0,0,31,26,0,1,0,0,13,54,0,0,0,2,396
E00073605,1,133,0,0,0,31,27,1,0,0,0,11,49,1,1,5,3,263
E00073606,0,234,0,0,0,38,46,1,0,0,3,20,47,1,3,2,5,400
E00073607,0,184,0,0,0,25,25,0,0,0,0,8,53,0,0,2,2,299
E00073608,1,192,0,0,0,12,28,0,0,0,1,9,62,1,4,1,2,313
E00073609,0,197,0,0,0,23,18,0,0,1,0,7,66,0,0,0,4,316
E00073611,0,229,0,3,0,30,21,2,8,0,0,13,106,0,0,2,2,416
E00073612,1,217,0,0,0,22,23,0,1,0,0,20,57,0,4,0,0,345
E00073613,0,209,0,0,0,20,16,0,1,0,1,11,43,0,0,0,1,302
E00073614,0,345,0,0,0,52,47,1,4,0,0,18,91,3,0,1,8,570
E00073615,1,244,0,1,0,30,48,1,4,0,0,8,52,0,0,2,4,395
E00073616,2,199,0,1,0,43,41,0,5,0,0,9,41,0,0,1,0,342
E00073617,0,146,0,0,0,30,34,0,0,0,0,13,30,0,0,3,4,260
E00073618,1,198,0,0,0,25,46,0,1,0,6,10,29,0,0,0,4,320
E00073619,3,244,0,0,0,45,39,0,1,0,0,13,35,2,4,3,5,394
E00073620,4,164,0,2,0,61,42,0,6,0,0,10,21,1,0,4,4,319
E00073621,2,241,0,0,0,34,23,0,3,0,0,11,36,2,7,1,5,365
E00073622,1,162,0,0,0,62,28,0,4,0,2,12,27,0,0,7,10,315
E00073623,2,229,0,1,0,44,26,0,0,1,2,8,31,0,1,3,11,359
E00073624,2,153,0,0,0,38,28,1,3,1,4,3,20,0,1,3,6,263
E00073625,2,171,0,3,0,63,48,1,2,0,1,12,37,0,2,5,11,358
E00073626,3,186,0,0,0,38,34,1,0,1,2,15,17,1,1,1,4,304
E00073627,3,247,0,0,0,53,44,2,6,0,0,15,51,0,1,3,5,430
E00073628,0,143,0,0,0,9,15,0,0,0,0,7,51,0,0,2,0,227
E00073629,4,220,0,0,0,28,40,1,0,0,0,22,52,3,5,0,7,382
E00073630,1,243,0,0,0,31,39,2,3,0,0,15,108,2,4,3,9,460
E00073631,0,200,0,0,0,39,37,2,1,0,0,13,32,2,1,1,1,329
E00073632,0,281,0,0,0,30,34,1,0,0,2,10,37,0,2,2,6,405
E00073633,0,142,0,0,0,42,26,1,0,0,0,9,38,0,0,0,5,263
E00073634,4,294,0,1,0,43,55,0,0,2,0,13,59,1,2,2,16,492
E00073635,2,221,0,0,0,29,29,5,2,0,1,12,42,0,0,6,7,356
E00073636,1,229,0,0,0,64,53,0,2,0,0,6,36,0,0,1,0,392
E00073637,1,198,0,0,0,63,57,0,0,0,1,6,38,0,0,0,2,366
E00073638,0,213,0,1,0,71,41,0,0,0,0,4,24,1,1,1,1,358
E00073639,0,178,0,1,0,66,76,1,1,0,0,5,27,0,0,1,5,361
E00073640,1,212,0,1,0,60,47,2,0,0,0,3,24,0,2,0,2,354
E00073641,0,184,0,0,0,97,65,1,0,1,0,2,37,0,1,1,0,389
E00073642,0,198,0,0,0,39,58,0,1,0,0,8,70,0,0,1,2,377
E00073643,0,226,0,0,0,81,62,0,1,0,0,15,22,0,1,0,0,408
E00073644,0,212,0,0,0,75,64,0,0,0,0,9,24,0,0,3,1,388
E00073645,1,237,0,0,0,62,27,1,1,0,0,2,51,0,0,0,2,384
E00073646,0,276,0,0,0,85,45,0,3,1,0,15,132,0,0,0,6,563
E00073647,2,235,0,0,0,53,54,0,0,1,0,4,30,0,0,1,1,381
E00073648,0,248,0,0,0,87,44,0,0,0,0,15,27,0,0,0,0,421
E00073649,0,213,0,0,0,61,43,0,0,0,0,9,27,0,0,0,3,356
E00073650,2,190,0,0,0,65,49,0,4,0,1,10,49,0,0,0,0,370
E00073651,1,230,0,0,0,78,82,2,2,0,0,4,25,0,2,0,5,431
E00073652,0,206,0,0,0,52,34,0,1,0,0,4,28,0,0,0,2,327
E00073653,0,128,0,0,0,36,21,0,0,0,0,3,24,1,1,0,0,214
E00073654,0,164,0,0,0,86,61,0,1,0,0,8,27,1,0,0,2,350
E00073655,0,223,0,1,0,81,81,0,1,0,0,3,56,0,0,0,0,446
E00073656,0,216,0,0,0,55,67,1,2,0,0,11,36,0,1,0,1,390
E00073657,2,189,0,0,0,51,43,0,0,1,0,8,10,0,1,0,1,306
E00073658,1,168,0,0,0,73,43,0,0,0,0,10,28,0,0,0,0,323
E00073659,0,179,0,0,0,62,52,0,0,0,0,5,35,1,0,0,0,334
E00073660,2,196,0,0,0,90,55,2,2,0,0,6,41,0,0,2,3,399
E00073662,0,169,0,0,0,66,56,0,0,0,0,4,42,0,0,1,1,339
E00073663,0,162,0,0,0,54,70,0,2,0,0,6,25,1,0,0,0,320
E00073664,0,98,0,0,0,48,48,1,1,0,0,0,7,0,0,0,1,204
E00073665,3,153,0,0,0,56,58,1,4,0,1,3,28,0,1,3,4,315
E00073666,3,220,0,1,0,65,58,1,1,0,0,14,24,1,0,1,5,394
E00073667,0,295,0,0,0,77,61,0,1,0,0,16,63,0,0,1,2,516
E00073668,0,180,0,0,0,62,31,1,4,0,0,3,34,0,0,2,2,319
E00073669,0,133,0,1,0,35,45,0,0,0,0,7,49,0,0,2,3,275
E00073670,0,113,0,0,0,37,53,0,1,0,0,7,22,0,3,1,1,238
E00073671,0,199,0,0,0,68,42,0,2,0,0,3,50,0,0,1,4,369
E00073672,0,193,0,0,0,52,63,0,4,0,0,9,52,1,0,2,0,376
E00073673,2,133,0,0,0,23,34,0,3,0,1,10,39,1,1,0,1,248
E00073674,0,210,0,0,0,38,51,0,1,0,0,8,16,0,2,0,0,326
E00073675,2,153,0,0,0,28,52,1,4,0,1,5,8,0,3,1,2,260
E00073676,0,270,0,0,0,55,43,0,0,0,1,12,64,1,3,4,0,453
E00073677,1,224,0,0,0,35,48,1,0,0,0,15,22,2,0,1,1,350
E00073678,0,149,0,0,0,36,34,0,1,0,0,10,54,0,1,0,0,285
E00073679,0,93,0,0,0,37,37,0,1,0,0,8,19,0,0,3,1,199
E00073680,1,154,0,0,0,37,25,2,3,0,0,7,58,2,1,0,1,291
E00073681,1,275,0,2,0,72,55,1,7,0,1,5,61,1,0,6,31,518
E00073682,0,204,0,0,0,35,53,0,0,0,0,19,41,0,2,3,4,361
E00073683,3,228,0,0,0,67,43,1,1,0,0,8,37,0,1,4,5,398
E00073684,0,178,0,0,0,35,41,0,0,0,0,9,50,0,0,3,6,322
E00073685,0,176,0,2,0,49,32,1,0,1,0,5,47,1,1,0,7,322
E00073688,0,208,0,0,0,44,41,0,0,0,0,5,36,0,0,1,0,335
E00073689,1,173,0,1,0,53,32,0,0,0,0,7,44,0,0,3,6,320
E00073690,1,222,0,0,0,36,54,0,0,0,0,5,46,0,2,3,4,373
E00073691,3,183,0,1,0,62,38,1,1,0,1,15,17,2,3,0,10,337
E00073692,2,235,0,1,0,41,50,1,0,0,0,9,47,1,1,9,14,411
E00073693,2,226,0,0,0,53,59,3,5,2,0,13,85,0,5,5,9,467
E00073695,2,207,0,1,0,57,26,0,2,0,0,4,19,0,0,2,4,324
E00073696,0,182,0,0,0,41,50,3,2,0,0,5,31,1,2,0,2,319
E00073697,1,174,0,0,0,52,30,0,0,0,1,16,60,0,3,1,3,341
E00073698,1,254,0,0,0,40,55,2,4,0,3,13,79,1,2,8,8,470
E00073699,3,191,0,0,0,48,26,0,3,2,1,15,45,0,2,4,4,344
E00073700,1,147,0,0,0,45,35,0,1,0,0,5,25,0,0,0,2,261
E00073701,0,138,0,0,0,35,31,0,1,0,1,4,22,0,1,0,6,239
E00073702,0,152,0,0,0,49,43,1,3,0,0,8,28,0,0,4,1,289
E00073703,1,156,0,0,0,26,37,2,0,0,0,9,23,0,0,0,2,256
E00073704,1,130,0,0,0,42,48,1,0,0,0,2,19,2,2,0,2,249
E00073705,0,148,0,0,0,51,59,0,1,0,1,3,21,0,0,2,4,290
E00073706,1,233,0,0,0,54,35,0,0,0,0,6,50,0,0,0,0,379
E00073707,0,143,0,0,0,32,44,2,0,0,0,11,37,0,1,1,3,274
E00073708,1,168,0,0,0,43,54,0,0,0,1,2,29,0,2,1,3,304
E00073709,6,177,0,0,0,85,37,0,1,0,0,5,18,0,0,0,2,331
E00073710,0,151,1,0,0,39,61,0,2,0,0,5,9,0,0,0,2,270
E00073711,1,247,0,0,0,62,72,1,0,0,0,9,17,0,0,3,1,413
E00073712,1,207,0,0,0,91,37,0,0,1,0,0,12,0,1,1,0,351
E00073713,2,259,0,0,0,59,51,1,3,0,0,1,21,0,1,0,0,398
E00073714,0,171,0,0,0,35,58,0,0,0,0,8,16,0,1,3,1,293
E00073715,1,222,0,0,0,97,57,0,0,0,0,1,28,0,1,2,1,410
E00073716,0,148,0,0,0,67,34,0,0,0,0,1,26,0,0,0,2,278
E00073717,1,158,0,0,0,86,51,0,1,0,0,7,6,3,3,0,2,318
E00073718,0,213,0,0,0,60,40,0,0,0,1,6,39,0,0,0,0,359
E00073719,1,204,0,0,0,92,62,0,2,0,0,7,25,0,1,0,1,395
E00073720,0,253,0,0,0,53,52,2,1,2,1,0,21,0,0,1,1,387
E00073721,0,145,0,1,0,45,57,0,2,1,2,5,16,0,1,0,0,275
E00073722,0,232,0,0,0,61,57,1,0,0,1,3,34,0,0,0,3,392
E00073723,0,171,0,0,0,59,72,0,0,0,0,5,20,0,0,0,3,330
E00073724,0,287,0,0,0,120,83,0,1,0,0,7,20,0,0,0,3,521
E00073725,0,125,0,0,0,54,65,2,1,0,0,1,13,1,1,0,0,263
E00073726,0,140,0,0,0,44,49,1,0,0,0,0,17,0,0,0,0,251
E00073727,1,134,0,0,0,64,30,0,1,0,0,3,4,0,0,0,0,237
E00073728,0,175,0,0,0,46,60,0,2,0,0,7,17,0,1,0,0,308
E00073729,0,176,0,0,0,46,37,0,0,0,0,1,16,0,0,0,4,280
E00073730,1,171,0,0,0,59,40,0,0,0,0,0,24,0,0,0,0,295
E00073731,0,162,0,0,0,37,56,1,0,0,0,3,18,0,0,2,3,282
E00073732,1,148,0,0,0,61,34,1,3,0,0,0,18,0,4,0,0,270
E00073733,1,156,0,0,0,46,38,0,0,0,1,2,14,0,0,1,0,259
E00073734,0,150,0,0,0,44,38,0,1,0,1,7,8,0,0,1,4,254
E00073735,0,171,0,0,0,51,50,0,1,0,1,6,23,0,0,2,1,306
E00073736,1,176,0,0,0,41,36,0,0,0,0,8,4,0,1,3,3,273
E00073737,0,166,0,0,0,72,61,0,0,0,0,4,10,0,0,0,1,314
E00073738,0,202,0,0,0,51,65,0,3,1,0,2,6,0,0,2,2,334
E00073739,1,172,0,0,0,89,92,0,0,0,0,0,6,0,1,0,4,365
E00073740,0,180,0,1,0,65,49,0,1,0,1,2,10,0,0,0,1,310
E00073741,1,148,0,0,0,55,54,0,2,0,0,0,9,0,1,0,1,271
E00073743,3,200,0,0,0,50,68,0,2,0,0,5,10,0,0,1,2,341
E00073744,0,205,0,0,0,70,46,0,0,0,0,2,41,0,3,0,3,370
E00073745,0,193,0,0,0,65,40,0,0,0,0,4,38,0,1,0,4,345
E00073746,0,131,0,0,0,31,22,0,4,0,0,11,57,0,2,1,1,260
E00073747,0,159,0,0,0,48,47,0,1,0,0,10,15,2,2,2,6,292
E00073748,0,309,0,0,0,98,63,0,2,0,0,9,120,0,0,0,6,607
E00073749,0,150,0,0,0,45,50,1,0,0,0,2,32,1,1,2,2,286
E00073750,3,167,0,0,0,50,27,0,0,0,0,5,33,2,1,2,5,295
E00073751,0,203,0,0,0,64,32,1,0,0,2,9,16,0,0,1,3,331
E00073752,1,317,0,0,0,70,63,0,6,0,1,25,65,3,1,0,4,556
E00073754,0,194,0,0,0,60,46,0,2,0,0,16,69,1,0,2,2,392
E00073755,0,176,0,0,0,47,20,0,1,0,1,3,43,0,1,1,0,293
E00073756,1,72,0,0,0,15,38,0,2,0,0,3,28,0,2,0,0,161
E00073757,1,139,0,0,0,52,46,1,2,0,0,6,21,1,1,4,2,276
E00073758,3,243,0,0,0,51,46,1,0,0,0,12,63,0,0,3,0,422
E00073759,2,222,0,0,0,54,42,0,0,0,2,9,39,0,4,0,1,375
E00073760,1,174,0,0,0,30,41,2,0,1,2,14,44,0,0,3,5,317
E00073761,0,216,0,0,0,49,65,0,0,0,0,12,58,0,0,0,0,400
E00073762,0,142,0,0,0,50,32,0,0,0,1,6,24,0,0,2,5,262
E00073763,1,163,0,0,0,49,39,0,0,0,0,7,60,0,1,1,1,322
E00073764,1,188,0,0,0,74,35,0,1,0,0,8,71,0,3,1,2,384
E00073765,1,165,0,0,0,44,45,3,1,0,0,11,16,0,0,2,2,290
E00073766,2,201,0,0,0,62,51,0,4,0,0,10,28,0,0,2,0,360
E00073767,6,219,0,0,0,63,50,0,0,0,0,6,49,1,1,4,2,401
E00073768,0,220,0,0,0,50,51,0,0,1,1,6,51,2,0,2,0,384
E00073769,0,142,0,0,0,80,45,0,1,0,0,0,21,0,1,1,0,291
E00073770,2,169,0,0,0,43,25,0,0,0,0,5,34,0,0,0,1,279
E00073771,1,177,0,0,0,39,69,0,0,0,0,9,28,0,0,1,0,324
E00073772,0,187,0,0,0,58,59,0,0,0,0,5,20,0,2,0,1,332
E00073773,0,151,0,0,0,56,57,0,0,0,0,7,40,0,0,0,0,311
E00073774,0,233,0,0,0,55,55,1,2,0,0,12,58,0,2,1,1,420
E00073775,1,273,0,0,0,54,35,0,0,0,0,12,45,0,0,1,1,422
E00073776,0,162,0,0,0,24,22,0,1,0,0,9,55,0,0,0,1,274
E00073777,0,137,0,0,0,26,56,0,0,0,0,5,38,0,3,0,2,267
E00073778,3,166,0,0,0,69,58,0,1,0,0,3,26,0,0,1,2,329
E00073779,1,149,0,0,0,26,44,0,1,0,0,13,12,3,3,4,5,261
E00073780,2,103,0,0,0,31,42,0,0,0,0,5,28,0,1,0,1,213
E00073781,1,188,1,0,0,49,59,0,3,0,0,9,20,0,0,2,2,334
E00073782,0,232,0,0,0,52,89,0,1,0,0,7,30,0,1,0,0,412
E00073783,0,214,0,0,0,66,65,0,0,0,1,3,12,1,0,0,3,365
E00073784,0,300,0,0,0,98,100,0,5,0,4,12,33,0,0,0,0,552
E00073785,0,220,0,0,0,69,82,0,0,0,0,2,4,0,0,1,0,378
E00073786,0,264,0,0,0,81,57,0,1,0,0,5,45,0,1,1,3,458
E00073787,0,220,0,0,0,73,61,0,1,0,0,3,25,0,0,0,0,383
E00073788,0,177,0,0,0,66,69,0,1,0,1,7,12,3,0,0,2,338
E00073789,0,173,0,0,0,58,76,0,0,1,0,5,13,0,2,0,3,331
E00073790,0,238,0,1,0,81,94,0,0,0,0,5,13,0,0,0,0,432
E00073791,0,127,0,0,0,51,45,0,0,0,0,3,17,0,1,2,7,253
E00073792,1,210,0,0,0,92,64,0,0,0,0,3,43,0,0,1,6,420
E00073793,1,183,0,0,0,69,64,0,2,0,0,7,31,0,0,1,0,358
E00073794,1,161,0,0,0,60,57,4,1,0,1,13,41,0,0,1,1,341
E00073795,1,198,0,0,0,74,55,0,0,0,1,6,14,0,1,0,0,350
E00073796,0,135,0,0,0,63,60,0,6,0,0,1,2,0,0,2,0,269
E00073797,2,145,0,0,0,47,53,0,1,0,0,3,22,0,1,0,0,274
E00073798,0,166,0,0,0,63,67,0,5,0,0,2,14,1,2,2,4,326
E00073799,1,214,0,0,0,78,56,1,0,0,1,2,25,0,0,0,2,380
E00073800,1,136,0,0,0,46,50,0,0,0,0,5,15,0,2,0,0,255
E00073801,0,143,0,0,0,50,75,0,1,0,0,3,12,0,0,1,1,286
E00073802,0,149,0,0,0,61,69,0,2,0,0,9,30,0,0,0,0,320
E00073803,0,199,0,0,0,58,52,0,0,0,1,4,16,0,0,1,4,335
E00073804,0,116,0,1,0,62,55,0,1,0,0,0,8,0,1,0,2,246
E00073805,0,171,0,0,0,59,64,0,0,0,1,5,5,0,1,0,1,307
E00073806,0,127,0,0,0,57,68,0,1,1,1,1,4,0,1,0,0,261
E00073807,0,136,0,0,0,69,74,0,0,0,0,2,24,0,0,0,0,305
E00073808,0,123,0,0,0,55,77,0,1,0,0,1,4,2,1,1,0,265
E00073809,0,179,0,0,0,53,71,0,3,0,0,1,4,0,0,2,0,313
E00073810,0,151,0,0,0,57,66,0,0,0,0,0,4,0,1,3,8,290
E00073811,0,201,0,0,0,57,45,2,0,1,0,5,28,0,4,1,0,344
E00073812,0,161,0,0,0,71,47,0,1,0,0,4,12,0,1,1,2,300
E00073813,1,154,0,0,0,57,62,0,1,0,0,4,23,1,0,0,1,304
E00073814,1,200,0,0,0,65,73,0,4,0,1,7,14,0,0,2,3,370
E00073815,2,201,0,0,0,91,84,0,0,0,0,9,34,0,0,0,0,421
E00073816,1,156,0,0,0,43,62,0,0,0,0,4,8,0,0,0,1,275
E00073817,0,210,0,0,0,83,50,0,0,0,0,3,30,1,0,0,3,380
E00073818,3,202,0,0,0,49,37,2,5,0,0,9,20,0,4,3,5,339
E00073819,0,164,0,0,0,45,29,1,1,2,1,5,19,2,1,4,6,280
E00073820,4,170,0,0,0,41,18,2,1,0,0,5,22,0,4,0,6,273
E00073821,2,121,0,1,0,33,26,2,0,0,0,9,33,3,2,2,2,236
E00073822,0,279,0,0,0,54,27,5,4,0,2,24,29,1,2,4,3,434
E00073823,1,150,0,0,0,41,28,1,0,0,0,4,13,2,1,3,5,249
E00073824,1,205,0,0,0,53,33,0,5,0,0,5,19,0,2,2,4,329
E00073825,0,253,0,0,0,49,24,1,7,0,0,11,18,1,3,0,2,369
E00073826,1,193,0,0,0,42,40,1,1,0,2,11,25,1,3,5,8,333
E00073827,2,246,0,1,0,55,25,0,8,4,0,13,23,1,1,5,7,391
E00073828,4,123,0,0,0,55,35,3,2,0,0,16,21,1,3,2,11,276
E00073829,2,165,0,0,0,31,24,1,2,0,1,4,17,2,3,4,5,261
E00073830,2,216,0,0,0,54,23,0,1,2,2,18,22,2,1,1,7,351
E00073831,1,218,0,0,0,31,18,0,1,0,1,6,20,1,0,3,3,303
E00073832,2,191,0,0,0,21,16,1,0,0,0,10,20,0,5,2,4,272
E00073833,1,232,0,1,0,53,26,1,3,3,1,10,8,2,3,2,5,351
E00073834,0,177,0,0,0,33,33,1,4,1,2,6,18,4,0,2,5,286
E00073835,1,193,0,1,0,52,42,0,1,1,1,19,13,0,0,0,1,325
E00073836,2,128,0,0,0,28,13,0,1,0,0,2,18,3,1,1,5,202
E00073837,1,174,0,0,0,44,48,0,0,0,3,17,17,0,0,0,6,310
E00073838,0,228,1,0,0,49,33,0,2,1,1,5,12,3,5,1,1,342
E00073839,0,211,0,0,0,57,39,0,4,0,0,7,15,4,1,1,6,345
E00073840,0,227,0,0,0,60,22,3,2,2,0,14,11,2,1,1,4,349
E00073841,1,171,0,0,0,62,40,2,2,0,1,12,11,1,8,5,6,322
E00073842,1,220,0,1,0,44,41,1,1,0,0,8,19,2,1,4,6,349
E00073843,2,206,0,0,0,51,48,1,8,1,2,9,19,0,5,0,3,355
E00073844,2,232,0,1,0,52,17,1,0,1,0,15,15,4,0,2,3,345
E00073845,4,212,0,1,0,44,39,2,1,0,1,12,15,2,1,1,3,338
E00073846,4,178,0,1,0,49,32,0,0,0,0,3,9,1,2,3,5,287
E00073847,0,193,0,0,0,52,37,0,3,0,0,5,19,1,4,1,3,318
E00073848,2,202,0,0,0,48,34,2,1,2,1,6,23,0,0,3,8,332
E00073849,2,235,0,1,0,52,27,0,2,0,3,16,20,2,5,3,2,370
E00073850,2,185,0,0,0,56,25,0,8,1,3,7,10,1,0,5,8,311
E00073851,2,168,0,0,0,27,29,0,1,0,0,15,23,3,1,1,3,273
E00073852,0,190,0,0,0,47,35,0,1,0,0,6,35,0,0,0,7,321
E00073853,1,200,0,1,0,42,45,0,5,0,2,11,24,0,1,3,2,337
E00073854,3,198,0,1,0,32,32,0,1,0,0,8,31,1,1,0,6,314
E00073855,2,117,0,0,0,33,39,0,1,0,0,20,32,1,0,1,2,248
E00073856,0,191,0,0,0,56,30,0,5,0,0,11,35,0,2,0,0,330
E00073857,1,243,0,2,0,53,46,0,1,0,0,2,44,0,2,1,10,405
E00073858,0,171,0,0,0,61,45,1,1,0,0,8,29,0,1,0,0,317
E00073859,1,331,0,1,0,67,47,3,0,0,2,12,109,2,2,3,5,585
E00073860,0,104,0,0,0,24,23,0,0,0,0,7,20,0,1,0,0,179
E00073861,0,209,0,0,0,49,31,1,0,0,1,11,70,1,0,0,5,378
E00073862,3,294,0,0,0,83,80,0,0,0,0,12,71,0,0,1,6,550
E00073864,1,299,0,0,0,65,70,1,3,0,0,8,71,0,0,3,6,527
E00073865,0,196,0,1,0,54,71,0,2,0,0,9,4,0,0,1,2,340
E00073866,1,199,0,0,0,50,45,0,1,0,0,6,27,1,0,0,0,330
E00073867,4,171,0,0,0,39,48,0,0,0,0,13,26,1,4,2,0,308
E00073868,1,153,0,0,0,52,43,2,1,1,1,17,15,0,4,2,4,296
E00073869,1,203,0,0,0,23,61,1,3,0,1,4,23,0,0,1,3,324
E00073870,0,237,0,1,0,54,33,3,0,0,0,9,37,0,0,0,5,379
E00073871,2,185,0,1,0,44,30,0,2,0,0,11,45,0,0,0,1,321
E00073872,0,219,0,0,0,46,55,1,1,0,0,13,39,0,0,2,0,376
E00073873,0,266,0,0,0,23,49,0,0,0,1,4,40,1,1,5,2,392
E00073874,0,241,0,0,0,57,44,0,1,0,0,9,44,0,0,0,2,398
E00073875,3,268,0,0,0,46,26,0,2,0,0,8,38,1,1,2,6,401
E00073876,1,204,0,0,0,47,51,0,1,0,1,23,44,0,0,0,2,374
E00073877,1,227,0,0,0,19,29,0,0,1,0,13,81,0,1,2,0,374
E00073878,0,132,0,0,0,54,45,0,0,0,0,11,47,0,0,2,6,297
E00073879,0,251,0,0,0,38,51,0,1,0,0,11,51,0,0,4,5,412
E00073880,0,247,0,0,0,32,35,0,2,0,0,11,54,0,0,1,5,387
E00073881,4,227,0,0,0,39,36,0,1,0,1,21,73,0,0,2,3,407
E00073882,2,212,0,0,0,20,29,1,0,0,1,16,55,0,1,1,3,341
E00073883,0,236,0,0,0,44,41,1,0,0,0,21,39,0,0,0,1,383
E00073884,5,167,0,0,0,33,30,0,5,0,0,5,42,0,1,4,4,296
E00073885,1,171,0,0,0,68,50,0,0,1,1,8,24,0,0,2,0,326
E00073886,3,179,0,0,0,34,42,1,1,0,0,13,61,1,0,3,5,343
E00073887,1,260,0,0,0,35,29,0,0,0,0,7,99,0,1,0,3,435
E00073888,0,249,0,2,0,38,40,0,1,0,0,3,54,0,0,0,0,387
E00073889,0,157,0,1,0,45,42,1,0,0,0,8,49,0,2,0,6,311
E00073890,0,189,0,0,0,52,52,1,0,1,0,6,41,1,1,3,2,349
E00073891,0,189,0,0,0,34,49,0,0,0,0,23,87,0,0,1,1,384
E00073892,1,166,0,1,0,44,41,1,6,0,1,19,28,2,0,3,5,318
E00073893,4,217,0,0,0,62,31,3,11,0,0,16,25,4,1,5,5,384
E00073894,3,212,0,0,0,60,47,1,7,0,1,13,21,1,2,11,13,392
E00073895,0,176,0,0,0,34,33,0,0,0,1,18,35,0,0,0,3,300
E00073896,0,194,0,1,0,59,43,0,0,0,0,13,32,0,0,2,4,348
E00073897,0,148,0,2,0,58,34,0,5,0,0,12,54,0,3,3,10,329
E00073898,2,234,0,0,0,46,42,1,3,0,0,11,51,0,1,0,4,395
E00073899,4,223,0,0,0,37,45,2,0,0,2,19,40,0,3,2,4,381
E00073900,2,245,0,0,0,33,34,0,0,0,0,7,31,0,2,2,4,360
E00073901,3,215,0,2,0,55,37,1,5,1,4,15,51,1,2,1,10,403
E00073902,2,178,0,0,0,63,28,0,1,0,0,6,27,0,1,3,9,318
E00073904,3,202,1,0,0,70,43,1,5,2,2,12,59,1,1,2,10,414
E00073905,3,354,0,0,0,66,34,0,3,0,1,15,86,1,4,3,14,584
E00073906,2,187,0,0,0,53,48,0,2,3,0,6,27,0,4,9,4,345
E00073907,2,230,1,0,0,56,29,2,3,0,1,10,21,0,0,1,5,361
E00073908,2,173,0,0,0,45,13,4,2,0,1,15,52,0,2,2,5,316
E00073909,1,147,0,0,0,63,27,1,1,0,0,7,42,0,1,1,2,293
E00073910,0,146,0,0,0,49,29,1,2,0,0,10,31,3,1,0,0,272
E00073911,1,186,0,0,0,46,27,0,3,0,1,8,33,0,2,3,2,312
E00073912,2,218,0,0,0,40,36,3,1,0,0,16,72,1,5,4,9,407
E00073913,0,192,0,0,0,37,45,0,0,0,2,12,59,0,0,4,4,355
E00073914,3,218,0,0,0,74,40,1,0,0,3,5,14,0,0,3,9,370
E00073915,2,272,0,3,0,79,63,1,1,2,1,15,46,1,3,2,13,504
E00073916,1,197,0,0,0,61,50,0,0,0,0,7,10,2,2,1,2,333
E00073917,0,249,0,0,0,36,27,5,3,0,0,11,31,2,1,0,3,368
E00073918,2,202,0,4,0,28,59,1,0,0,1,2,29,1,3,3,4,339
E00073919,1,214,0,0,0,53,62,1,1,0,0,9,59,1,1,0,4,406
E00073921,0,146,0,3,0,24,34,0,1,0,0,11,33,0,0,1,3,256
E00073922,2,179,0,0,0,32,55,0,1,0,4,7,45,1,1,3,4,334
E00073923,1,222,0,0,0,33,48,1,0,0,0,8,43,2,1,2,1,362
E00073925,3,190,0,0,0,52,39,1,1,1,0,9,72,2,5,4,10,389
E00073926,4,214,0,0,0,55,41,0,0,0,1,19,70,1,4,5,3,417
E00073927,0,179,0,1,0,74,46,2,0,0,0,10,34,0,0,0,4,350
E00073928,1,203,0,1,0,52,27,0,2,1,1,5,51,4,2,5,23,378
E00073929,3,161,0,0,0,37,46,1,0,0,1,9,22,0,0,1,2,283
E00073930,0,190,0,0,0,42,38,0,1,0,0,7,23,0,3,0,2,306
E00073931,0,173,0,0,0,25,47,1,1,0,2,4,27,2,2,0,6,290
E00073932,0,193,0,0,0,56,47,0,1,0,0,6,9,0,1,2,4,319
E00073933,0,146,0,0,0,31,37,1,3,0,0,11,12,0,3,0,1,245
E00073934,1,154,0,0,0,35,46,0,2,0,0,4,23,0,0,3,1,269
E00073935,1,200,0,0,0,66,34,0,0,0,0,8,22,0,3,0,2,336
E00073936,0,171,0,0,0,48,29,0,0,0,0,5,16,0,3,4,0,276
E00073937,0,210,0,0,0,43,47,1,1,0,2,4,41,0,0,2,1,352
E00073938,0,152,0,0,0,63,40,0,1,0,0,0,23,0,1,1,0,281
E00073939,1,202,0,0,0,66,39,0,0,0,0,11,61,1,0,6,2,389
E00073940,1,114,0,0,0,48,27,0,4,0,0,6,27,0,0,3,1,231
E00073941,1,165,0,0,0,68,69,0,0,1,0,5,49,0,0,0,2,360
E00073942,0,190,0,0,0,50,47,0,0,0,0,10,42,0,1,0,2,342
E00073943,2,188,0,0,0,49,52,0,0,0,0,8,55,3,0,0,5,362
E00073944,2,176,0,0,0,42,13,0,1,0,0,6,52,0,0,0,2,294
E00073945,0,164,0,0,0,49,37,0,0,0,0,16,70,0,3,0,3,342
E00073946,0,209,1,0,0,51,52,0,0,0,0,9,50,0,0,0,3,375
E00073947,0,158,0,0,0,56,44,1,0,0,0,8,38,0,1,0,2,308
E00073948,1,150,0,0,0,60,31,0,1,1,0,5,44,0,0,0,0,293
E00073949,1,110,0,0,0,31,57,0,1,0,2,1,36,1,1,1,1,243
E00073950,0,163,0,0,0,70,55,0,0,0,0,3,50,0,1,0,1,343
E00073951,1,154,0,0,0,54,30,2,2,0,1,3,27,1,0,1,1,277
E00073952,0,134,0,0,0,43,27,0,2,0,0,1,25,2,0,1,5,240
E00073953,0,125,0,0,0,50,54,0,2,0,2,2,22,0,1,0,1,259
E00073954,2,122,0,0,0,57,57,1,0,0,0,1,32,0,0,2,2,276
E00073955,2,231,0,0,0,44,44,0,1,0,2,6,15,1,3,4,7,360
E00073956,5,181,0,0,0,48,40,0,0,0,3,7,21,2,0,3,6,316
E00073957,0,170,0,0,0,34,51,0,4,0,0,10,18,0,1,2,1,291
E00073958,1,197,0,0,0,61,35,0,0,0,0,2,12,0,1,4,7,320
E00073959,0,233,0,0,0,48,52,0,0,0,1,7,31,1,0,1,3,377
E00073960,0,180,1,0,0,34,48,3,1,0,0,3,24,0,0,2,2,298
E00073961,0,208,0,1,0,59,39,0,2,0,3,18,20,0,0,1,1,352
E00073962,1,173,0,0,0,49,38,3,0,0,0,11,27,3,0,6,5,316
E00073963,1,212,0,0,0,59,65,1,2,0,4,3,27,0,0,1,4,379
E00073964,0,219,0,0,0,72,69,0,0,0,0,5,20,1,0,0,2,388
E00073965,2,168,0,0,0,57,59,2,0,0,0,5,32,0,1,0,0,326
E00073966,0,200,0,0,0,36,44,1,5,0,0,3,11,0,1,0,0,301
E00073967,1,213,0,0,0,45,20,0,5,0,1,5,20,1,2,1,6,320
E00073968,1,213,0,1,0,44,35,1,1,0,0,12,24,0,2,1,5,340
E00073969,4,183,0,0,0,26,28,2,2,0,2,10,46,1,2,0,7,313
E00073970,0,202,1,0,0,57,41,0,5,0,1,6,21,0,0,0,0,334
E00073971,1,218,0,0,0,46,32,2,2,0,0,11,37,1,3,0,3,356
E00073972,3,205,0,0,0,40,29,0,3,0,0,14,48,3,2,0,4,351
E00073973,1,221,0,0,0,47,36,1,2,0,0,20,55,0,1,3,5,392
E00073974,0,252,0,0,0,80,69,1,2,0,0,11,25,1,2,2,7,452
E00073975,0,187,0,2,0,64,29,1,0,0,0,8,16,0,0,2,5,314
E00073976,1,181,0,0,0,33,49,0,0,0,0,11,16,1,2,4,5,303
E00073977,3,244,0,0,0,49,59,3,2,0,1,9,24,0,4,1,9,408
E00073978,1,212,0,0,0,55,35,0,0,0,0,11,15,0,0,5,2,336
E00073979,1,202,0,0,0,34,21,5,3,0,2,14,17,0,0,2,2,303
E00073980,0,185,0,0,0,54,42,0,6,0,0,8,32,0,0,0,3,330
E00073981,1,175,0,0,0,59,52,0,1,0,0,4,22,0,0,0,1,315
E00073982,1,173,0,0,0,29,48,0,0,1,0,2,34,0,0,0,4,292
E00073983,0,209,0,0,0,52,73,0,4,1,1,9,14,0,0,1,7,371
E00073984,3,244,0,0,0,52,46,3,1,0,0,8,27,0,2,6,4,396
E00073985,0,186,0,0,0,46,55,0,1,0,1,2,22,0,2,0,1,316
E00073986,3,177,0,0,0,61,37,0,1,0,0,3,23,3,1,2,7,318
E00073987,0,190,0,0,0,60,47,0,1,1,0,7,47,0,0,0,1,354
E00073988,0,186,0,0,0,52,64,0,0,0,0,15,11,0,0,0,0,328
E00073989,0,236,0,0,0,60,80,0,0,0,0,4,17,0,1,1,0,399
E00073990,1,206,0,0,0,73,55,0,1,0,0,6,19,0,4,0,3,368
E00073991,0,212,0,0,0,75,69,0,3,0,0,9,38,1,2,0,9,418
E00073992,0,148,0,0,0,61,87,0,1,0,0,8,32,0,0,3,0,340
E00073993,0,220,0,0,0,65,35,0,0,0,0,6,38,1,0,1,0,366
E00073994,1,227,0,0,0,62,34,0,4,0,0,6,15,0,0,2,0,351
E00073995,0,170,0,0,0,51,71,1,4,0,1,7,28,0,0,0,2,335
E00073996,1,176,0,0,0,60,50,2,1,0,0,4,37,0,0,2,2,335
E00073997,1,116,0,0,0,46,41,3,3,0,0,2,13,0,0,0,1,226
E00073998,0,220,0,0,0,91,52,0,0,0,0,4,46,0,0,0,1,414
E00073999,0,234,0,0,0,62,58,0,0,1,0,3,30,0,0,0,2,390
E00074000,0,193,0,0,0,34,33,1,0,1,1,19,58,1,0,3,2,346
E00074001,0,206,0,0,0,28,17,0,4,0,0,12,66,1,0,2,1,337
E00074002,2,121,0,0,0,45,31,2,0,0,0,9,85,1,2,0,2,300
E00074003,4,267,0,0,0,54,56,0,1,0,0,15,111,1,1,0,5,515
E00074006,3,266,0,0,0,39,31,1,2,0,0,6,83,0,1,2,3,437
E00074007,0,79,0,2,0,29,14,0,0,0,0,12,94,2,2,4,2,240
E00074008,0,90,0,0,0,18,35,0,2,0,0,14,47,0,2,0,0,208
E00074009,2,224,0,0,0,27,35,0,2,3,0,18,88,0,3,2,1,405
E00074010,0,307,0,0,0,32,43,0,4,0,0,24,93,0,2,0,0,505
E00074011,2,157,0,0,0,19,22,0,3,0,1,12,73,0,2,1,3,295
E00074012,0,148,0,0,0,18,20,0,1,0,0,9,59,0,1,0,4,260
E00074013,0,229,0,0,0,22,19,1,3,0,0,10,77,0,2,1,7,371
E00074014,1,223,0,2,0,39,18,2,3,0,0,17,76,0,0,1,6,388
E00074016,0,271,0,0,0,33,26,1,0,1,1,7,88,3,0,3,0,434
E00074018,8,324,1,0,0,31,15,1,2,0,1,24,109,3,0,3,8,530
E00074019,0,279,0,0,0,18,8,0,0,0,0,15,97,3,0,0,0,420
E00074020,0,238,1,0,0,48,27,1,2,0,3,18,106,1,0,6,4,455
E00074021,0,270,0,1,0,12,7,0,2,0,0,13,90,0,0,0,3,398
E00074022,0,318,0,0,0,42,20,1,0,0,0,15,75,0,0,2,4,477
E00074023,0,344,0,0,0,30,35,0,2,0,0,23,139,0,0,1,3,577
E00074024,0,283,0,0,0,14,12,2,0,0,1,15,101,1,1,0,0,430
E00074025,1,263,0,0,0,19,16,1,1,1,1,27,134,1,0,0,8,473
E00074026,4,283,0,0,0,41,19,0,3,1,0,21,130,0,0,0,4,506
E00074027,0,240,0,0,0,13,16,0,1,0,0,6,72,0,0,0,1,349
E00074028,0,401,0,0,0,19,34,0,0,0,0,26,90,1,1,1,3,576
E00074029,0,392,0,0,0,32,16,2,1,0,0,11,123,0,0,1,0,578
E00074030,0,124,0,0,0,14,23,0,1,0,0,0,40,1,3,0,2,208
E00074032,0,276,0,0,0,12,18,0,3,0,0,12,78,0,0,0,1,400
E00074033,0,287,0,1,0,16,21,0,0,0,0,19,121,0,2,0,0,467
E00074034,0,237,0,0,0,21,10,0,1,1,0,8,56,0,0,0,0,334
E00074037,0,211,0,0,0,12,13,0,1,0,1,9,75,0,0,1,0,323
E00074038,0,234,0,0,0,18,19,1,1,0,0,12,90,0,0,0,0,375
E00074041,1,205,0,0,0,28,20,0,0,0,0,8,76,0,2,2,5,347
E00074042,0,191,0,0,0,13,26,0,0,0,0,7,71,0,1,0,0,309
E00074045,1,194,0,0,0,52,38,0,5,0,3,6,29,1,2,0,0,331
E00074046,0,282,1,0,0,37,79,0,8,0,1,16,61,0,1,0,7,493
E00074047,1,199,0,0,0,54,45,2,0,0,0,8,28,1,0,0,1,339
E00074048,1,189,0,0,0,57,32,0,1,1,2,12,27,0,0,1,7,330
E00074049,0,228,0,0,0,41,41,0,2,0,0,10,34,0,0,2,4,362
E00074050,0,118,0,0,0,24,35,0,4,0,0,8,22,0,1,0,1,213
E00074051,2,226,0,0,0,51,34,1,4,0,0,28,40,0,1,2,5,394
E00074052,1,197,0,0,0,44,43,1,0,1,2,13,17,0,1,1,5,326
E00074053,2,251,0,0,0,39,24,0,7,0,2,19,45,1,0,3,7,400
E00074054,1,303,0,0,0,26,32,3,0,0,3,13,45,0,0,3,1,430
E00074055,0,341,0,1,0,43,37,0,1,1,0,20,80,0,2,1,6,533
E00074056,0,241,0,0,0,23,34,1,0,1,3,11,55,0,0,0,3,372
E00074057,1,286,0,4,0,26,37,0,0,1,0,18,54,1,1,1,6,436
E00074058,1,273,0,4,0,41,37,1,3,1,2,24,61,3,0,0,9,460
E00074060,3,248,0,1,0,58,36,0,0,0,0,12,68,0,0,1,7,434
E00074061,4,216,0,3,0,46,37,0,0,0,0,13,85,0,0,0,3,407
E00074062,1,181,1,1,0,32,33,0,0,0,1,11,81,0,0,2,6,350
E00074063,2,188,0,0,0,37,38,0,1,0,4,27,42,0,2,0,0,341
E00074064,0,176,0,0,0,49,43,0,0,0,0,4,31,0,1,1,3,308
E00074065,0,183,0,0,0,20,30,0,3,0,0,10,47,0,2,0,1,296
E00074066,0,196,0,0,0,49,31,0,2,1,0,8,31,1,0,0,3,322
E00074067,0,158,0,0,0,41,49,0,0,0,0,9,31,0,0,0,1,289
E00074068,0,123,0,0,0,21,27,0,2,0,0,9,47,0,1,1,1,232
E00074069,2,187,0,0,0,30,48,0,0,0,0,3,40,2,1,0,2,315
E00074070,2,188,0,0,0,53,34,0,0,0,0,8,37,0,0,0,2,324
E00074071,0,111,0,0,0,19,18,0,0,0,0,5,26,0,0,0,0,179
E00074072,5,233,1,0,0,36,45,0,2,0,0,13,49,0,0,1,8,393
E00074073,1,191,0,1,0,64,31,0,1,0,0,7,39,0,1,1,8,345
E00074074,0,219,0,1,0,44,33,0,0,0,0,8,36,0,0,0,1,342
E00074075,3,176,0,0,0,44,34,0,1,0,0,11,42,1,0,3,4,319
E00074076,1,180,0,0,0,42,43,0,1,0,1,10,34,0,3,0,9,324
E00074077,0,215,0,1,0,55,55,0,1,0,0,10,51,2,1,0,4,395
E00074078,2,183,0,0,0,49,30,0,3,2,2,19,28,2,3,4,8,335
E00074079,1,195,0,0,0,58,22,1,4,0,0,18,19,1,2,2,7,330
E00074080,2,176,0,0,0,43,26,2,5,0,0,12,21,2,1,1,4,295
E00074081,2,269,0,0,0,66,43,0,5,0,1,20,77,0,6,2,7,498
E00074082,2,156,0,0,0,57,20,4,3,1,2,6,31,1,0,3,3,289
E00074083,4,176,1,0,0,41,38,3,4,0,0,11,41,0,1,3,6,329
E00074084,1,167,0,0,0,29,17,3,3,0,1,8,33,0,2,2,2,268
E00074085,0,151,0,2,0,32,17,0,5,0,0,15,27,1,3,2,2,257
E00074086,1,154,0,0,0,49,22,0,1,0,0,15,28,0,1,4,4,279
E00074087,3,219,0,0,0,53,23,7,9,1,0,14,27,1,2,5,7,371
E00074088,5,314,0,0,0,90,37,1,0,0,0,22,62,3,1,4,11,550
E00074089,4,214,0,0,0,38,21,2,3,0,2,18,31,2,3,2,6,346
E00074090,1,184,0,2,0,49,13,0,4,0,3,16,30,0,6,1,8,317
E00074091,0,192,0,0,0,32,17,0,2,0,0,17,14,0,1,3,6,284
E00074092,0,125,0,0,0,37,32,1,0,0,0,13,23,0,4,4,8,247
E00074093,0,275,0,0,0,72,37,7,5,0,0,5,12,2,1,3,9,428
E00074094,1,206,0,1,0,73,28,0,0,0,2,20,21,1,0,0,4,357
E00074095,1,224,0,1,0,65,35,0,1,0,1,4,29,1,5,8,3,378
E00074096,1,209,0,1,0,45,32,1,5,0,2,13,33,1,0,4,5,352
E00074097,3,213,0,1,0,54,27,1,3,0,0,26,33,3,3,3,3,373
E00074098,1,224,0,2,0,41,21,2,6,0,0,7,9,1,1,3,5,323
E00074099,0,184,0,0,0,33,14,5,9,0,1,14,21,2,1,2,2,288
E00074100,2,217,0,0,0,38,35,0,0,0,4,10,31,2,2,3,3,347
E00074101,1,201,0,0,0,49,20,0,1,2,2,11,36,3,1,0,2,329
E00074102,0,198,0,0,0,32,26,0,6,0,1,9,13,2,0,2,2,291
E00074103,0,202,0,0,0,51,25,0,3,0,6,12,36,2,2,0,6,345
E00074104,3,191,0,1,0,45,22,0,1,0,1,15,43,0,3,1,3,329
E00074105,3,212,0,1,0,55,37,0,0,0,0,22,51,1,3,0,8,393
E00074106,2,203,0,0,0,59,32,1,6,2,1,6,7,0,0,5,4,328
E00074107,1,128,0,0,0,30,25,0,1,0,2,10,26,4,2,3,3,235
E00074108,5,235,0,0,0,48,33,2,2,0,1,10,28,0,1,2,2,369
E00074109,0,261,0,0,0,48,39,0,3,0,0,30,54,2,1,5,8,451
E00074110,0,159,0,0,0,47,31,1,2,0,0,21,35,1,5,1,6,309
E00074111,2,181,0,0,0,38,13,0,1,1,2,14,22,0,0,5,3,282
E00074112,5,199,0,0,0,50,23,1,4,3,2,10,35,1,4,5,10,352
E00074113,1,171,0,0,0,39,33,2,0,0,0,22,28,1,2,4,2,305
E00074114,0,189,0,0,0,47,26,3,4,0,1,20,41,3,1,3,7,345
E00074115,1,222,0,0,0,62,42,1,1,0,1,13,46,0,0,0,2,391
E00074116,0,227,0,0,0,79,47,1,0,0,0,16,73,0,3,2,5,453
E00074117,3,138,0,0,0,42,54,0,0,0,3,8,46,0,0,4,4,302
E00074118,3,174,0,0,0,53,55,1,3,0,0,3,10,0,0,0,7,309
E00074119,1,187,0,0,0,40,60,1,2,0,0,7,99,0,0,0,2,399
E00074120,0,206,0,0,0,69,44,0,2,0,1,8,56,0,1,0,0,387
E00074121,5,175,0,0,0,59,61,0,1,0,0,7,48,0,0,0,5,361
E00074122,1,101,0,0,0,37,39,0,1,0,0,5,32,0,0,1,2,219
E00074123,1,218,0,0,0,52,73,0,1,0,1,2,16,1,3,1,3,372
E00074124,3,207,0,0,0,51,34,0,0,0,0,6,25,0,0,1,1,328
E00074125,0,191,0,0,0,44,64,0,0,1,0,13,15,1,2,0,2,333
E00074126,2,230,0,0,0,34,43,0,1,0,0,16,45,0,1,0,3,375
E00074127,0,148,1,0,0,49,55,0,2,0,0,6,24,0,0,2,4,291
E00074128,1,177,0,0,0,52,52,0,0,0,1,7,27,1,3,0,1,322
E00074129,2,165,0,0,0,60,69,0,1,0,0,4,19,0,0,0,3,323
E00074130,2,218,0,1,0,34,62,0,0,0,1,15,21,0,0,1,0,355
E00074131,6,208,0,1,0,51,56,1,0,2,0,4,25,1,0,2,4,361
E00074132,0,182,0,0,0,50,67,0,1,1,0,4,11,0,0,2,1,319
E00074133,1,171,0,0,0,45,39,0,0,0,1,6,15,0,2,0,2,282
E00074134,0,166,0,0,0,53,59,2,1,0,1,5,12,0,1,4,0,304
E00074135,1,206,0,0,0,52,60,2,2,1,0,3,43,1,0,3,1,375
E00074136,0,177,0,0,0,45,73,0,1,0,0,5,15,0,0,0,1,317
E00074137,0,132,0,1,0,44,33,1,1,0,0,6,49,0,0,2,3,272
E00074138,0,134,0,0,0,38,86,0,0,0,0,10,15,0,0,0,5,288
E00074139,1,210,0,0,0,49,25,0,2,0,0,11,28,1,0,0,3,330
E00074140,1,123,0,0,0,41,49,0,1,0,0,3,29,0,0,1,5,253
E00074141,2,206,0,0,0,51,57,0,1,0,0,3,14,0,0,0,2,336
E00074142,0,191,0,0,0,53,52,1,1,2,1,6,19,0,0,3,3,332
E00074143,0,228,0,0,0,48,75,0,9,0,0,8,16,0,0,1,5,390
E00074144,0,201,0,1,0,38,62,0,2,0,1,4,9,0,0,0,2,320
E00074145,2,178,0,0,0,51,58,0,1,0,0,4,13,0,0,1,4,312
E00074146,1,238,0,0,0,52,36,0,0,0,0,1,49,1,3,0,1,382
E00074147,0,214,0,0,0,47,53,0,0,0,0,13,73,0,0,0,0,400
E00074148,0,159,0,2,0,54,57,0,0,0,0,9,29,0,1,1,0,312
E00074149,1,236,0,1,0,94,52,0,0,0,1,14,70,0,0,0,1,470
E00074150,0,152,0,0,0,30,24,1,1,1,0,10,44,0,2,0,0,265
E00074151,0,229,0,0,0,31,34,0,2,0,0,8,46,1,2,2,3,358
E00074152,1,140,1,0,0,48,43,0,1,0,0,6,39,0,1,1,3,284
E00074153,0,155,0,0,0,39,57,0,0,0,0,9,21,1,0,3,4,289
E00074154,0,238,0,1,0,35,51,0,1,0,0,10,32,1,1,1,1,372
E00074155,4,193,0,0,0,47,42,0,0,0,0,9,54,0,3,4,1,357
E00074156,0,181,0,0,0,33,57,2,0,0,0,12,47,1,0,4,1,338
E00074157,0,163,0,0,0,33,59,0,0,0,0,9,39,0,0,1,4,308
E00074158,0,177,0,1,0,41,57,0,4,0,1,8,31,1,2,0,3,326
E00074159,0,226,0,0,0,58,37,2,0,0,0,12,57,0,0,0,0,392
E00074160,2,191,0,0,0,36,52,3,0,0,0,2,53,0,0,1,1,341
E00074161,1,260,0,0,0,57,59,1,3,0,0,19,70,1,1,6,4,482
E00074162,3,193,0,0,0,42,27,0,0,0,0,6,41,0,0,0,2,314
E00074163,1,182,0,2,0,56,39,0,0,0,0,2,23,1,3,2,1,312
E00074164,1,179,0,0,0,50,35,0,1,0,0,13,25,0,0,3,2,309
E00074165,0,242,0,0,0,47,44,0,0,0,0,16,41,0,1,0,1,392
E00074166,1,240,0,0,0,54,32,0,2,0,0,12,43,0,0,4,5,393
E00074167,4,172,0,0,0,36,24,0,1,1,2,20,28,1,2,0,0,291
E00074168,3,155,0,0,0,32,33,4,3,0,0,11,36,0,1,1,6,285
E00074169,0,210,0,1,0,31,36,1,1,1,0,5,24,1,1,1,10,323
E00074170,1,216,0,0,0,59,57,0,0,0,1,6,46,0,0,3,1,390
E00074171,1,144,0,0,0,42,48,2,2,0,5,8,41,0,1,1,3,298
E00074172,0,163,0,0,0,29,51,0,0,0,0,18,65,1,0,1,8,336
E00074173,4,179,0,0,0,46,51,0,2,0,0,10,26,1,0,1,5,325
E00074174,4,207,0,0,0,39,41,2,5,0,2,28,82,1,1,0,4,416
E00074175,1,237,0,0,0,43,54,1,2,0,0,17,59,0,3,0,4,421
E00074176,0,170,0,0,0,27,40,1,2,0,0,12,44,2,4,4,4,310
E00074177,3,167,0,0,0,34,41,0,0,1,0,0,15,0,0,0,0,261
E00074178,1,180,0,0,0,35,23,4,0,2,2,7,62,0,2,2,6,326
E00074179,4,201,0,1,0,51,51,0,0,0,1,10,41,0,1,0,7,368
E00074180,1,221,1,0,0,40,45,2,1,0,0,17,59,0,5,2,3,397
E00074181,0,177,0,1,0,60,41,3,5,0,0,17,72,0,1,1,4,382
E00074182,1,130,0,1,0,20,44,0,4,0,0,5,38,0,2,0,5,250
E00074183,0,169,0,0,0,27,36,0,7,0,0,14,29,0,0,0,1,283
E00074184,0,163,0,0,0,63,47,2,1,0,1,9,18,2,0,2,1,309
E00074185,1,161,0,0,0,41,25,1,0,0,0,14,27,0,1,1,4,276
E00074186,3,182,0,2,0,37,28,2,3,0,1,10,71,4,1,2,3,349
E00074187,1,167,0,0,0,43,25,1,1,1,3,7,31,0,1,3,4,288
E00074188,3,125,0,2,0,26,30,3,0,2,0,10,28,0,0,2,2,233
E00074189,0,148,0,0,0,34,33,1,1,0,0,17,31,2,1,0,3,271
E00074190,2,223,0,0,0,28,49,0,3,0,0,11,24,0,0,0,2,342
E00074191,1,238,0,1,0,55,28,0,3,0,0,4,53,2,4,2,5,396
E00074193,0,201,0,0,0,65,52,0,0,0,0,10,49,0,0,4,2,383
E00074194,0,120,0,1,0,29,41,0,1,2,1,1,18,0,0,0,0,214
E00074195,3,152,0,0,0,22,43,0,1,0,0,8,53,1,2,0,1,286
E00074197,1,135,0,1,0,34,39,0,0,1,0,20,42,0,0,0,0,273
E00074198,0,189,0,0,0,40,55,0,0,0,0,3,60,0,0,0,0,347
E00074199,1,196,0,0,0,48,57,1,3,0,0,7,78,0,1,0,0,392
E00074200,0,191,0,0,0,44,57,0,0,3,1,8,51,0,0,1,1,357
E00074201,6,274,0,0,0,69,52,0,0,0,1,8,91,0,0,3,2,506
E00074202,1,258,0,0,0,65,48,0,2,0,0,3,51,1,0,1,3,433
E00074203,0,129,0,0,0,26,33,0,0,0,1,3,14,0,0,0,0,206
E00074204,1,243,0,0,0,78,63,0,0,2,1,8,93,3,1,1,2,496
E00074205,0,220,0,0,0,39,32,0,3,1,0,3,32,0,0,4,1,335
E00074206,0,191,0,0,0,50,22,0,3,0,1,7,78,0,0,0,0,352
E00074207,0,240,0,0,0,47,43,0,0,0,0,7,45,0,0,2,2,386
E00074208,0,187,0,0,0,45,48,1,4,0,0,10,58,0,2,0,0,355
E00074209,0,259,0,0,0,51,41,0,3,0,1,16,81,0,1,0,0,453
E00074210,0,223,0,1,0,69,47,0,0,0,0,6,61,0,3,0,1,411
E00074211,6,163,0,0,0,34,56,2,1,0,0,13,89,2,0,1,3,370
E00074212,0,220,0,0,0,43,43,0,0,0,2,10,29,0,2,1,1,351
E00074213,3,228,0,0,0,67,75,0,5,0,0,7,34,1,6,4,5,435
E00074214,0,189,0,0,0,41,45,0,0,0,0,13,116,1,4,2,7,418
E00074215,0,226,0,0,0,77,53,0,2,0,0,7,63,0,1,0,2,431
E00074216,0,165,0,0,0,41,59,1,0,0,0,4,35,0,0,2,1,308
E00074217,0,184,0,0,0,37,56,0,1,0,2,4,55,0,1,0,0,340
E00074218,3,121,0,0,0,42,36,0,0,0,0,6,72,0,0,0,1,281
E00074219,1,214,1,0,0,62,39,0,1,0,1,11,84,0,0,0,1,415
E00074220,1,231,0,0,0,71,25,1,2,0,0,12,98,1,0,4,0,446
E00074221,0,181,0,0,0,50,35,0,1,0,1,7,72,0,0,0,1,348
E00074222,0,158,0,0,0,34,34,0,1,0,0,3,19,0,0,0,0,249
E00074223,4,169,0,0,0,41,49,0,0,0,0,4,8,0,1,1,3,280
E00074224,3,114,0,0,0,47,43,0,0,0,0,5,23,0,0,3,3,241
E00074225,0,184,0,0,0,35,54,0,0,0,0,8,22,0,1,1,3,308
E00074226,0,155,0,0,0,33,57,0,3,0,0,3,26,0,1,5,2,285
E00074227,0,172,0,0,0,44,57,0,1,0,0,6,35,0,1,1,5,322
E00074228,3,161,1,1,0,44,24,0,3,0,0,3,35,2,1,5,10,293
E00074229,0,147,0,0,0,27,36,1,4,0,2,4,57,1,4,0,2,285
E00074230,3,240,0,4,0,57,33,2,2,0,0,21,59,1,0,2,11,435
E00074231,0,169,0,0,0,30,33,0,4,0,0,16,44,0,3,4,5,308
E00074232,0,109,0,0,0,30,46,0,4,0,0,2,10,0,0,0,1,202
E00074233,1,146,0,0,0,33,29,1,0,0,1,6,39,0,0,0,1,257
E00074234,1,178,0,1,0,33,34,0,0,0,0,5,20,0,3,2,3,280
E00074235,1,129,0,0,0,30,38,1,4,0,0,5,49,1,3,2,4,267
E00074236,2,172,0,0,0,50,27,0,7,0,0,12,59,0,1,0,7,337
E00074237,1,237,0,0,0,66,36,0,2,0,0,29,38,1,1,3,12,426
E00074238,1,177,0,0,0,46,42,1,2,0,0,16,33,0,4,1,3,326
E00074240,4,235,0,0,0,53,39,1,0,0,1,19,44,0,1,2,5,404
E00074241,3,270,0,1,0,43,29,6,1,0,0,25,16,1,4,1,1,401
E00074243,2,186,0,1,0,61,24,1,1,2,0,15,38,0,0,4,6,341
E00074244,1,201,0,2,0,49,33,0,1,0,0,9,61,0,4,2,8,371
E00074245,2,196,1,0,0,30,24,1,2,2,1,11,27,1,4,3,5,310
E00074246,1,213,0,0,0,34,32,0,2,0,0,7,33,4,4,6,3,339
E00074247,0,219,0,1,0,77,35,0,0,1,0,21,35,2,4,4,5,404
E00074248,4,207,0,0,0,57,20,0,0,0,0,11,30,1,2,2,0,334
E00074250,3,199,0,0,0,27,34,1,7,1,1,20,30,0,0,3,7,333
E00074251,5,204,0,0,0,40,22,1,5,1,3,9,33,0,1,3,0,327
E00074252,3,177,0,0,0,39,27,0,0,0,0,9,31,0,3,0,4,293
E00074253,1,169,0,0,0,33,24,3,1,0,0,24,49,0,3,4,4,315
E00074254,2,159,0,0,0,24,36,2,5,0,1,6,26,0,1,2,5,269
E00074255,0,91,0,0,0,19,49,1,0,0,0,0,13,0,0,0,0,173
E00074256,0,182,0,1,0,50,30,1,1,0,1,7,29,0,4,0,5,311
E00074257,2,202,0,0,0,59,32,0,4,0,1,8,31,0,0,2,2,343
E00074258,2,257,0,0,0,60,43,1,5,0,1,36,52,0,3,8,12,480
E00074259,2,102,0,0,0,26,48,1,3,1,0,15,26,1,5,0,1,231
E00074260,1,206,0,0,0,44,50,0,0,0,0,8,26,1,2,1,5,344
E00074261,2,198,0,0,0,60,67,2,3,0,1,3,20,1,0,1,2,360
E00074262,0,194,0,0,0,51,63,1,2,0,1,15,17,2,1,3,4,354
E00074263,2,194,0,0,0,62,30,2,7,1,0,19,27,2,0,3,10,359
E00074264,2,255,0,1,0,55,53,0,6,0,1,15,39,2,1,5,5,440
E00074265,2,211,0,0,0,51,31,2,7,2,1,12,41,0,2,3,3,368
E00074266,1,156,0,0,0,53,65,0,1,0,0,0,4,0,0,0,1,281
E00074267,0,145,0,0,0,59,60,0,2,0,1,4,7,0,0,0,1,279
E00074268,0,202,0,0,0,66,57,0,0,1,0,6,13,0,1,0,0,346
E00074269,1,126,0,0,0,78,63,0,0,0,0,3,9,1,1,1,3,286
E00074270,2,147,0,1,0,68,85,0,1,0,0,0,7,0,0,0,6,317
E00074271,0,128,0,0,0,48,95,0,3,0,0,3,13,0,1,0,1,292
E00074272,0,139,0,0,0,44,62,0,0,0,1,4,15,0,1,0,0,266
E00074273,0,218,0,0,0,30,59,0,1,0,0,4,19,0,0,0,0,331
E00074274,3,142,0,0,0,52,42,1,0,0,0,4,21,0,0,2,1,268
E00074275,0,238,0,1,0,69,86,0,4,1,0,13,11,0,0,5,1,429
E00074276,2,214,0,0,0,85,61,0,0,0,0,8,8,0,3,0,1,382
E00074277,1,201,0,1,0,42,69,0,1,0,0,1,13,1,0,3,3,336
E00074278,0,153,0,0,0,54,70,0,2,0,0,2,13,1,0,0,1,296
E00074279,0,298,0,0,0,87,69,0,0,0,0,1,11,2,5,2,1,476
E00074280,2,156,0,0,0,46,54,0,3,0,1,1,2,0,0,0,1,266
E00074281,1,134,0,0,0,53,66,0,2,0,0,3,7,2,0,0,0,268
E00074282,0,173,0,0,0,59,88,0,0,0,0,1,13,0,0,0,2,336
E00074283,4,144,0,0,0,52,86,0,1,0,1,4,16,0,1,2,0,311
E00074284,0,85,0,0,0,51,49,0,0,1,2,3,13,0,0,0,0,204
E00074285,0,142,0,0,0,54,84,0,0,0,0,3,9,3,0,0,2,297
E00074286,0,117,0,0,0,54,63,0,0,0,0,4,10,0,0,0,1,249
E00074287,1,162,0,0,0,66,39,0,1,0,0,2,20,0,0,1,0,292
E00074288,2,202,0,0,0,94,86,0,1,0,0,7,30,2,2,1,3,430
E00074289,0,154,0,0,0,48,66,0,1,0,0,2,15,0,0,0,1,287
E00074290,0,178,0,0,0,36,57,1,1,0,1,3,14,0,0,0,0,291
E00074291,2,137,0,0,0,57,38,0,0,0,0,5,6,0,0,2,0,247
E00074292,3,178,0,0,0,34,74,0,2,0,0,1,5,0,0,1,2,300
E00074293,0,189,0,0,0,78,83,0,1,0,0,0,6,0,1,0,3,361
E00074294,2,119,0,0,0,50,41,0,1,0,1,10,13,2,0,1,2,242
E00074295,0,216,0,1,0,90,64,0,0,0,1,2,11,0,0,0,0,385
E00074296,0,171,0,0,0,68,64,1,2,0,0,7,22,0,0,0,3,338
E00074297,2,278,0,0,0,75,51,1,2,1,0,2,26,2,0,4,2,446
E00074298,1,136,0,0,0,54,53,0,1,0,0,4,14,0,0,0,4,267
E00074299,0,139,0,0,0,60,59,0,0,0,0,4,31,0,0,0,2,295
E00074300,0,204,0,0,0,83,64,0,3,0,0,4,29,0,0,0,5,392
E00074301,1,204,0,0,0,52,52,0,0,0,1,3,16,2,0,3,5,339
E00074302,2,240,0,0,0,63,29,0,0,4,2,10,25,0,0,0,3,378
E00074303,0,129,0,0,0,42,27,0,1,0,0,7,12,1,0,2,2,223
E00074304,0,164,0,0,0,44,17,3,1,1,3,2,18,6,0,1,5,265
E00074306,1,135,0,0,0,40,41,0,2,0,3,9,25,2,2,2,1,263
E00074307,1,222,0,0,0,50,36,0,1,1,0,6,17,3,0,0,5,342
E00074308,2,174,0,0,0,20,40,0,5,1,3,5,19,1,3,1,2,276
E00074309,0,208,0,0,0,47,23,2,0,0,1,3,29,0,0,3,3,319
E00074310,0,171,0,0,0,20,29,1,6,0,0,16,18,0,4,2,5,272
E00074311,0,112,0,0,0,24,28,1,0,0,0,8,20,0,2,1,3,199
E00074312,1,125,0,0,0,29,27,0,4,0,0,7,26,1,0,0,0,220
E00074314,3,166,2,0,0,37,22,2,1,0,2,10,20,3,1,3,4,276
E00074315,0,173,0,0,0,33,40,0,0,0,0,9,15,0,5,2,1,278
E00074316,1,178,0,0,0,47,17,0,0,0,0,16,37,3,1,1,3,304
E00074317,1,213,0,3,0,62,32,0,4,0,0,4,8,1,3,7,5,343
E00074318,0,169,0,0,0,35,47,0,5,0,0,8,17,3,3,0,5,292
E00074319,0,227,0,0,0,55,28,1,0,2,0,8,17,0,0,0,4,342
E00074320,0,209,0,0,0,55,35,0,0,1,1,14,33,1,0,5,2,356
E00074321,1,191,0,0,0,48,11,0,0,0,0,12,40,0,3,2,3,311
E00074322,2,215,0,0,0,77,34,0,4,0,3,7,23,0,2,5,2,374
E00074323,5,191,0,0,0,53,31,0,1,0,0,14,11,1,4,3,7,321
E00074324,3,177,0,1,0,35,36,1,3,2,1,10,20,3,2,1,7,302
E00074325,0,116,0,0,0,39,33,1,7,0,0,3,33,4,1,4,2,243
E00074326,3,141,0,0,0,46,29,0,2,0,1,2,14,3,1,3,2,247
E00074327,0,84,0,0,0,41,38,0,4,1,0,4,3,0,0,1,4,180
E00074328,1,184,0,0,0,33,35,0,1,0,0,6,11,1,1,2,10,285
E00074329,3,218,0,0,0,62,31,0,2,0,0,7,13,0,1,2,0,339
E00074330,2,198,0,0,0,57,56,0,9,0,0,11,15,4,2,2,11,367
E00074331,0,209,0,0,0,84,42,1,1,0,5,20,91,0,0,2,7,462
E00074332,0,194,0,0,0,60,44,6,3,0,0,8,23,0,0,5,1,344
E00074333,3,229,0,0,0,61,35,1,1,0,1,9,37,0,4,2,3,386
E00074334,0,149,0,0,0,53,26,0,3,0,0,9,22,0,0,3,3,268
E00074335,1,200,0,3,0,32,24,1,4,0,2,16,23,0,3,2,5,316
E00074336,1,210,1,0,0,61,51,0,1,0,2,0,13,1,5,5,1,352
E00074337,1,152,0,0,0,36,30,0,0,0,0,7,28,2,0,8,7,271
E00074338,0,206,0,0,0,38,44,0,2,1,0,9,10,0,1,4,7,322
E00074339,3,198,0,0,0,46,37,0,0,0,0,15,13,0,1,2,2,317
E00074340,3,216,0,0,0,55,25,2,2,0,1,23,21,0,1,3,7,359
E00074341,1,199,0,0,0,34,45,0,3,0,2,8,28,1,3,2,9,335
E00074342,1,215,0,0,0,69,38,0,0,0,0,19,27,0,4,2,3,378
E00074343,0,144,0,0,0,29,29,0,0,0,0,7,15,1,1,2,6,234
E00074344,0,145,0,0,0,30,23,0,1,0,0,6,18,1,1,1,3,229
E00074345,0,166,0,0,0,49,30,0,1,1,0,0,10,0,1,2,7,267
E00074346,6,112,0,0,0,49,25,0,0,0,1,10,25,0,5,7,4,244
E00074347,1,207,0,1,0,36,33,1,1,1,2,10,32,1,1,5,2,334
E00074348,0,117,0,0,0,23,37,1,2,0,2,8,15,0,0,1,0,206
E00074349,2,177,0,0,0,41,39,0,1,0,0,7,23,1,5,3,7,306
E00074350,0,184,0,0,0,48,35,0,0,0,1,7,22,1,3,3,0,304
E00074351,0,159,0,1,0,36,39,1,1,1,0,10,19,1,2,2,5,277
E00074352,5,205,0,0,0,51,23,0,2,0,0,15,16,2,1,3,0,323
E00074353,2,169,0,0,0,56,30,1,3,1,0,14,22,0,3,1,2,304
E00074354,5,174,0,0,0,49,32,0,1,0,0,13,13,1,0,5,5,298
E00074355,2,174,0,0,0,41,32,1,4,2,0,6,26,1,0,2,5,296
E00074356,0,211,0,0,0,45,26,0,2,0,0,11,18,2,1,0,3,319
E00074357,0,201,0,0,0,50,39,0,3,0,0,6,21,0,1,4,3,328
E00074358,0,239,0,0,0,52,16,1,0,0,1,5,25,0,1,4,4,348
E00074359,0,160,0,0,0,52,29,0,1,0,0,3,16,1,1,2,0,265
E00074360,0,212,0,0,0,44,39,4,5,0,0,10,16,0,0,5,7,342
E00074361,5,228,0,0,0,67,22,0,4,0,0,11,21,3,0,4,8,373
E00074362,3,228,0,0,0,55,34,0,6,2,4,7,15,1,1,2,7,365
E00074363,0,168,0,1,0,92,60,0,0,0,0,2,6,1,0,0,0,330
E00074364,0,225,0,0,0,85,32,0,1,0,0,5,5,0,1,0,0,354
E00074365,0,151,0,0,0,57,77,0,1,0,1,0,8,1,0,1,2,299
E00074366,0,213,0,0,0,76,53,0,0,1,0,1,17,0,0,0,0,361
E00074367,0,210,0,0,0,85,51,0,1,0,1,3,31,0,1,0,3,386
E00074368,0,189,0,0,0,59,78,0,1,1,1,1,8,1,1,0,1,341
E00074369,0,139,0,0,0,57,56,0,3,0,1,2,16,0,1,0,1,276
E00074371,0,147,0,0,0,46,36,0,0,0,0,5,21,0,0,0,3,258
E00074372,0,177,0,0,0,76,37,0,0,1,1,0,34,0,0,0,1,327
E00074373,0,211,0,0,0,78,69,0,0,0,1,6,14,0,0,0,3,382
E00074374,0,173,0,0,0,65,49,0,1,0,0,1,8,0,0,0,1,298
E00074375,0,210,0,0,0,95,48,0,0,0,0,10,31,1,0,0,0,395
E00074376,0,186,0,0,0,65,58,0,1,0,0,2,8,0,1,2,1,324
E00074377,0,229,0,0,0,83,56,0,2,0,0,0,38,0,1,0,3,412
E00074378,0,178,0,0,0,44,65,0,1,0,0,4,13,0,0,0,2,307
E00074379,0,146,0,0,0,72,62,0,0,1,0,1,8,0,1,0,2,293
E00074380,0,139,0,0,0,57,73,2,0,0,1,0,6,1,1,2,0,282
E00074381,0,147,0,0,0,67,48,0,4,0,0,0,12,0,0,0,0,278
E00074382,1,148,0,0,0,82,60,0,3,0,1,0,0,0,0,2,1,298
E00074383,0,129,0,0,0,40,75,0,2,0,0,0,25,0,0,3,2,276
E00074384,0,193,0,0,0,51,45,0,5,0,0,6,5,0,0,0,1,306
E00074385,0,222,0,0,0,29,61,1,0,0,0,4,24,0,0,0,0,341
E00074386,0,158,0,0,0,69,86,0,0,1,0,2,7,0,1,0,1,325
E00074387,1,152,0,0,0,57,35,0,1,0,0,3,9,0,0,1,4,263
E00074388,0,117,0,0,0,41,91,0,1,0,1,0,2,1,0,0,1,255
E00074389,0,189,0,0,0,56,50,0,2,0,0,4,10,0,0,2,2,315
E00074390,0,147,0,0,0,45,23,0,0,0,1,6,18,0,0,0,2,242
E00074391,1,145,0,0,0,77,44,0,1,0,0,5,42,0,0,0,0,315
E00074392,0,201,0,0,0,45,46,0,1,1,0,3,21,0,1,2,2,323
E00074393,0,225,0,0,0,63,47,0,0,1,0,8,24,1,0,0,1,370
E00074394,0,117,0,0,0,27,51,0,1,0,1,0,27,0,1,0,1,226
E00074395,0,214,0,0,0,49,53,0,0,0,0,6,31,1,0,0,0,354
E00074396,1,188,0,0,0,60,60,0,0,0,1,0,17,0,0,0,0,327
E00074397,0,203,0,0,0,70,49,0,1,0,1,3,18,1,0,0,1,347
E00074398,0,156,0,0,0,64,84,0,2,0,0,1,33,0,1,1,0,342
E00074399,5,215,0,1,0,58,30,1,3,0,0,9,32,3,1,2,7,367
E00074400,2,325,0,0,0,49,64,0,6,1,0,6,60,1,0,1,2,517
E00074401,0,242,0,0,0,57,39,2,6,3,1,29,46,3,1,4,4,437
E00074402,3,216,0,0,0,55,47,3,4,3,0,14,27,1,0,3,4,380
E00074403,4,254,0,1,0,43,24,0,3,1,0,6,52,1,4,3,13,409
E00074404,4,204,0,0,0,48,45,0,0,0,0,16,39,0,3,1,10,370
E00074405,1,211,0,0,0,38,44,0,1,0,0,21,57,2,4,3,7,389
E00074406,0,261,1,0,0,43,62,1,1,0,1,6,57,0,0,3,4,440
E00074407,0,275,0,6,0,61,63,0,4,0,0,13,55,0,3,3,6,489
E00074408,2,235,0,1,0,79,55,0,4,1,0,10,64,0,1,0,3,455
E00074411,1,297,0,0,0,83,58,3,1,0,5,21,74,1,3,1,7,555
E00074412,0,169,0,0,0,55,37,0,0,0,0,11,54,0,3,0,0,329
E00074413,4,188,0,3,0,40,26,1,4,0,0,6,55,0,3,3,8,341
E00074414,0,153,0,0,0,32,24,1,3,0,1,6,32,1,1,7,8,269
E00074415,3,188,0,1,0,30,31,3,2,0,0,14,35,0,0,4,4,315
E00074416,2,228,0,0,0,30,23,1,0,0,0,12,37,0,2,1,6,342
E00074417,1,171,0,1,0,36,21,0,3,0,0,10,53,0,2,2,2,302
E00074418,0,124,0,0,0,29,16,2,5,0,0,13,33,1,1,7,3,234
E00074419,0,172,0,0,0,35,23,0,4,0,0,11,35,0,2,3,2,287
E00074420,1,222,0,1,0,41,19,1,0,0,0,16,49,2,7,1,2,362
E00074421,2,159,0,0,0,28,16,1,2,0,0,13,55,0,1,1,9,287
E00074422,4,154,0,0,0,55,27,1,0,0,0,3,26,0,1,2,5,278
E00074423,0,220,0,3,0,31,22,2,5,0,0,12,39,0,0,1,6,341
E00074424,1,140,0,0,0,27,25,0,1,0,0,10,25,1,0,2,5,237
E00074425,1,177,0,1,0,32,22,1,0,0,1,12,34,1,3,3,2,290
E00074426,1,176,0,1,0,26,31,0,2,0,1,16,25,0,0,2,6,287
E00074427,1,163,1,1,0,32,21,1,0,0,0,19,51,2,3,2,5,302
E00074428,2,182,0,0,0,59,34,1,2,0,0,9,20,0,4,3,5,321
E00074429,1,197,0,0,0,59,47,0,0,0,0,10,30,2,0,3,5,354
E00074430,1,191,0,1,0,45,23,0,4,0,0,12,45,3,3,0,8,336
E00074431,1,322,0,4,0,46,33,0,2,0,0,20,49,1,0,3,11,492
E00074432,6,206,0,0,0,56,31,1,1,1,1,17,17,4,0,4,2,347
E00074433,2,240,0,0,0,44,26,0,0,0,5,8,27,1,4,2,4,363
E00074434,0,169,0,0,0,45,41,2,1,0,0,14,38,0,2,0,5,317
E00074435,2,185,0,0,0,40,34,3,5,0,2,8,25,0,0,2,7,313
E00074436,0,242,0,0,0,51,55,1,2,0,0,8,34,2,3,1,1,400
E00074437,4,208,0,0,0,54,27,2,1,0,1,19,40,4,1,4,9,374
E00074438,1,246,0,0,0,52,57,2,0,0,1,25,36,1,4,2,1,428
E00074439,0,131,0,0,0,32,24,0,2,0,1,20,42,0,2,0,1,255
E00165771,1,216,1,0,0,66,56,2,1,0,2,15,94,0,2,3,8,467
E00165772,1,71,0,0,0,24,14,0,0,0,0,3,21,0,0,0,4,138
E00174043,7,169,0,2,0,77,19,2,2,0,0,28,65,0,1,6,26,404
E00174044,2,177,0,0,0,25,15,0,1,0,0,8,103,0,2,2,5,340
E00174046,2,150,0,0,0,61,23,0,1,0,1,14,87,3,0,4,6,352
E00174053,0,193,0,0,0,36,12,0,3,0,0,12,89,0,0,3,4,352
E00174058,3,174,0,0,0,22,24,2,0,0,0,8,64,0,8,4,7,316
E00174214,2,113,0,1,0,12,23,0,1,0,0,21,76,0,0,0,6,255
E00174215,0,163,0,0,0,28,20,0,1,0,1,9,58,0,0,1,0,281
E00174218,1,167,0,0,0,57,31,0,5,0,1,28,109,0,2,8,14,423
E00174220,0,59,0,0,0,25,22,0,2,0,1,1,16,0,3,0,3,132
E00174221,2,101,0,0,0,28,5,0,0,0,0,6,67,0,2,0,5,216
E00174225,0,72,0,0,0,21,10,0,3,0,0,7,45,1,0,1,4,164
E00174226,0,173,0,0,0,65,13,0,1,0,0,8,56,1,0,2,6,325
E00174228,0,209,0,0,0,28,15,0,0,0,0,13,65,0,0,7,8,345
E00174229,3,292,0,0,0,72,55,0,1,0,0,8,67,0,5,2,6,511
E00174231,1,127,0,0,0,49,12,1,3,0,3,25,118,0,2,4,5,350
E00174232,1,134,0,0,0,32,36,1,3,0,0,13,95,0,0,2,5,322
E00174234,4,157,0,1,0,42,20,2,1,2,0,24,97,2,5,7,5,369
E00174237,4,162,0,0,0,56,25,0,0,0,0,16,55,0,0,2,9,329
E00174239,0,49,0,0,0,8,9,0,4,0,0,2,28,0,2,0,0,102
E00174243,1,109,0,0,0,24,16,0,2,0,0,21,140,0,0,3,3,319
E00174245,2,110,0,0,0,27,23,0,1,0,1,1,18,0,0,0,1,184
E00174246,0,176,0,0,0,34,20,0,1,0,0,9,25,0,0,1,3,269
E00174248,1,92,0,0,0,24,12,0,2,0,0,9,43,0,0,1,4,188
E00174249,4,168,0,0,0,48,17,0,6,0,0,19,205,0,2,11,7,487
E00174251,1,261,0,2,0,57,45,2,0,1,0,27,148,0,2,1,4,551
E00174253,3,104,0,0,0,20,22,0,1,1,1,8,81,1,3,2,2,249
E00174254,0,112,0,0,0,43,14,0,2,0,0,16,84,0,0,0,0,271
E00174256,0,127,0,0,0,32,24,0,3,0,0,11,67,5,0,5,1,275
E00174257,1,168,0,0,0,46,22,2,4,1,0,15,99,0,5,3,3,369
E00174259,0,186,0,0,0,53,47,0,0,0,0,5,39,0,0,1,3,334
E00174260,0,105,0,0,0,13,14,0,0,0,0,9,65,0,1,1,0,208
E00174262,4,148,0,1,0,37,25,0,4,2,1,11,72,0,1,5,3,314
E00174263,2,78,0,0,0,15,8,0,0,0,1,8,53,0,0,1,3,169
E00174273,0,179,1,0,0,13,8,0,1,0,0,8,98,3,1,0,0,312
E00174275,1,119,0,0,0,17,7,0,0,0,0,8,22,2,0,1,5,182
E00174276,1,123,0,0,0,47,21,1,0,1,2,13,34,0,0,1,3,247
E00174277,1,112,0,0,0,34,24,0,6,0,2,7,60,0,2,0,4,252
E00174278,1,193,0,0,0,73,30,0,7,0,0,16,77,2,2,6,5,412
E00174279,3,119,0,3,0,24,19,0,2,0,1,14,38,2,0,1,9,235
E00174280,0,137,0,0,0,36,44,0,0,0,0,13,37,0,0,0,6,273
E00174281,1,195,0,0,0,14,21,1,3,0,0,22,19,0,3,3,1,283
E00174282,2,141,0,0,0,44,36,2,3,1,1,29,113,2,1,1,5,381
E00174283,0,201,0,0,0,35,42,0,0,0,0,11,32,0,2,5,4,332
E00174284,0,106,0,0,0,30,17,1,4,0,2,9,137,3,2,4,3,318
E00174286,2,150,0,0,0,38,39,0,2,1,1,6,17,1,1,1,1,260
E00174287,6,93,1,0,0,22,10,0,0,0,0,12,34,0,4,2,6,190
E00174288,1,189,0,0,0,26,17,0,1,0,1,14,63,0,0,1,2,315
E00174289,2,166,0,2,0,33,12,2,0,1,1,12,29,1,0,0,6,267
E00174290,0,242,0,0,0,24,11,0,1,0,1,19,60,0,1,0,0,359
E00174291,4,171,0,1,0,42,35,0,2,0,1,11,38,0,6,3,11,325
E00174292,1,140,1,3,0,35,24,0,1,0,0,14,57,0,0,6,3,285
E00174293,5,159,0,0,0,77,32,2,1,0,0,36,208,0,1,4,12,537
E00174294,0,128,0,0,0,59,6,0,0,0,0,16,164,2,0,3,9,387
E00174295,13,346,0,0,0,178,59,7,6,0,2,46,158,4,5,22,33,879
E00174296,4,129,0,1,0,42,18,0,1,0,0,27,143,0,0,7,7,379
E00174298,0,163,0,0,0,83,18,1,1,0,2,17,70,0,0,4,23,382
E00174299,0,132,0,0,0,27,16,0,1,1,1,18,86,1,2,2,3,290
E00174300,6,103,0,0,0,25,16,0,2,0,3,8,45,3,0,1,6,218
E00174302,1,71,0,1,0,14,13,0,2,0,0,7,39,0,0,0,0,148
E00174303,2,105,0,0,0,22,8,0,5,0,1,4,32,2,3,4,7,195
E00174304,0,115,0,0,0,23,38,0,3,0,0,7,25,0,0,1,4,216
E00174305,1,103,0,0,0,7,13,0,1,0,1,6,62,0,0,0,1,195
E00174306,0,195,0,0,0,22,49,0,1,0,0,8,19,0,0,3,3,300
E00174307,3,141,1,2,0,47,27,3,2,0,0,16,249,0,3,2,4,500
E00174309,0,68,0,0,0,21,13,0,2,0,0,5,42,1,1,4,2,159
E00174311,2,89,0,0,0,17,7,0,0,0,0,5,41,1,0,2,2,166
E00174312,8,126,0,0,0,47,23,1,3,1,3,19,38,0,3,6,7,285
E00174313,0,103,0,0,0,40,13,0,0,0,0,10,24,0,0,2,0,192
E00174314,0,99,0,0,0,32,38,0,2,0,0,6,13,0,0,0,1,191
E00174315,0,218,0,0,0,34,38,0,0,0,0,16,70,2,0,4,6,388
E00174316,1,117,0,0,0,41,21,0,2,0,0,15,60,0,3,1,2,263
E00174317,0,53,0,0,0,8,7,0,0,1,0,5,46,0,0,2,2,124
E00174318,1,65,0,0,0,13,9,1,3,0,0,6,20,0,2,0,2,122
E00174319,0,107,0,0,0,12,20,0,1,0,1,4,67,0,0,1,4,217
E00174320,0,215,0,0,0,20,19,0,1,0,0,2,53,0,3,0,2,315
E00174321,17,318,0,0,0,126,29,2,3,0,0,25,80,1,1,3,29,634
E00174322,0,145,0,0,0,16,14,0,1,0,0,17,68,0,0,0,0,261
E00174323,0,137,0,0,0,20,37,0,1,0,0,3,15,0,2,0,0,215
E00174324,2,166,0,0,0,59,18,2,2,0,3,15,253,0,1,2,14,537
E00174325,0,172,0,1,0,51,14,0,6,1,4,18,84,1,5,2,1,360
E00174326,0,259,0,0,0,26,18,0,0,0,0,19,115,0,2,1,2,442
E00174327,0,262,1,0,0,25,32,0,0,0,0,6,57,0,0,1,2,386
E00174328,0,131,0,0,0,33,24,1,2,0,1,11,34,1,2,10,7,257
E00174329,1,199,0,0,0,55,28,0,2,0,0,6,29,0,1,3,2,326
E00174331,3,74,0,0,0,13,19,0,0,0,0,3,5,0,1,1,1,120
E00174332,0,172,0,0,0,40,22,2,1,0,0,14,38,0,1,0,3,293
E00174333,0,116,0,0,0,33,31,3,7,0,0,18,29,0,3,5,10,255
E00178043,3,96,0,0,0,23,21,1,2,0,0,21,55,1,2,2,7,234
E00178044,5,187,0,0,0,60,30,1,1,0,0,18,298,2,1,7,10,620
E00178045,1,112,0,0,0,37,19,1,0,0,2,24,141,0,0,4,8,349
E00178046,12,639,0,0,0,290,96,5,9,4,3,90,397,6,5,29,82,1667
E00178047,2,114,0,0,0,20,28,0,8,0,0,9,23,3,1,3,5,216
E00178048,2,39,0,0,0,15,5,1,1,0,0,22,81,0,0,2,4,172
E00178049,0,117,0,0,0,21,9,1,4,3,0,16,64,1,3,2,5,246
E00178050,0,313,0,0,0,9,14,0,0,0,0,8,97,0,0,0,2,443
E00178051,0,184,0,0,0,58,22,1,4,0,0,2,62,0,0,0,1,334
E00178052,3,168,0,0,0,28,24,1,0,0,0,7,31,0,0,5,8,275
E00178053,3,248,0,0,0,79,37,1,4,1,1,14,41,0,4,2,6,441
E00178054,0,122,0,0,0,18,8,0,4,0,0,6,52,0,1,5,4,220
E00178055,0,60,0,0,0,12,5,0,0,1,0,9,24,0,1,1,1,114
E00178056,10,314,0,1,0,147,64,3,11,0,2,50,236,4,4,13,32,891
E00178057,0,283,0,0,0,84,53,2,1,0,0,18,38,2,1,9,3,494
E00178058,0,70,0,0,0,23,11,0,1,0,0,8,25,0,0,1,3,142
E00178059,5,130,0,0,0,37,24,4,0,0,1,16,63,1,6,0,7,294
E00178060,4,158,0,0,0,44,26,0,0,0,0,23,87,1,2,5,7,357
E00178061,2,202,0,0,0,56,26,0,0,1,3,10,53,0,2,5,7,367
E00178062,0,167,0,0,0,31,25,0,0,1,0,16,118,0,0,1,2,361
E00178063,1,91,0,0,0,26,23,0,0,0,0,3,9,3,3,0,0,159
E00178064,30,1070,2,0,0,516,186,13,11,3,7,110,126,3,15,18,55,2165
E00178065,0,85,0,0,0,35,22,0,2,0,0,8,55,0,0,5,0,212
E00178066,6,174,0,1,0,76,34,3,3,2,1,38,147,0,2,5,12,504
E00178067,0,100,0,0,0,22,39,0,2,0,1,12,24,2,0,2,1,205
E00178068,0,102,0,0,0,12,9,4,0,0,0,4,28,0,2,0,2,163
E00178069,1,243,0,4,0,48,23,0,2,0,1,27,46,1,5,3,11,415
E00178070,0,140,0,0,0,54,58,0,0,0,0,3,14,0,1,1,3,274
E00178071,2,112,0,0,0,38,11,0,0,0,1,5,45,2,4,2,4,226
E00178072,5,102,0,0,0,41,20,0,1,0,3,31,170,0,3,4,12,392
E00178073,0,59,0,0,0,10,6,0,1,0,1,13,99,1,1,1,1,193
E00178074,5,238,0,1,0,57,25,2,1,0,0,15,24,0,1,4,3,376
E00178075,2,61,0,0,0,19,17,3,3,0,1,5,10,0,2,0,2,125
E00178076,3,104,0,0,0,31,17,0,0,0,0,21,92,0,1,3,3,275
E00178077,0,77,0,0,0,3,9,0,1,1,1,9,13,0,0,0,2,116
E00178078,0,163,0,0,0,6,22,0,1,0,0,4,65,0,0,0,0,261
E00178079,3,263,0,2,0,52,36,0,0,0,0,12,82,1,5,4,11,471
E00178080,0,288,0,0,0,45,35,1,8,0,0,11,147,0,0,0,0,535
E00178081,0,80,0,0,0,9,17,0,1,1,1,2,37,1,1,0,0,150
E00178082,2,127,0,0,0,40,32,1,2,0,0,7,41,0,3,2,8,265
E00178083,2,170,0,2,0,44,17,2,1,0,0,29,121,0,0,5,10,403
E00178084,3,265,0,0,0,111,41,3,4,0,0,22,86,3,2,4,11,555
E00178085,0,37,0,1,0,8,8,1,2,1,0,5,42,0,0,0,3,108
E00178086,1,135,0,0,0,39,18,1,1,0,1,18,57,1,3,6,5,286
E00178087,0,264,0,0,0,31,20,1,3,0,2,10,83,0,1,2,3,420
E00178088,2,55,0,0,0,17,5,0,1,0,2,4,27,0,1,2,2,118
E00178089,0,353,0,0,0,20,13,1,1,0,0,19,100,0,0,0,2,509
E00178090,0,87,0,0,0,15,16,1,0,0,1,8,34,0,0,3,0,165
E00178091,0,157,0,0,0,48,32,0,1,0,0,12,38,0,1,1,2,292
E00178092,1,246,0,0,0,43,70,1,1,0,1,21,51,0,1,0,9,445
E00178093,1,54,0,0,0,13,11,0,1,0,0,13,85,0,1,4,5,188
E00178094,0,94,0,0,0,12,12,0,1,0,0,4,17,0,3,1,5,149
E00178095,0,99,0,0,0,29,15,0,2,0,0,7,18,0,2,1,0,173
E00178096,3,97,0,0,0,24,22,1,3,0,0,13,62,0,4,3,8,240
E00178097,0,81,0,0,0,11,9,0,0,0,0,8,28,3,0,0,0,140
E00178098,2,195,0,0,0,26,16,0,1,0,0,8,33,0,2,5,6,294
E00178099,1,160,0,0,0,42,29,0,1,1,1,5,22,1,0,3,0,266
E00178100,0,143,0,0,0,24,20,3,5,0,4,9,28,1,0,2,5,244
E00178101,0,85,0,0,0,28,18,0,0,2,0,9,70,0,1,5,4,222
E00178102,0,231,0,0,0,53,45,0,0,0,0,6,52,1,1,0,4,393
E00178103,3,133,0,0,0,31,21,0,3,0,0,2,33,3,3,7,3,242
E00178104,0,207,0,0,0,51,38,0,2,0,0,3,22,0,0,0,0,323
E00178105,0,76,0,0,0,13,19,2,1,0,0,1,13,1,2,0,2,130
E00178106,13,312,0,0,0,138,49,1,0,0,0,39,41,6,9,3,6,617
E00178107,0,130,0,0,0,21,9,0,1,0,0,13,27,1,3,0,1,206
E00178108,3,347,0,0,0,55,42,0,0,0,0,19,59,4,0,1,4,534
E00178109,0,81,0,1,0,19,10,0,1,0,0,10,67,0,0,0,1,190
E00178110,0,99,0,0,0,41,17,1,0,1,0,4,35,0,1,0,6,205
E00178111,1,54,0,0,0,12,4,0,2,1,0,8,21,0,0,2,1,106
E00178112,1,155,0,1,0,35,27,1,5,0,1,23,155,1,3,0,8,416
E00178113,0,182,0,0,0,35,31,0,0,0,2,0,46,0,0,0,1,297
E00178114,2,272,0,0,0,127,48,1,7,2,0,37,207,0,2,2,19,726
E00178115,0,60,0,1,0,15,10,0,2,1,2,6,16,0,1,2,1,117
E00178116,0,99,0,0,0,7,3,1,0,0,0,6,39,1,0,0,0,156
E00178117,0,209,0,1,0,83,47,2,1,0,0,25,92,0,1,2,17,480
E00178118,1,180,0,0,0,54,24,0,1,0,0,17,51,0,1,1,3,333
E00178119,0,189,0,0,0,73,41,0,0,0,0,2,13,0,1,0,0,319
