Row Labels,Buddhist,Christian,Hindu,Jewish,Muslim,No religion,Not answered,Other religion,Sikh,(blank),TotalReg
E00073143,0,62,0,0,19,253,14,4,5,,357
E00073145,2,75,2,0,134,168,26,6,3,,416
E00073147,0,63,1,1,256,178,37,4,0,,540
E00073148,0,50,0,2,40,178,16,8,0,,294
E00073150,1,94,0,3,79,232,40,12,0,,461
E00073152,6,63,0,0,15,285,27,9,0,,405
E00073153,12,65,1,3,36,364,25,7,0,,513
E00073154,3,93,2,0,10,242,22,7,0,,379
E00073155,2,78,0,1,20,235,26,0,0,,362
E00073156,0,67,0,0,13,177,26,5,0,,288
E00073157,0,60,0,5,0,302,29,2,11,,409
E00073158,7,63,0,0,31,198,28,8,9,,344
E00073159,5,108,0,0,0,200,23,0,0,,336
E00073160,9,52,4,0,27,275,32,4,1,,404
E00073161,4,58,4,0,100,193,25,1,4,,389
E00073162,0,78,3,4,3,269,30,5,1,,393
E00073163,4,99,4,0,4,212,17,1,0,,341
E00073164,2,46,2,2,34,176,27,8,0,,297
E00073165,5,60,1,0,0,246,20,7,1,,340
E00073166,7,26,0,1,20,201,26,8,0,,289
E00073167,0,57,1,1,15,297,50,10,0,,431
E00073168,4,47,0,3,48,224,42,8,0,,376
E00073169,2,80,0,0,47,308,28,5,3,,473
E00073170,8,84,2,4,11,414,45,6,2,,576
E00073171,3,65,0,0,109,280,51,10,0,,518
E00073172,4,61,0,0,44,175,24,7,0,,315
E00073173,4,50,0,0,20,197,45,7,0,,323
E00073174,4,46,0,0,10,224,22,7,0,,313
E00073176,0,52,5,3,57,193,23,11,0,,344
E00073177,3,96,0,0,34,175,26,6,1,,341
E00073178,0,64,0,3,36,218,26,7,0,,354
E00073179,0,65,0,6,31,192,37,4,0,,335
E00073181,3,109,0,0,167,172,18,7,13,,489
E00073182,5,53,2,0,45,295,34,15,0,,449
E00073183,0,159,0,0,11,133,17,0,0,,320
E00073184,0,133,0,0,15,159,24,0,4,,335
E00073185,0,152,0,0,2,185,9,7,0,,355
E00073186,1,125,0,0,4,150,10,0,0,,290
E00073187,0,151,0,0,14,179,18,4,4,,370
E00073188,2,109,0,0,0,147,21,0,0,,279
E00073189,0,138,0,0,5,146,16,2,0,,307
E00073190,0,184,4,0,8,159,61,0,0,,416
E00073191,0,121,0,0,10,133,18,1,0,,283
E00073192,3,104,0,0,8,147,18,0,0,,280
E00073193,2,198,1,1,1,126,10,5,1,,345
E00073194,0,109,0,0,10,187,13,0,2,,321
E00073195,0,126,2,0,3,178,25,5,4,,343
E00073196,0,117,0,0,16,87,11,0,1,,232
E00073197,2,186,1,0,11,156,20,0,0,,376
E00073198,0,83,0,1,4,98,17,2,0,,205
E00073199,0,94,0,0,15,163,20,2,0,,294
E00073200,2,125,0,0,12,122,28,0,0,,289
E00073201,2,101,0,1,8,128,18,3,0,,261
E00073202,1,145,0,5,13,148,25,0,0,,337
E00073203,2,131,1,0,4,134,22,2,0,,296
E00073204,1,142,6,0,4,120,23,0,0,,296
E00073205,0,177,0,0,16,164,35,4,0,,396
E00073206,0,201,0,0,23,202,29,1,0,,456
E00073207,0,160,2,0,0,129,8,1,0,,300
E00073208,0,137,0,0,5,93,15,0,0,,250
E00073209,1,132,4,0,0,142,14,1,0,,294
E00073210,1,159,0,0,2,181,26,5,0,,374
E00073211,1,208,7,0,9,248,23,0,2,,498
E00073212,1,199,0,0,7,152,32,1,1,,393
E00073213,2,178,0,0,5,129,33,0,1,,348
E00073214,4,157,0,0,14,201,27,3,0,,406
E00073215,0,125,0,1,16,162,16,1,0,,321
E00073216,0,130,0,0,16,202,17,2,0,,367
E00073217,2,127,0,0,10,165,19,1,0,,324
E00073218,1,177,1,0,2,163,40,0,1,,385
E00073219,0,144,0,0,14,176,20,3,0,,357
E00073220,0,157,0,1,4,189,10,3,0,,364
E00073221,1,125,4,0,7,135,14,0,8,,294
E00073222,0,159,0,0,10,212,18,4,0,,403
E00073223,0,146,1,1,9,158,11,0,0,,326
E00073224,0,70,0,0,0,211,26,0,0,,307
E00073225,1,74,0,0,14,294,20,5,0,,408
E00073226,3,104,0,1,14,100,18,4,0,,244
E00073227,5,56,0,1,0,175,23,0,0,,260
E00073228,0,71,2,0,0,241,34,3,0,,351
E00073229,0,124,0,0,0,175,9,7,0,,315
E00073230,4,60,1,6,0,243,31,4,0,,349
E00073231,0,100,0,2,3,295,39,1,0,,440
E00073232,3,52,1,0,3,225,21,3,5,,313
E00073233,0,123,0,0,2,176,10,0,1,,312
E00073234,4,70,1,0,0,198,21,4,0,,298
E00073236,0,111,0,2,0,156,15,0,0,,284
E00073237,2,69,0,0,0,231,20,1,0,,323
E00073238,2,50,0,0,0,224,16,1,2,,295
E00073239,2,110,8,0,11,295,33,2,10,,471
E00073240,0,139,6,1,7,230,14,0,3,,400
E00073241,1,54,4,1,4,194,18,0,0,,276
E00073242,4,106,1,0,1,132,14,1,0,,259
E00073243,0,134,3,1,0,198,22,1,0,,359
E00073245,0,109,0,0,7,219,29,1,0,,365
E00073246,0,125,0,0,9,171,24,0,0,,329
E00073247,1,120,0,0,0,196,10,0,0,,327
E00073248,1,59,0,0,4,228,15,1,0,,308
E00073249,1,129,2,1,3,86,25,2,1,,250
E00073250,0,140,5,0,5,294,43,7,0,,494
E00073251,0,89,0,0,0,227,48,6,0,,370
E00073252,5,119,5,0,0,187,15,0,0,,331
E00073253,5,158,0,0,33,293,33,0,0,,522
E00073254,4,70,3,0,10,219,17,5,0,,328
E00073255,0,129,7,1,24,235,32,1,0,,429
E00073256,0,110,0,0,17,216,21,3,1,,368
E00073257,0,136,0,0,0,222,29,4,0,,391
E00073258,1,149,13,0,3,215,21,0,0,,402
E00073259,2,124,0,0,5,114,10,3,0,,258
E00073260,0,119,0,0,3,165,15,5,0,,307
E00073261,1,149,0,0,0,177,16,1,0,,344
E00073262,1,97,0,0,13,117,10,0,0,,238
E00073263,3,91,0,15,15,246,32,1,0,,403
E00073264,6,104,0,6,7,215,23,1,0,,362
E00073266,5,65,1,0,10,220,28,0,0,,329
E00073267,9,78,1,1,0,166,15,2,5,,277
E00073268,1,103,0,1,7,275,31,6,0,,424
E00073269,0,84,1,0,6,273,33,3,0,,400
E00073270,5,70,0,1,3,290,27,0,0,,396
E00073271,0,119,6,3,10,296,36,9,0,,479
E00073272,2,87,5,0,24,207,30,3,0,,358
E00073273,0,78,0,0,4,182,16,1,1,,282
E00073274,9,173,5,1,52,292,61,7,0,,600
E00073276,0,57,3,0,28,200,27,3,8,,326
E00073277,2,80,0,4,0,219,18,0,7,,330
E00073278,7,104,0,4,14,251,15,1,0,,396
E00073280,2,96,2,0,1,239,17,1,0,,358
E00073281,0,76,2,4,10,296,26,7,5,,426
E00073282,1,94,2,1,15,268,35,6,1,,423
E00073283,4,79,0,0,4,224,24,7,0,,342
E00073284,0,60,0,3,21,100,18,0,0,,202
E00073285,0,96,0,0,8,231,28,8,2,,373
E00073286,4,93,0,1,2,213,25,0,0,,338
E00073287,1,66,3,0,0,189,30,4,1,,294
E00073288,4,73,0,0,4,212,24,0,0,,317
E00073289,5,69,1,11,3,253,27,0,0,,369
E00073290,4,70,2,0,4,216,18,2,2,,318
E00073291,11,62,0,0,0,210,32,4,17,,336
E00073292,1,134,0,0,0,371,36,5,2,,549
E00073293,8,86,0,1,7,276,29,0,0,,407
E00073294,0,104,5,2,12,287,30,0,1,,441
E00073295,1,111,2,0,2,190,28,5,0,,339
E00073296,5,80,0,3,6,201,19,0,0,,314
E00073297,3,94,6,1,0,230,22,7,1,,364
E00073298,0,82,0,0,10,277,34,6,0,,409
E00073299,2,83,0,2,12,261,17,1,0,,378
E00073300,4,77,0,0,0,180,9,1,0,,271
E00073301,1,203,0,0,1,148,19,0,1,,373
E00073302,0,83,9,0,0,252,21,4,0,,369
E00073303,0,134,0,0,5,263,21,3,0,,426
E00073304,0,108,0,0,6,177,13,8,1,,313
E00073305,1,108,1,0,12,151,28,0,0,,301
E00073306,0,140,0,1,0,104,20,1,0,,266
E00073307,0,120,0,0,7,149,10,1,0,,287
E00073308,0,101,0,1,8,209,11,0,3,,333
E00073309,0,126,0,0,5,137,24,0,0,,292
E00073310,0,119,0,1,15,211,18,4,0,,368
E00073311,1,86,0,0,1,199,24,0,0,,311
E00073312,0,131,0,0,3,205,26,2,0,,367
E00073313,0,123,1,0,4,232,22,1,0,,383
E00073314,0,81,0,1,16,174,16,0,0,,288
E00073315,0,75,0,0,4,95,26,0,0,,200
E00073316,0,81,1,0,16,211,10,5,0,,324
E00073317,1,83,0,0,3,178,21,1,0,,287
E00073318,0,67,0,0,3,264,41,0,1,,376
E00073319,0,129,4,0,15,282,26,0,1,,457
E00073320,1,117,0,2,9,224,13,1,0,,367
E00073321,0,131,0,1,20,141,8,3,0,,304
E00073322,0,162,0,0,5,141,12,2,0,,322
E00073323,0,100,0,1,0,160,15,0,0,,276
E00073324,4,126,1,0,7,215,18,5,0,,376
E00073325,2,123,0,0,3,232,16,0,0,,376
E00073326,0,118,0,1,8,154,15,7,0,,303
E00073327,0,125,1,1,6,207,15,1,0,,356
E00073328,0,165,6,0,8,158,23,0,0,,360
E00073329,2,136,0,1,0,143,17,1,0,,300
E00073330,1,142,0,1,13,211,21,0,0,,389
E00073331,4,183,2,0,4,227,20,1,0,,441
E00073332,0,142,0,0,0,139,16,2,0,,299
E00073333,2,146,1,0,0,131,10,2,0,,292
E00073334,0,119,0,0,7,179,17,0,0,,322
E00073335,3,128,0,0,8,267,32,0,0,,438
E00073336,2,147,0,0,13,118,30,0,1,,311
E00073337,1,108,1,1,0,207,17,0,0,,335
E00073338,0,111,0,1,4,145,8,2,1,,272
E00073339,1,96,0,3,6,172,16,0,0,,294
E00073340,0,81,3,0,11,144,12,0,0,,251
E00073341,0,130,0,1,8,138,15,0,0,,292
E00073342,0,188,0,0,3,189,34,0,0,,414
E00073343,4,193,0,2,0,162,20,0,0,,381
E00073344,1,94,1,0,0,127,19,5,0,,247
E00073345,1,66,0,0,7,83,11,3,2,,173
E00073346,4,129,1,0,18,180,18,0,0,,350
E00073347,3,65,4,0,4,88,17,2,0,,183
E00073348,1,91,3,1,5,153,16,2,0,,272
E00073349,3,126,1,0,9,176,18,0,0,,333
E00073350,1,107,0,1,16,221,15,1,0,,362
E00073351,1,168,4,0,5,173,10,4,0,,365
E00073352,1,107,0,0,18,131,16,5,0,,278
E00073353,1,97,0,0,6,225,25,4,0,,358
E00073354,3,130,0,0,28,152,23,2,0,,338
E00073355,0,108,0,0,2,229,22,0,1,,362
E00073356,0,164,11,1,15,166,28,4,0,,389
E00073357,0,123,0,0,7,183,19,0,2,,334
E00073358,1,144,5,0,25,138,30,1,0,,344
E00073359,5,124,0,0,3,163,37,1,0,,333
E00073360,0,105,0,1,12,146,11,0,0,,275
E00073361,0,119,0,0,4,152,59,1,0,,335
E00073362,3,164,8,0,8,219,23,0,0,,425
E00073363,0,150,5,1,0,163,23,0,0,,342
E00073364,0,111,4,0,11,173,16,0,0,,315
E00073365,0,127,0,1,0,178,16,2,0,,324
E00073366,4,149,3,0,7,204,28,0,0,,395
E00073367,0,123,6,0,12,147,14,0,0,,302
E00073368,1,89,0,0,10,187,10,5,0,,302
E00073369,1,134,0,0,13,158,20,1,0,,327
E00073370,1,133,0,1,8,68,12,1,0,,224
E00073371,1,97,0,1,5,77,10,0,0,,191
E00073372,1,63,0,0,17,180,18,2,0,,281
E00073373,0,64,0,1,3,195,18,3,0,,284
E00073374,0,100,1,0,4,215,18,6,0,,344
E00073375,3,123,2,0,4,180,15,2,0,,329
E00073376,1,104,1,0,13,135,8,3,1,,266
E00073377,1,57,1,1,0,210,15,3,0,,288
E00073378,3,96,0,0,0,162,16,0,0,,277
E00073379,4,174,2,1,5,146,31,1,0,,364
E00073380,5,175,0,0,9,168,28,5,0,,390
E00073381,0,163,0,0,12,216,34,6,0,,431
E00073382,4,157,2,2,28,169,29,1,0,,392
E00073383,0,104,0,0,15,137,11,0,0,,267
E00073384,3,210,10,0,4,212,37,1,0,,477
E00073385,0,139,0,0,14,181,26,0,0,,360
E00073386,5,134,14,0,11,198,15,1,0,,378
E00073387,1,97,0,0,1,127,7,3,0,,236
E00073388,0,140,0,0,14,142,22,0,0,,318
E00073389,1,94,0,0,14,194,23,3,0,,329
E00073390,4,125,1,0,0,193,21,0,0,,344
E00073391,0,133,0,0,4,162,25,4,0,,328
E00073392,0,166,1,0,0,194,28,0,0,,389
E00073393,1,91,4,0,4,180,16,3,0,,299
E00073394,0,129,12,0,11,255,34,2,0,,443
E00073395,1,119,1,0,30,156,20,1,0,,328
E00073397,0,91,0,0,1,170,12,2,0,,276
E00073398,1,111,3,1,0,152,12,2,0,,282
E00073399,5,91,4,0,17,194,8,0,0,,319
E00073400,1,102,4,0,6,178,19,0,5,,315
E00073401,1,93,1,0,5,183,14,0,0,,297
E00073402,1,72,1,1,10,163,19,1,0,,268
E00073403,0,125,1,0,12,149,17,3,0,,307
E00073404,5,68,1,0,5,187,18,4,1,,289
E00073405,0,94,7,0,18,199,34,3,1,,356
E00073406,1,96,0,0,6,178,15,0,0,,296
E00073407,0,102,3,0,10,203,16,7,0,,341
E00073408,0,100,0,1,5,224,28,3,1,,362
E00073409,1,105,0,1,17,148,17,0,0,,289
E00073410,6,94,0,0,0,171,24,0,0,,295
E00073411,0,123,2,0,6,187,13,2,0,,333
E00073412,0,134,0,0,11,215,28,1,0,,389
E00073413,0,137,0,0,8,125,27,1,0,,298
E00073414,10,69,0,1,67,144,33,0,0,,324
E00073415,3,73,15,11,7,168,30,3,1,,311
E00073416,1,74,0,0,15,183,26,2,1,,302
E00073419,9,52,0,0,7,218,16,0,0,,302
E00073420,4,37,4,8,8,135,23,0,0,,219
E00073421,7,65,14,8,15,254,40,5,5,,413
E00073422,0,45,10,0,98,60,17,7,1,,238
E00073423,5,62,0,0,12,155,25,3,0,,262
E00073424,0,81,0,0,89,100,4,6,0,,280
E00073425,4,79,7,1,11,245,40,0,3,,390
E00073426,2,81,7,5,24,220,29,1,2,,371
E00073431,8,96,8,3,18,327,38,6,1,,505
E00073432,4,53,2,0,23,71,12,0,0,,165
E00073433,11,92,12,0,49,323,40,5,5,,537
E00073437,6,71,0,0,5,116,9,2,0,,209
E00073439,2,48,1,2,7,187,12,3,1,,263
E00073440,0,77,0,0,0,168,24,6,0,,275
E00073441,1,41,0,0,96,91,20,5,0,,254
E00073442,4,108,8,0,6,251,31,4,0,,412
E00073443,0,57,0,0,10,185,18,2,1,,273
E00073444,2,63,6,0,5,142,18,3,0,,239
E00073445,0,78,8,0,5,147,26,1,2,,267
E00073446,7,98,12,16,0,259,30,4,4,,430
E00073447,0,81,0,0,16,146,12,6,0,,261
E00073448,3,76,0,0,0,193,18,6,1,,297
E00073449,2,48,0,1,6,131,19,0,0,,207
E00073450,0,82,0,3,4,158,25,0,0,,272
E00073451,1,103,0,0,6,136,25,7,0,,278
E00073452,5,82,0,3,8,156,23,2,0,,279
E00073453,0,97,2,2,7,185,18,3,0,,314
E00073454,6,111,4,0,5,191,15,1,0,,333
E00073455,4,66,0,9,17,199,23,3,1,,322
E00073456,1,108,0,1,7,134,18,4,0,,273
E00073457,1,83,5,0,0,115,12,3,1,,220
E00073458,4,77,1,4,1,180,14,1,1,,283
E00073461,1,53,1,2,0,142,13,0,0,,212
E00073462,0,100,4,0,3,260,27,1,0,,395
E00073463,0,61,0,4,10,115,12,0,0,,202
E00073464,0,131,5,0,7,339,68,5,1,,556
E00073465,1,86,3,1,6,233,16,6,0,,352
E00073466,1,117,9,0,11,237,46,4,0,,425
E00073467,1,68,0,2,8,185,12,0,1,,277
E00073468,2,70,0,2,0,236,29,3,0,,342
E00073469,2,84,4,1,0,127,14,2,0,,234
E00073470,0,103,1,0,11,210,32,6,0,,363
E00073471,0,40,2,1,13,123,16,5,0,,200
E00073472,2,118,4,0,6,111,24,3,0,,268
E00073473,5,150,7,11,5,222,51,1,1,,453
E00073474,2,53,0,8,1,91,22,0,0,,177
E00073476,3,78,0,0,5,163,16,2,9,,276
E00073477,0,96,0,2,3,148,20,0,0,,269
E00073478,3,67,4,3,0,138,16,4,0,,235
E00073479,1,93,0,0,5,132,15,4,1,,251
E00073480,8,118,0,0,0,145,13,1,0,,285
E00073481,0,191,1,6,7,248,25,1,1,,480
E00073482,5,120,6,0,4,235,17,4,3,,394
E00073483,15,86,1,3,4,214,25,0,1,,349
E00073484,1,108,4,1,14,124,14,1,0,,267
E00073485,4,58,0,6,5,136,18,3,1,,231
E00073486,6,137,3,1,6,197,28,0,1,,379
E00073487,2,67,2,0,6,178,30,1,2,,288
E00073488,4,75,3,0,2,160,28,3,0,,275
E00073489,1,73,0,2,0,134,17,0,1,,228
E00073490,3,101,0,5,12,144,13,0,0,,278
E00073491,6,76,7,0,9,204,23,4,1,,330
E00073492,2,92,0,0,0,175,22,3,1,,295
E00073493,12,76,9,1,14,203,23,2,0,,340
E00073494,6,72,6,3,5,224,34,8,5,,363
E00073495,7,97,6,0,16,256,50,1,0,,433
E00073496,4,116,15,6,10,312,58,4,0,,525
E00073497,3,92,0,2,8,149,16,3,0,,273
E00073498,3,89,0,2,0,135,15,2,0,,246
E00073499,1,93,0,0,5,125,11,1,2,,238
E00073500,2,105,0,5,3,273,36,2,0,,426
E00073501,7,103,0,0,0,212,21,0,6,,349
E00073502,8,100,8,1,4,217,34,2,3,,377
E00073503,1,67,2,0,1,157,20,0,5,,253
E00073504,3,96,0,7,24,183,33,2,0,,348
E00073505,0,61,10,0,8,106,26,6,1,,218
E00073506,1,76,5,4,7,176,21,2,1,,293
E00073507,3,61,5,0,0,85,12,0,0,,166
E00073508,1,68,4,4,4,152,17,3,0,,253
E00073509,3,65,4,2,7,192,25,4,0,,302
E00073510,2,87,0,5,4,177,16,1,0,,292
E00073511,5,88,7,3,9,127,22,4,0,,265
E00073512,2,110,4,11,4,177,24,1,0,,333
E00073513,2,57,4,0,8,199,24,1,0,,295
E00073514,6,91,1,2,0,217,31,6,0,,354
E00073515,0,96,5,0,0,154,33,7,0,,295
E00073516,2,85,7,6,8,224,26,2,0,,360
E00073517,6,53,1,3,6,185,19,0,0,,273
E00073518,2,66,0,0,7,147,20,0,0,,242
E00073519,0,75,3,8,5,221,30,2,0,,344
E00073520,7,71,0,1,15,207,11,9,1,,322
E00073521,1,91,0,8,6,206,33,2,0,,347
E00073522,1,89,1,6,5,195,19,0,3,,319
E00073523,2,54,1,0,0,170,20,2,1,,250
E00073524,5,69,6,0,2,200,17,0,0,,299
E00073525,0,65,5,0,0,229,27,4,0,,330
E00073526,2,77,3,0,13,200,16,4,4,,319
E00073527,4,67,3,8,7,203,24,8,4,,328
E00073528,0,93,3,4,0,180,42,5,0,,327
E00073529,1,62,5,1,3,222,19,1,0,,314
E00073530,5,96,1,14,13,191,32,1,0,,353
E00073531,0,94,4,0,1,216,27,0,0,,342
E00073532,5,137,4,2,14,319,50,4,4,,539
E00073533,2,114,4,0,8,148,27,1,0,,304
E00073534,7,91,0,3,2,167,11,2,1,,284
E00073535,1,65,0,0,4,131,14,1,3,,219
E00073536,2,47,1,0,5,154,6,1,0,,216
E00073537,9,86,0,0,0,228,21,7,1,,352
E00073538,1,81,1,5,3,151,20,2,0,,264
E00073539,0,47,0,4,2,139,13,3,0,,208
E00073540,0,63,0,3,0,127,14,2,0,,209
E00073541,5,66,1,1,6,225,23,1,0,,328
E00073542,8,69,5,2,9,178,19,0,1,,291
E00073543,0,91,3,1,6,191,28,4,0,,324
E00073544,0,73,5,3,1,181,16,1,0,,280
E00073545,1,72,3,0,4,289,29,1,3,,402
E00073546,0,73,6,3,1,297,26,6,0,,412
E00073547,0,62,1,0,8,171,18,3,0,,263
E00073548,1,84,7,4,17,285,32,4,1,,435
E00073549,5,55,0,3,4,203,19,5,0,,294
E00073550,3,83,4,7,3,209,26,4,0,,339
E00073551,0,94,0,5,7,193,31,7,0,,337
E00073552,1,107,5,0,4,157,18,2,0,,294
E00073553,2,59,1,1,0,184,21,7,0,,275
E00073554,3,84,1,4,2,169,21,4,0,,288
E00073555,0,62,1,7,6,158,28,1,1,,264
E00073556,0,54,0,3,2,179,17,1,0,,256
E00073557,4,73,3,4,8,231,38,4,4,,369
E00073558,2,96,1,0,12,201,18,0,0,,330
E00073559,3,47,0,0,26,234,37,9,0,,356
E00073560,2,94,0,1,19,161,29,3,4,,313
E00073561,5,76,0,3,138,201,35,10,13,,481
E00073562,0,58,1,0,129,207,34,8,3,,440
E00073563,4,51,5,3,73,225,31,6,11,,409
E00073564,4,67,0,5,13,244,26,1,0,,360
E00073565,0,147,1,0,230,181,27,12,13,,611
E00073566,3,51,3,0,70,97,13,4,5,,246
E00073567,1,51,0,0,48,162,44,10,6,,322
E00073568,8,77,8,0,47,205,36,15,0,,396
E00073569,13,65,0,2,42,285,34,3,15,,459
E00073570,2,52,0,2,55,198,34,5,1,,349
E00073571,6,79,0,1,18,260,40,8,10,,422
E00073572,3,76,1,0,51,188,22,6,10,,357
E00073573,5,82,6,3,136,264,46,6,6,,554
E00073574,0,77,0,0,103,161,27,4,9,,381
E00073575,0,96,0,0,152,213,32,7,11,,511
E00073576,6,95,3,0,74,184,30,7,12,,411
E00073577,0,69,0,0,80,186,24,3,6,,368
E00073578,4,72,4,4,83,214,15,5,13,,414
E00073579,0,93,0,0,14,121,22,3,0,,253
E00073580,1,101,0,0,54,221,22,11,0,,410
E00073581,0,63,0,0,13,207,29,5,6,,323
E00073582,0,76,0,0,20,209,28,2,0,,335
E00073583,3,94,0,0,1,185,19,0,4,,306
E00073584,5,83,3,0,29,194,21,5,7,,347
E00073585,0,88,6,2,7,218,23,0,5,,349
E00073586,6,68,0,2,6,185,18,0,0,,285
E00073587,3,79,0,0,10,184,24,13,2,,315
E00073588,4,75,0,1,34,41,20,4,5,,184
E00073589,6,40,0,1,1,80,7,0,0,,135
E00073590,0,112,1,0,57,241,41,3,6,,461
E00073591,0,77,9,0,8,129,17,1,5,,246
E00073592,3,101,1,0,5,162,15,0,0,,287
E00073593,0,87,1,1,6,151,28,1,0,,275
E00073594,0,81,0,0,11,191,19,5,0,,307
E00073595,4,103,2,0,5,163,22,3,0,,302
E00073596,3,80,1,0,12,188,16,8,1,,309
E00073597,0,111,6,0,156,251,32,11,9,,576
E00073598,5,111,4,0,58,161,21,0,0,,360
E00073599,2,99,0,0,14,109,15,4,0,,243
E00073600,1,162,0,1,45,212,43,0,1,,465
E00073601,4,59,0,3,49,131,20,7,7,,280
E00073602,3,117,0,1,28,151,21,5,13,,339
E00073603,6,82,2,0,51,149,33,1,23,,347
E00073604,0,110,5,0,96,154,13,0,17,,395
E00073605,5,55,7,0,35,135,17,1,10,,265
E00073606,5,114,0,1,25,202,29,9,13,,398
E00073607,0,74,1,0,63,115,21,7,20,,301
E00073608,0,76,0,0,78,112,27,3,18,,314
E00073609,3,91,0,1,29,143,31,10,11,,319
E00073611,3,103,6,0,99,172,28,4,0,,415
E00073612,0,99,5,0,130,70,33,3,3,,343
E00073613,6,82,0,0,76,108,23,7,0,,302
E00073614,11,212,1,0,45,258,37,4,0,,568
E00073615,0,137,8,0,47,151,25,4,23,,395
E00073616,5,122,21,0,43,107,29,5,7,,339
E00073617,2,114,1,1,19,110,9,2,0,,258
E00073618,4,141,0,0,29,121,18,4,0,,317
E00073619,10,150,8,0,55,140,24,2,0,,389
E00073620,3,97,0,1,0,187,25,3,0,,316
E00073621,4,100,2,0,61,168,31,3,0,,369
E00073622,5,75,0,0,23,178,24,4,6,,315
E00073623,3,78,0,2,108,147,20,0,1,,359
E00073624,0,83,0,0,24,131,16,7,0,,261
E00073625,5,104,1,0,22,179,29,8,5,,353
E00073626,0,96,1,0,39,142,24,2,0,,304
E00073627,11,111,0,0,28,251,22,6,0,,429
E00073628,1,79,0,1,55,79,8,4,0,,227
E00073629,2,99,7,2,13,203,24,9,19,,378
E00073630,4,131,10,0,33,229,28,3,22,,460
E00073631,1,87,0,0,31,181,22,9,1,,332
E00073632,0,102,1,1,83,175,26,6,13,,407
E00073633,0,86,0,0,11,138,19,2,7,,263
E00073634,3,96,4,2,92,238,42,3,12,,492
E00073635,0,85,1,0,34,179,36,6,14,,355
E00073636,11,134,0,0,22,198,28,0,0,,393
E00073637,0,110,10,0,11,216,17,0,0,,364
E00073638,0,97,0,0,20,222,16,2,0,,357
E00073639,0,122,0,0,10,218,11,1,1,,363
E00073640,3,91,0,2,2,228,21,0,7,,354
E00073641,0,105,1,0,8,248,25,3,0,,390
E00073642,3,170,7,0,19,154,25,0,0,,378
E00073643,0,147,0,1,21,227,12,0,0,,408
E00073644,0,149,0,0,5,211,23,0,1,,389
E00073645,1,100,4,0,8,252,18,0,0,,383
E00073646,6,231,0,0,49,243,34,4,0,,567
E00073647,1,140,0,0,21,197,22,0,0,,381
E00073648,0,151,0,0,5,247,15,2,1,,421
E00073649,1,126,5,0,0,200,21,1,1,,355
E00073650,0,146,0,0,12,190,21,0,1,,370
E00073651,1,124,1,0,4,278,17,6,0,,431
E00073652,1,110,0,0,0,209,11,0,0,,331
E00073653,4,58,3,0,5,119,24,1,0,,214
E00073654,0,120,0,0,5,203,23,0,0,,351
E00073655,0,138,0,0,5,260,34,3,5,,445
E00073656,1,117,2,0,19,231,19,0,0,,389
E00073657,0,135,0,0,4,153,13,1,0,,306
E00073658,0,124,0,0,15,165,16,3,0,,323
E00073659,0,133,0,0,1,185,8,4,0,,331
E00073660,1,139,0,1,14,220,21,0,0,,396
E00073662,4,154,1,0,0,153,28,1,0,,341
E00073663,0,119,0,0,16,157,23,4,0,,319
E00073664,2,99,0,0,2,88,10,1,0,,202
E00073665,1,112,0,0,4,169,26,0,0,,312
E00073666,0,120,10,0,10,215,34,3,2,,394
E00073667,0,166,4,1,36,269,36,4,0,,516
E00073668,4,75,0,0,19,193,28,0,0,,319
E00073669,1,70,3,0,30,152,17,1,0,,274
E00073670,0,93,0,1,14,107,23,1,0,,239
E00073671,0,149,0,0,10,196,10,1,0,,366
E00073672,0,112,0,0,26,199,26,2,5,,370
E00073673,7,71,11,0,38,93,22,1,0,,243
E00073674,3,109,0,0,17,151,34,3,7,,324
E00073675,3,123,3,0,4,99,19,0,7,,258
E00073676,9,118,0,0,127,167,25,1,8,,455
E00073677,0,101,0,0,76,120,40,10,4,,351
E00073678,2,121,0,0,59,84,18,0,0,,284
E00073679,0,106,3,0,5,67,14,1,0,,196
E00073680,0,95,0,0,63,110,19,1,0,,288
E00073681,3,164,12,0,33,272,28,4,0,,516
E00073682,1,105,3,0,80,148,10,1,11,,359
E00073683,8,125,0,0,22,201,39,3,0,,398
E00073684,5,105,1,2,29,154,28,0,0,,324
E00073685,0,84,2,3,37,170,14,8,5,,323
E00073688,0,77,0,0,60,181,17,0,0,,335
E00073689,1,119,4,0,18,160,17,2,0,,321
E00073690,4,131,3,0,34,150,23,8,21,,374
E00073691,3,95,4,6,9,197,19,4,0,,337
E00073692,1,141,0,6,32,192,22,5,12,,411
E00073693,0,191,12,0,47,173,34,4,6,,467
E00073695,1,104,0,0,38,154,24,0,4,,325
E00073696,0,141,0,0,36,115,17,0,12,,321
E00073697,5,135,1,0,10,169,24,0,0,,344
E00073698,5,167,11,0,25,214,31,8,9,,470
E00073699,4,107,0,1,44,150,24,5,8,,343
E00073700,0,127,0,0,18,92,14,0,8,,259
E00073701,4,122,3,0,6,76,21,2,3,,237
E00073702,0,111,0,1,27,133,17,1,0,,290
E00073703,0,83,6,0,63,86,8,4,3,,253
E00073704,3,136,0,0,1,86,18,5,4,,253
E00073705,1,145,0,0,7,121,18,1,0,,293
E00073706,1,122,0,0,69,146,31,4,6,,379
E00073707,3,101,1,0,63,90,15,2,1,,276
E00073708,4,160,1,0,32,88,10,0,8,,303
E00073709,0,70,0,0,12,227,21,1,0,,331
E00073710,0,83,0,0,3,154,26,2,0,,268
E00073711,7,177,4,0,0,201,23,2,0,,414
E00073712,1,58,1,0,4,270,16,2,0,,352
E00073713,5,149,5,0,13,203,18,3,2,,398
E00073714,4,103,4,0,3,167,11,0,0,,292
E00073715,0,132,5,0,21,232,17,2,0,,409
E00073716,1,80,0,0,5,177,12,0,0,,275
E00073717,0,103,4,0,0,199,14,0,0,,320
E00073718,2,135,26,1,0,171,24,0,0,,359
E00073719,1,176,0,0,5,194,15,4,0,,395
E00073720,1,127,1,0,5,221,29,0,4,,388
E00073721,0,113,7,0,0,131,22,1,0,,274
E00073722,0,147,3,0,0,215,22,3,0,,390
E00073723,0,125,0,0,15,165,24,7,0,,336
E00073724,0,113,8,0,0,361,38,1,1,,522
E00073725,0,96,0,0,0,144,19,3,0,,262
E00073726,0,79,4,0,0,155,14,0,0,,252
E00073727,0,88,0,0,4,123,21,1,0,,237
E00073728,2,119,0,0,5,171,9,0,1,,307
E00073729,2,94,2,0,2,162,10,5,1,,278
E00073730,0,102,0,0,0,164,32,0,1,,299
E00073731,0,100,0,2,2,161,13,1,1,,280
E00073732,0,128,0,0,7,121,12,0,1,,269
E00073733,0,94,0,0,1,157,8,0,0,,260
E00073734,2,95,2,0,0,133,21,1,0,,254
E00073735,1,157,0,0,0,130,16,2,0,,306
E00073736,1,90,0,0,5,153,20,3,0,,272
E00073737,0,105,0,0,3,183,25,2,0,,318
E00073738,0,158,0,1,1,152,22,0,0,,334
E00073739,2,159,0,0,0,181,23,0,0,,365
E00073740,2,130,0,0,2,161,15,1,0,,311
E00073741,2,107,0,0,1,146,16,0,0,,272
E00073743,1,135,0,1,1,188,12,2,0,,340
E00073744,0,97,0,0,16,237,20,1,0,,371
E00073745,1,77,0,0,18,223,25,0,0,,344
E00073746,2,121,4,0,0,114,15,4,0,,260
E00073747,3,132,0,0,12,133,9,2,0,,291
E00073748,0,212,4,0,42,308,36,6,0,,608
E00073749,1,163,0,1,8,94,20,0,0,,287
E00073750,0,84,8,0,12,160,22,1,10,,297
E00073751,2,124,0,0,42,143,15,0,3,,329
E00073752,4,233,15,1,43,204,50,5,1,,556
E00073754,2,163,9,0,11,170,24,12,0,,391
E00073755,1,78,1,4,35,156,13,3,0,,291
E00073756,1,83,1,1,5,55,13,1,0,,160
E00073757,4,114,0,0,5,138,12,0,4,,277
E00073758,0,167,4,0,50,176,24,1,0,,422
E00073759,0,138,4,0,43,166,20,1,2,,374
E00073760,1,123,0,0,15,143,25,6,6,,319
E00073761,2,162,2,0,23,189,22,0,0,,400
E00073762,3,120,0,1,2,121,13,5,0,,265
E00073763,0,139,0,0,5,161,16,1,0,,322
E00073764,0,150,0,0,41,172,13,1,5,,382
E00073765,0,117,7,0,9,126,28,3,0,,290
E00073766,0,112,0,0,18,209,17,4,0,,360
E00073767,0,147,0,0,13,213,22,1,5,,401
E00073768,0,122,6,3,19,202,32,0,0,,384
E00073769,0,139,0,0,6,130,15,1,1,,292
E00073770,0,120,0,0,2,141,16,1,0,,280
E00073771,5,141,0,1,15,129,32,1,0,,324
E00073772,0,160,4,0,1,133,30,3,1,,332
E00073773,1,133,0,1,2,164,7,0,5,,313
E00073774,1,166,9,0,16,193,37,0,0,,422
E00073775,0,138,4,0,26,227,24,3,0,,422
E00073776,0,118,4,0,22,105,18,7,0,,274
E00073777,1,146,4,0,14,82,14,3,3,,267
E00073778,0,139,11,0,13,148,14,0,5,,330
E00073779,2,134,0,0,0,113,12,0,0,,261
E00073780,1,78,3,0,7,104,17,5,0,,215
E00073781,1,144,0,0,4,164,18,3,0,,334
E00073782,1,143,0,0,16,205,45,2,0,,412
E00073783,0,187,2,0,3,155,16,1,0,,364
E00073784,4,213,8,0,15,286,24,2,0,,552
E00073785,0,157,0,0,0,200,20,0,0,,377
E00073786,0,150,0,0,30,254,25,0,0,,459
E00073787,1,143,1,0,9,199,25,5,0,,383
E00073788,0,173,3,0,11,134,16,0,0,,337
E00073789,3,117,0,0,0,193,14,0,4,,331
E00073790,0,160,4,0,4,240,21,5,0,,434
E00073791,2,75,1,0,5,145,22,0,0,,250
E00073792,5,172,1,0,31,180,30,0,0,,419
E00073793,2,177,0,0,10,153,13,1,3,,359
E00073794,4,117,0,0,20,170,32,0,0,,343
E00073795,0,117,0,0,3,206,21,0,2,,349
E00073796,1,123,1,1,0,123,18,2,0,,269
E00073797,5,115,2,0,0,137,14,0,0,,273
E00073798,1,128,0,0,5,174,19,0,0,,327
E00073799,2,129,7,1,8,190,42,0,0,,379
E00073800,0,104,1,0,2,126,23,0,0,,256
E00073801,0,105,3,0,4,164,10,0,0,,286
E00073802,0,141,0,0,0,159,19,0,0,,319
E00073803,0,163,0,0,9,152,11,1,0,,336
E00073804,0,118,0,1,0,118,11,1,0,,249
E00073805,0,109,3,0,5,171,17,2,0,,307
E00073806,2,138,0,1,3,98,16,0,2,,260
E00073807,5,162,0,0,0,130,9,2,0,,308
E00073808,1,135,1,0,0,110,18,0,0,,265
E00073809,0,142,0,1,0,150,19,0,0,,312
E00073810,1,133,7,1,0,134,15,0,0,,291
E00073811,0,126,3,1,19,165,19,7,1,,341
E00073812,2,94,0,0,7,177,20,0,0,,300
E00073813,0,139,0,0,8,137,22,1,0,,307
E00073814,1,156,3,0,2,194,14,1,0,,371
E00073815,1,183,6,0,4,187,33,1,6,,421
E00073816,0,126,1,0,0,141,9,0,0,,277
E00073817,0,110,0,0,15,234,21,2,0,,382
E00073818,0,186,7,0,0,135,12,3,0,,343
E00073819,2,141,0,0,0,128,10,0,0,,281
E00073820,6,132,0,0,6,115,15,1,0,,275
E00073821,2,98,0,1,9,104,22,0,0,,236
E00073822,0,190,8,0,6,198,26,5,3,,436
E00073823,4,122,0,0,4,95,27,0,0,,252
E00073824,0,139,2,3,3,156,24,0,1,,328
E00073825,0,122,1,2,0,226,16,0,2,,369
E00073826,3,121,0,3,1,189,16,0,0,,333
E00073827,2,148,0,0,2,212,23,2,0,,389
E00073828,1,106,0,0,0,140,22,4,0,,273
E00073829,1,75,0,0,3,163,13,3,0,,258
E00073830,3,77,10,0,1,209,48,3,0,,351
E00073831,1,93,5,0,0,184,22,0,0,,305
E00073832,4,108,3,0,1,148,11,0,1,,276
E00073833,0,181,4,0,3,150,10,4,0,,352
E00073834,0,137,7,0,4,112,15,1,5,,281
E00073835,1,179,0,0,0,122,21,2,0,,325
E00073836,0,105,3,1,5,79,9,0,0,,202
E00073837,0,169,1,2,0,119,14,2,2,,309
E00073838,0,150,0,0,0,154,37,2,0,,343
E00073839,0,138,4,0,4,163,31,1,0,,341
E00073840,2,174,3,1,0,152,16,1,0,,349
E00073841,0,169,0,1,7,133,13,0,0,,323
E00073842,1,168,1,0,0,161,18,1,0,,350
E00073843,1,163,0,5,13,150,17,2,4,,355
E00073844,2,184,2,2,3,122,32,1,2,,350
E00073845,3,162,5,0,16,140,11,0,1,,338
E00073846,0,144,3,0,10,100,27,0,0,,284
E00073847,0,122,0,1,3,165,22,2,1,,316
E00073848,4,121,3,2,0,191,12,2,0,,335
E00073849,5,188,5,1,5,147,25,0,0,,376
E00073850,2,138,0,0,0,151,18,0,0,,309
E00073851,5,117,6,0,4,120,20,1,0,,273
E00073852,0,119,10,0,65,109,12,0,6,,321
E00073853,1,104,0,0,19,183,18,1,12,,338
E00073854,1,134,0,0,33,126,21,0,0,,315
E00073855,1,97,0,0,9,107,31,5,0,,250
E00073856,9,125,9,0,42,133,8,5,0,,331
E00073857,0,156,3,1,56,168,18,0,0,,402
E00073858,10,116,1,3,21,150,13,0,0,,314
E00073859,8,208,14,0,91,234,16,8,4,,583
E00073860,1,82,4,0,28,53,10,1,0,,179
E00073861,0,105,18,1,19,201,23,5,5,,377
E00073862,0,254,4,0,33,229,28,1,0,,549
E00073864,3,200,3,0,8,271,41,1,0,,527
E00073865,0,132,3,1,9,182,12,1,1,,341
E00073866,0,129,6,2,12,163,18,2,3,,335
E00073867,1,93,4,0,35,148,24,4,0,,309
E00073868,1,81,0,1,7,181,26,0,0,,297
E00073869,1,124,0,0,34,135,23,2,5,,324
E00073870,3,123,9,0,57,149,31,0,3,,375
E00073871,1,64,0,0,76,142,32,5,0,,320
E00073872,3,138,0,0,20,188,15,7,6,,377
E00073873,0,140,5,0,92,128,21,5,0,,391
E00073874,1,98,3,0,104,167,18,0,8,,399
E00073875,0,117,0,0,37,208,27,5,5,,399
E00073876,2,106,0,0,115,130,19,0,2,,374
E00073877,5,129,0,0,79,136,15,6,8,,378
E00073878,0,84,0,1,60,122,22,6,3,,298
E00073879,3,146,4,1,84,144,27,6,0,,415
E00073880,0,150,4,0,44,156,14,6,12,,386
E00073881,1,115,6,0,100,151,21,1,12,,407
E00073882,0,109,0,0,72,130,13,5,11,,340
E00073883,0,135,16,0,57,149,20,5,0,,382
E00073884,0,108,0,1,28,126,23,0,7,,293
E00073885,0,116,4,0,20,157,25,2,1,,325
E00073886,0,117,0,6,16,160,35,0,9,,343
E00073887,0,143,9,0,119,122,14,5,22,,434
E00073888,0,150,4,0,67,153,10,2,0,,386
E00073889,1,109,5,0,38,129,15,5,9,,311
E00073890,0,105,0,0,54,146,43,0,0,,348
E00073891,0,144,4,0,69,121,28,3,15,,384
E00073892,0,104,9,0,14,174,18,0,0,,319
E00073893,2,111,0,0,1,241,29,1,0,,385
E00073894,0,98,1,3,3,252,31,4,0,,392
E00073895,1,125,0,0,20,124,28,1,0,,299
E00073896,1,108,7,0,31,172,20,6,7,,352
E00073897,5,90,0,2,17,187,28,5,0,,334
E00073898,4,153,6,0,33,182,15,4,0,,397
E00073899,3,161,6,0,5,158,30,6,10,,379
E00073900,4,142,0,0,21,169,23,1,2,,362
E00073901,1,128,1,0,5,237,23,4,6,,405
E00073902,2,89,9,1,7,176,29,0,4,,317
E00073904,0,137,0,0,49,215,15,3,1,,420
E00073905,0,162,12,1,33,341,25,3,7,,584
E00073906,1,155,0,0,11,152,21,0,0,,340
E00073907,3,143,5,5,4,179,18,5,0,,362
E00073908,1,112,2,0,44,123,24,4,4,,314
E00073909,2,98,0,0,23,150,18,0,0,,291
E00073910,2,78,1,0,32,128,23,0,6,,270
E00073911,2,111,2,2,12,169,14,0,0,,312
E00073912,3,134,2,0,17,219,31,1,0,,407
E00073913,1,132,12,0,12,180,13,0,3,,353
E00073914,0,133,0,1,7,202,24,4,1,,372
E00073915,4,99,5,0,7,342,36,4,3,,500
E00073916,2,140,5,0,0,152,28,3,0,,330
E00073917,0,96,0,3,0,190,73,4,0,,366
E00073918,0,180,0,2,20,114,13,1,6,,336
E00073919,1,131,4,0,24,202,25,3,17,,407
E00073921,1,108,0,0,31,94,17,3,0,,254
E00073922,3,134,8,0,8,161,18,0,4,,336
E00073923,7,157,8,0,5,143,36,0,5,,361
E00073925,2,109,0,2,6,232,32,1,3,,387
E00073926,1,205,11,1,5,159,28,5,1,,416
E00073927,0,161,9,2,6,144,26,1,0,,349
E00073928,1,90,5,1,24,227,23,6,0,,377
E00073929,2,131,0,0,20,117,16,2,0,,288
E00073930,1,115,0,0,4,154,29,0,0,,303
E00073931,1,134,0,0,8,122,20,4,1,,290
E00073932,5,131,0,0,4,157,22,1,0,,320
E00073933,1,102,3,0,15,96,22,0,3,,242
E00073934,3,105,1,0,9,139,10,4,0,,271
E00073935,0,150,0,0,9,159,19,0,0,,337
E00073936,3,98,3,5,4,133,28,1,2,,277
E00073937,1,160,0,0,0,156,23,10,4,,354
E00073938,0,83,0,0,0,184,12,0,0,,279
E00073939,3,155,1,3,18,178,22,1,3,,384
E00073940,1,104,0,0,0,108,18,1,0,,232
E00073941,8,158,6,0,0,162,22,3,2,,361
E00073942,3,109,0,0,39,169,22,0,0,,342
E00073943,1,148,0,2,17,152,39,4,0,,363
E00073944,1,104,0,0,3,172,11,2,1,,294
E00073945,2,125,0,1,33,159,22,0,1,,343
E00073946,0,163,0,0,7,185,15,5,0,,375
E00073947,1,118,0,0,0,156,32,2,0,,309
E00073948,0,124,0,0,3,146,19,1,0,,293
E00073949,0,113,0,0,8,105,13,5,0,,244
E00073950,6,140,0,0,7,156,34,0,0,,343
E00073951,0,108,1,0,3,147,17,1,2,,279
E00073952,1,110,7,0,0,118,4,3,0,,243
E00073953,0,107,0,0,2,131,19,0,0,,259
E00073954,1,110,0,0,6,136,19,0,4,,276
E00073955,1,177,4,0,0,158,20,1,0,,361
E00073956,4,186,3,0,22,81,16,2,0,,314
E00073957,3,150,3,1,5,106,20,3,0,,291
E00073958,2,142,0,2,12,139,22,1,0,,320
E00073959,1,181,0,0,0,161,30,0,0,,373
E00073960,1,141,5,0,6,119,24,0,0,,296
E00073961,0,133,0,0,17,175,13,6,5,,349
E00073962,0,127,4,0,7,142,33,0,0,,313
E00073963,6,163,0,0,23,150,30,2,5,,379
E00073964,1,145,1,0,0,217,22,3,1,,390
E00073965,0,129,0,0,11,166,22,3,1,,332
E00073966,0,90,0,0,16,175,20,0,0,,301
E00073967,0,94,2,0,3,206,16,1,1,,323
E00073968,0,75,0,2,15,221,24,0,1,,338
E00073969,0,98,5,1,12,177,16,3,0,,312
E00073970,0,90,2,0,28,206,16,0,0,,342
E00073971,0,105,0,0,6,212,28,2,0,,353
E00073972,2,110,0,0,24,205,9,1,0,,351
E00073973,0,126,0,5,74,178,9,1,0,,393
E00073974,1,133,0,1,21,247,35,13,1,,452
E00073975,2,138,0,1,12,138,20,0,0,,311
E00073976,0,130,10,5,2,141,15,1,0,,304
E00073977,0,134,0,0,0,244,25,4,0,,407
E00073978,1,85,1,0,0,222,19,4,0,,332
E00073979,1,93,1,0,3,180,20,5,0,,303
E00073980,2,141,0,0,3,156,27,0,1,,330
E00073981,0,127,0,0,18,162,7,2,0,,316
E00073982,0,129,1,1,22,113,23,0,2,,291
E00073983,1,157,7,1,8,168,23,1,0,,366
E00073984,1,138,0,0,8,202,37,7,4,,397
E00073985,1,140,2,0,15,137,21,0,2,,318
E00073986,4,128,0,0,0,170,15,2,0,,319
E00073987,0,162,9,2,22,134,26,1,0,,356
E00073988,2,125,0,1,45,143,5,6,0,,327
E00073989,0,139,0,0,26,220,14,1,0,,400
E00073990,0,136,0,0,5,210,12,1,1,,365
E00073991,0,178,0,0,23,193,19,4,0,,417
E00073992,6,134,1,0,13,148,36,2,2,,342
E00073993,0,102,7,3,10,211,31,1,0,,365
E00073994,4,123,0,0,27,164,27,6,0,,351
E00073995,6,109,6,1,5,197,19,0,0,,343
E00073996,0,143,6,0,16,143,29,1,0,,338
E00073997,0,106,0,0,13,92,11,4,0,,226
E00073998,6,113,2,0,15,246,32,0,0,,414
E00073999,0,136,4,0,6,226,23,1,0,,396
E00074000,2,64,0,0,93,137,38,2,6,,342
E00074001,0,54,2,0,105,145,24,2,6,,338
E00074002,4,67,7,0,23,155,33,7,4,,300
E00074003,0,174,4,0,92,204,34,7,0,,515
E00074006,3,77,0,2,216,110,25,1,0,,434
E00074007,2,66,10,0,16,119,23,0,0,,236
E00074008,0,68,5,0,38,73,17,3,3,,207
E00074009,1,107,0,0,140,139,20,0,0,,407
E00074010,2,85,3,0,251,148,17,2,0,,508
E00074011,0,73,4,5,94,95,20,2,0,,293
E00074012,1,43,0,0,91,95,15,3,11,,259
E00074013,4,64,0,0,136,128,33,5,3,,373
E00074014,4,42,2,2,80,218,23,12,4,,387
E00074016,1,67,3,2,250,88,17,4,3,,435
E00074018,1,75,0,3,171,243,31,0,8,,532
E00074019,1,53,0,0,279,56,21,1,4,,415
E00074020,0,118,3,0,94,175,43,8,17,,458
E00074021,1,72,0,0,246,42,30,0,7,,398
E00074022,4,108,0,0,127,190,36,7,5,,477
E00074023,0,131,12,1,265,122,28,14,5,,578
E00074024,0,74,5,1,201,111,23,6,10,,431
E00074025,6,100,10,2,198,116,26,4,7,,469
E00074026,5,124,4,0,144,169,56,4,0,,506
E00074027,0,75,0,0,185,72,15,2,0,,349
E00074028,2,95,0,0,340,114,16,5,3,,575
E00074029,0,98,9,0,380,78,10,3,0,,578
E00074030,0,74,7,0,67,31,28,1,0,,208
E00074032,0,64,0,1,263,44,23,2,0,,397
E00074033,0,64,0,0,322,50,25,3,0,,464
E00074034,0,79,15,0,146,48,34,4,10,,336
E00074037,5,61,0,0,205,45,6,1,0,,323
E00074038,0,76,0,0,217,64,16,0,2,,375
E00074041,1,71,2,0,146,97,25,2,0,,344
E00074042,2,49,10,0,174,57,12,3,1,,308
E00074045,0,145,1,0,42,115,29,1,0,,333
E00074046,9,130,3,0,65,230,46,3,5,,491
E00074047,1,106,4,3,57,137,18,7,2,,335
E00074048,6,92,7,1,24,170,29,3,0,,332
E00074049,0,129,1,0,58,141,25,1,5,,360
E00074050,3,92,1,0,14,90,16,2,0,,218
E00074051,1,86,0,0,8,244,34,6,15,,394
E00074052,3,103,4,1,6,176,29,4,0,,326
E00074053,9,121,0,0,55,177,23,6,9,,400
E00074054,1,84,0,0,169,149,14,2,7,,426
E00074055,6,131,5,0,139,175,52,4,22,,534
E00074056,2,86,0,0,88,163,27,0,5,,371
E00074057,2,104,17,1,116,139,47,1,8,,435
E00074058,7,65,0,2,91,254,31,7,4,,461
E00074060,1,139,7,0,58,186,31,4,6,,432
E00074061,0,103,7,0,73,189,32,0,3,,407
E00074062,0,140,4,0,47,138,17,0,3,,349
E00074063,2,117,6,0,69,131,13,1,0,,339
E00074064,0,122,1,0,13,151,21,0,1,,309
E00074065,0,134,3,0,31,104,21,0,3,,296
E00074066,6,104,0,0,32,153,25,0,3,,323
E00074067,2,124,0,0,17,120,17,1,7,,288
E00074068,0,83,0,0,21,86,37,6,0,,233
E00074069,0,107,0,1,32,149,30,1,0,,320
E00074070,6,134,2,1,31,128,19,3,0,,324
E00074071,0,77,0,0,25,62,9,7,1,,181
E00074072,1,125,0,0,51,190,27,0,0,,394
E00074073,0,80,3,0,61,178,21,1,0,,344
E00074074,1,111,0,0,44,139,39,6,4,,344
E00074075,6,109,9,0,22,157,16,0,0,,319
E00074076,1,128,0,0,33,141,21,0,0,,324
E00074077,0,153,0,0,48,153,30,0,10,,394
E00074078,0,92,0,0,13,197,29,4,0,,335
E00074079,3,70,1,0,6,233,17,1,0,,331
E00074080,3,51,4,0,4,215,19,0,0,,296
E00074081,6,129,4,4,6,318,27,3,0,,497
E00074082,0,50,1,4,5,201,23,3,0,,287
E00074083,0,86,1,1,9,214,12,6,1,,330
E00074084,0,71,5,1,3,162,26,1,0,,269
E00074085,0,74,0,6,0,155,16,5,0,,256
E00074086,2,86,3,4,0,157,21,5,2,,280
E00074087,3,129,2,1,1,215,19,0,1,,371
E00074088,6,88,3,4,16,391,32,14,0,,554
E00074089,1,69,1,6,2,230,29,7,1,,346
E00074090,0,97,0,2,4,179,27,7,1,,317
E00074091,0,81,0,6,8,162,25,2,0,,284
E00074092,1,40,0,2,4,178,22,3,0,,250
E00074093,3,160,1,4,6,218,27,0,4,,423
E00074094,3,138,0,2,0,195,18,1,0,,357
E00074095,0,115,1,3,7,226,21,1,4,,378
E00074096,2,82,1,3,0,231,25,0,3,,347
E00074097,2,99,1,1,9,242,18,0,0,,372
E00074098,0,128,0,0,0,165,15,0,13,,321
E00074099,1,94,5,0,2,174,11,1,0,,288
E00074100,0,102,5,1,6,199,40,0,0,,353
E00074101,1,109,0,3,5,149,52,6,0,,325
E00074102,4,71,1,0,5,177,31,0,0,,289
E00074103,1,125,0,1,4,191,15,2,6,,345
E00074104,6,85,4,4,14,191,22,4,0,,330
E00074105,3,145,0,1,6,203,27,2,5,,392
E00074106,1,121,1,0,0,183,21,4,0,,331
E00074107,1,115,1,5,18,92,7,0,0,,239
E00074108,13,94,0,2,2,225,28,5,0,,369
E00074109,0,120,4,3,21,266,26,1,10,,451
E00074110,1,86,4,0,0,175,37,6,0,,309
E00074111,1,67,0,1,2,190,17,7,0,,285
E00074112,0,71,5,0,5,249,16,4,1,,351
E00074113,8,77,0,2,1,198,16,2,1,,305
E00074114,3,57,0,1,0,260,23,2,0,,346
E00074115,0,152,5,0,57,156,15,2,0,,387
E00074116,1,153,5,0,32,208,44,7,0,,450
E00074117,0,102,6,1,0,159,23,7,8,,306
E00074118,0,127,1,0,11,156,14,1,0,,310
E00074119,4,148,0,1,11,186,40,9,0,,399
E00074120,8,138,1,1,6,215,19,0,0,,388
E00074121,0,145,4,0,25,157,27,3,0,,361
E00074122,0,96,2,2,17,82,11,4,3,,217
E00074123,0,146,0,0,13,177,26,7,5,,374
E00074124,2,123,6,1,13,160,20,3,0,,328
E00074125,2,119,0,0,6,183,23,2,0,,335
E00074126,0,144,6,0,23,165,24,5,8,,375
E00074127,1,127,1,0,8,135,10,0,6,,288
E00074128,0,125,0,0,14,158,17,3,3,,320
E00074129,0,150,0,0,17,142,16,0,0,,325
E00074130,6,154,0,1,25,143,15,0,11,,355
E00074131,3,124,1,1,11,206,12,3,2,,363
E00074132,0,134,0,0,19,144,22,0,0,,319
E00074133,0,126,1,1,6,134,11,2,0,,281
E00074134,2,145,0,1,0,145,11,1,0,,305
E00074135,5,134,4,0,10,199,16,6,0,,374
E00074136,1,143,0,1,2,145,23,1,1,,317
E00074137,5,103,0,0,7,136,17,5,1,,274
E00074138,1,153,0,0,3,118,15,0,0,,290
E00074139,2,116,0,0,0,188,17,7,0,,330
E00074140,1,98,0,0,18,117,8,6,6,,254
E00074141,1,168,3,0,1,156,9,1,0,,339
E00074142,4,146,1,0,0,161,19,3,0,,334
E00074143,0,152,0,0,11,207,18,1,0,,389
E00074144,0,180,0,0,7,118,14,1,0,,320
E00074145,0,129,2,1,3,141,28,1,5,,310
E00074146,0,153,0,0,14,177,31,1,5,,381
E00074147,0,159,0,0,12,182,46,1,0,,400
E00074148,0,135,0,0,13,147,17,0,0,,312
E00074149,0,172,10,0,25,215,47,0,5,,474
E00074150,1,128,7,0,24,95,6,4,4,,269
E00074151,0,155,0,0,12,166,24,3,0,,360
E00074152,3,124,0,0,23,117,14,3,0,,284
E00074153,0,127,1,0,0,138,16,3,4,,289
E00074154,2,143,1,0,44,145,23,4,9,,371
E00074155,3,82,1,2,45,185,27,6,6,,357
E00074156,0,115,0,1,29,160,17,3,14,,339
E00074157,6,120,5,0,18,131,28,0,0,,308
E00074158,0,135,0,0,18,142,22,8,0,,325
E00074159,0,148,0,1,94,126,11,5,8,,393
E00074160,0,127,0,0,39,142,22,5,4,,339
E00074161,0,193,1,1,35,208,38,0,3,,479
E00074162,2,108,2,0,46,118,33,0,6,,315
E00074163,0,87,6,0,23,174,14,0,9,,313
E00074164,0,119,2,2,17,144,21,2,0,,307
E00074165,1,160,3,0,73,122,17,1,16,,393
E00074166,5,116,8,0,10,221,27,6,4,,397
E00074167,3,93,0,0,54,116,7,1,15,,289
E00074168,0,59,4,0,9,179,20,7,6,,284
E00074169,4,81,0,0,0,198,30,9,0,,322
E00074170,2,109,0,1,27,222,26,4,0,,391
E00074171,0,121,5,0,10,133,21,8,0,,298
E00074172,0,116,0,1,13,178,22,3,3,,336
E00074173,0,90,1,1,2,196,33,2,1,,326
E00074174,7,114,0,0,7,245,36,4,2,,415
E00074175,7,108,0,7,46,210,43,1,6,,428
E00074176,4,72,2,0,4,206,19,0,0,,307
E00074177,1,116,1,0,9,113,12,1,8,,261
E00074178,6,87,0,4,15,190,21,3,0,,326
E00074179,1,159,4,1,14,165,18,1,8,,371
E00074180,4,139,1,0,24,192,35,4,2,,401
E00074181,1,152,1,0,11,200,15,0,0,,380
E00074182,0,98,0,1,32,96,13,7,4,,251
E00074183,0,89,0,1,13,158,16,0,6,,283
E00074184,0,89,0,0,12,174,24,3,6,,308
E00074185,4,50,2,1,1,201,12,3,0,,274
E00074186,0,98,0,0,7,208,23,3,10,,349
E00074187,0,69,2,0,6,183,24,4,0,,288
E00074188,0,44,1,2,10,159,12,3,0,,231
E00074189,0,52,4,0,11,178,21,5,0,,271
E00074190,1,116,0,0,3,184,28,2,7,,341
E00074191,3,122,4,0,3,247,16,0,1,,396
E00074193,4,105,0,0,31,224,19,0,0,,383
E00074194,1,96,6,1,7,82,22,0,0,,215
E00074195,1,138,7,0,17,110,12,3,0,,288
E00074197,5,115,4,0,25,103,15,6,0,,273
E00074198,0,160,4,1,20,126,34,1,1,,347
E00074199,3,179,8,0,36,135,28,4,0,,393
E00074200,1,106,2,0,31,185,12,14,8,,359
E00074201,1,197,10,1,56,210,16,2,10,,503
E00074202,0,176,0,0,23,183,50,0,1,,433
E00074203,0,83,2,1,16,79,19,1,0,,201
E00074204,1,215,0,0,46,182,39,6,4,,493
E00074205,1,156,0,0,7,146,25,0,0,,335
E00074206,4,157,0,0,34,132,20,1,3,,351
E00074207,2,151,1,0,35,172,16,5,3,,385
E00074208,3,130,8,0,37,151,27,0,5,,361
E00074209,0,163,17,0,60,192,22,0,0,,454
E00074210,0,118,0,0,46,216,24,0,9,,413
E00074211,3,124,9,0,53,139,40,1,0,,369
E00074212,0,153,6,0,14,159,21,0,2,,355
E00074213,0,207,11,0,9,164,36,4,3,,434
E00074214,3,165,12,0,17,187,30,0,0,,414
E00074215,0,120,5,0,44,230,32,0,0,,431
E00074216,0,135,0,0,6,144,18,1,4,,308
E00074217,0,140,2,0,28,144,25,1,0,,340
E00074218,0,111,4,0,47,103,13,2,0,,280
E00074219,0,161,0,0,22,203,23,6,1,,416
E00074220,6,153,1,0,38,208,34,1,5,,446
E00074221,6,128,4,1,39,146,24,0,0,,348
E00074222,0,106,0,0,2,130,10,0,1,,249
E00074223,0,139,0,0,1,116,21,3,0,,280
E00074224,0,111,7,0,2,113,6,1,0,,240
E00074225,0,137,12,0,4,115,39,1,0,,308
E00074226,0,145,8,0,4,113,14,1,0,,285
E00074227,0,144,7,0,30,130,12,0,0,,323
E00074228,0,68,2,1,0,201,19,1,0,,292
E00074229,0,69,3,0,44,142,21,4,0,,283
E00074230,3,75,1,0,10,313,24,4,0,,430
E00074231,0,67,1,2,2,212,21,3,0,,308
E00074232,0,107,1,0,0,83,10,1,0,,202
E00074233,4,68,0,0,38,125,20,3,0,,258
E00074234,0,63,1,2,13,181,21,1,0,,282
E00074235,0,87,15,0,18,122,20,6,0,,268
E00074236,1,94,0,0,6,216,21,0,0,,338
E00074237,4,73,0,0,11,309,25,4,0,,426
E00074238,0,80,3,0,0,216,18,9,0,,326
E00074240,2,96,0,3,11,268,17,7,1,,405
E00074241,4,68,0,0,1,301,25,1,0,,400
E00074243,0,77,4,0,4,234,14,6,0,,339
E00074244,4,73,4,0,0,267,21,4,0,,373
E00074245,0,56,5,0,7,225,15,5,0,,313
E00074246,0,89,2,2,0,220,25,1,0,,339
E00074247,0,98,0,1,11,274,14,5,0,,403
E00074248,1,65,0,1,1,235,24,7,0,,334
E00074250,1,53,0,1,1,234,30,11,0,,331
E00074251,1,82,1,1,4,217,16,2,1,,325
E00074252,0,43,0,0,3,211,31,5,0,,293
E00074253,0,48,7,5,4,217,23,7,0,,311
E00074254,3,74,4,0,4,155,22,6,0,,268
E00074255,0,98,3,2,4,57,9,0,0,,173
E00074256,2,39,0,1,4,242,24,1,0,,313
E00074257,0,73,0,1,0,245,25,0,0,,344
E00074258,4,111,0,0,0,313,45,5,3,,481
E00074259,3,95,1,4,9,101,18,1,0,,232
E00074260,0,127,0,0,8,187,15,4,0,,341
E00074261,4,112,0,1,0,212,26,5,0,,360
E00074262,2,131,0,0,0,205,16,1,0,,355
E00074263,0,74,1,2,17,250,15,0,0,,359
E00074264,1,111,0,0,0,276,47,4,1,,440
E00074265,3,99,0,0,5,237,23,0,0,,367
E00074266,0,113,0,1,0,136,30,2,0,,282
E00074267,0,132,1,0,0,130,14,0,0,,277
E00074268,0,155,0,0,4,173,9,4,0,,345
E00074269,0,137,0,0,3,120,19,3,0,,282
E00074270,1,146,0,0,0,150,20,0,0,,317
E00074271,7,157,0,0,1,111,11,5,0,,292
E00074272,4,80,4,0,6,147,24,1,0,,266
E00074273,1,113,2,0,16,179,20,0,0,,331
E00074274,1,101,0,0,5,138,17,6,0,,268
E00074275,1,189,3,0,10,197,27,0,3,,430
E00074276,2,119,0,0,8,233,16,3,0,,381
E00074277,3,166,0,0,4,131,27,3,0,,334
E00074278,0,134,0,0,4,143,14,1,0,,296
E00074279,4,175,4,0,19,242,28,6,0,,478
E00074280,0,119,1,0,1,124,23,0,0,,268
E00074281,0,119,0,0,0,123,23,2,0,,267
E00074282,0,147,0,0,4,168,17,0,0,,336
E00074283,0,138,2,0,7,142,24,0,0,,313
E00074284,1,96,2,1,1,76,21,4,0,,202
E00074285,1,174,0,0,6,83,30,1,0,,295
E00074286,0,94,0,2,9,135,7,0,0,,247
E00074287,0,112,1,0,6,157,13,3,0,,292
E00074288,1,172,0,0,4,237,16,0,0,,430
E00074289,0,127,0,0,9,135,14,0,0,,285
E00074290,2,89,0,0,6,174,18,2,0,,291
E00074291,1,59,0,1,7,161,14,1,0,,244
E00074292,0,142,7,0,0,122,31,1,0,,303
E00074293,1,164,1,1,0,169,23,1,0,,360
E00074294,0,97,11,0,11,111,10,0,0,,240
E00074295,1,92,6,0,9,242,32,1,2,,385
E00074296,0,142,0,0,0,166,24,5,0,,337
E00074297,0,206,4,1,24,180,24,0,7,,446
E00074298,0,105,1,0,12,136,14,0,1,,269
E00074299,0,100,0,0,6,170,18,0,0,,294
E00074300,0,205,0,0,4,162,20,0,0,,391
E00074301,0,149,21,0,7,135,21,6,1,,340
E00074302,1,199,0,0,39,113,20,5,1,,378
E00074303,0,105,1,0,6,95,15,0,1,,223
E00074304,3,132,5,0,7,110,7,1,0,,265
E00074306,2,134,5,1,7,102,12,1,1,,265
E00074307,0,202,2,0,8,108,23,0,0,,343
E00074308,0,159,4,0,0,96,16,0,0,,275
E00074309,0,174,2,0,10,111,23,0,2,,322
E00074310,2,129,9,0,10,101,17,4,0,,272
E00074311,1,91,0,0,11,77,15,0,3,,198
E00074312,2,82,4,0,10,100,17,2,4,,221
E00074314,0,106,2,2,0,141,18,1,4,,274
E00074315,4,153,4,0,0,95,21,0,1,,278
E00074316,8,125,0,0,8,149,14,0,1,,305
E00074317,1,167,8,3,4,121,34,3,0,,341
E00074318,3,144,0,0,4,117,14,7,0,,289
E00074319,2,148,5,4,6,149,27,0,1,,342
E00074320,6,176,9,3,11,127,22,0,0,,354
E00074321,6,160,3,0,12,125,7,3,0,,316
E00074322,0,174,5,0,12,146,27,1,5,,370
E00074323,0,158,0,5,5,118,33,1,0,,320
E00074324,0,165,4,0,3,110,17,3,0,,302
E00074325,1,132,0,0,10,77,23,0,0,,243
E00074326,2,118,5,0,4,102,18,0,4,,253
E00074327,0,131,2,0,4,26,14,1,0,,178
E00074328,2,141,0,0,1,101,34,3,0,,282
E00074329,0,164,3,0,11,143,19,0,0,,340
E00074330,0,187,10,7,10,108,38,0,6,,366
E00074331,10,200,7,1,0,207,32,1,4,,462
E00074332,6,128,2,0,21,150,32,4,0,,343
E00074333,2,160,9,1,15,125,75,0,0,,387
E00074334,2,152,1,3,0,100,12,0,0,,270
E00074335,1,145,3,0,6,132,28,0,0,,315
E00074336,3,209,1,3,3,107,24,4,0,,354
E00074337,4,117,1,2,5,123,18,0,0,,270
E00074338,5,155,9,0,6,126,17,5,0,,323
E00074339,0,174,8,0,10,108,15,1,0,,316
E00074340,2,119,1,0,4,199,31,0,0,,356
E00074341,1,140,5,0,18,153,20,0,0,,337
E00074342,6,187,4,0,0,156,21,4,0,,378
E00074343,1,113,0,0,6,94,21,0,0,,235
E00074344,0,109,2,0,0,106,11,2,0,,230
E00074345,1,130,0,0,4,107,25,0,0,,267
E00074346,0,91,3,1,13,115,17,4,0,,244
E00074347,0,153,3,0,15,143,18,1,0,,333
E00074348,0,88,4,1,14,82,17,0,0,,206
E00074349,0,118,3,0,0,168,16,1,1,,307
E00074350,1,131,0,4,24,131,11,4,0,,306
E00074351,0,108,3,0,15,129,19,0,3,,277
E00074352,0,162,4,0,7,127,22,0,0,,322
E00074353,0,127,0,1,0,159,13,3,1,,304
E00074354,0,124,6,1,7,136,21,0,3,,298
E00074355,2,115,5,1,25,125,16,5,0,,294
E00074356,0,169,0,1,7,112,24,3,3,,319
E00074357,1,149,14,0,1,147,19,1,0,,332
E00074358,2,162,2,0,10,147,20,1,2,,346
E00074359,1,149,0,1,15,92,8,0,0,,266
E00074360,1,153,0,0,3,159,26,1,0,,343
E00074361,0,157,0,4,10,176,23,0,4,,374
E00074362,0,195,0,4,0,147,17,1,1,,365
E00074363,1,173,0,0,0,140,14,1,1,,330
E00074364,2,69,1,1,5,259,16,0,0,,353
E00074365,0,159,0,0,8,117,15,1,0,,300
E00074366,0,103,0,0,4,240,15,0,0,,362
E00074367,2,121,0,0,18,218,28,1,0,,388
E00074368,0,138,0,0,3,184,17,0,1,,343
E00074369,3,111,0,0,0,140,21,0,0,,275
E00074371,1,85,0,0,14,130,27,1,0,,258
E00074372,0,92,2,2,3,212,18,0,0,,329
E00074373,1,156,4,0,6,192,18,5,0,,382
E00074374,2,103,0,1,0,179,12,0,0,,297
E00074375,0,110,3,0,10,241,32,0,0,,396
E00074376,0,147,0,0,5,160,11,2,0,,325
E00074377,1,108,0,0,14,264,22,2,0,,411
E00074378,0,134,0,0,4,150,20,0,0,,308
E00074379,0,149,1,0,0,124,20,0,0,,294
E00074380,1,149,0,0,6,117,9,1,0,,283
E00074381,0,95,0,0,5,155,22,2,0,,279
E00074382,0,158,0,0,0,129,11,0,0,,298
E00074383,1,130,0,1,0,131,14,0,0,,277
E00074384,1,89,0,0,9,188,19,1,0,,307
E00074385,1,117,0,0,9,191,22,1,0,,341
E00074386,1,156,0,2,0,138,29,0,0,,326
E00074387,0,84,0,0,1,159,21,1,0,,266
E00074388,0,149,0,1,3,85,14,2,0,,254
E00074389,4,82,0,0,7,207,17,0,0,,317
E00074390,3,34,4,0,11,172,13,0,3,,240
E00074391,0,108,0,0,12,175,17,1,0,,313
E00074392,0,70,0,0,10,235,7,2,0,,324
E00074393,1,80,5,0,0,266,19,0,0,,371
E00074394,0,87,0,0,0,130,9,3,0,,229
E00074395,1,67,2,0,0,256,28,0,0,,354
E00074396,0,131,3,1,0,171,20,0,0,,326
E00074397,0,98,0,0,5,227,18,0,0,,348
E00074398,0,179,0,0,9,138,16,0,0,,342
E00074399,1,74,0,3,5,262,19,0,0,,364
E00074400,2,177,0,0,80,231,26,0,0,,516
E00074401,3,104,0,3,0,287,35,5,0,,437
E00074402,6,72,0,0,0,279,13,8,1,,379
E00074403,6,81,2,3,6,275,35,3,0,,411
E00074404,3,92,0,0,33,220,18,3,2,,371
E00074405,1,89,9,0,17,224,47,1,0,,388
E00074406,0,146,8,0,28,228,26,6,0,,442
E00074407,3,121,5,1,46,292,23,0,0,,491
E00074408,0,154,7,0,41,225,24,0,2,,453
E00074411,4,162,12,0,25,310,41,0,0,,554
E00074412,2,98,0,0,46,157,23,1,0,,327
E00074413,7,65,0,0,34,211,19,0,8,,344
E00074414,5,65,4,1,8,174,13,1,0,,271
E00074415,3,58,1,0,4,225,16,7,1,,315
E00074416,0,67,1,1,40,200,29,5,0,,343
E00074417,5,55,3,0,23,190,25,1,1,,303
E00074418,0,69,4,0,12,127,19,7,0,,238
E00074419,6,45,5,0,9,207,16,0,0,,288
E00074420,0,64,0,0,22,244,25,4,0,,359
E00074421,0,57,0,0,24,181,24,4,0,,290
E00074422,1,96,0,0,3,163,11,5,0,,279
E00074423,5,67,0,0,0,238,24,5,0,,339
E00074424,3,59,0,1,1,152,16,2,4,,238
E00074425,0,74,0,0,1,191,15,7,0,,288
E00074426,3,56,0,1,1,208,15,3,0,,287
E00074427,4,64,6,0,12,190,18,6,3,,303
E00074428,4,77,0,0,10,207,18,4,0,,320
E00074429,0,113,1,1,22,179,32,5,0,,353
E00074430,6,90,3,0,19,193,17,8,0,,336
E00074431,2,127,0,1,53,285,22,1,0,,491
E00074432,10,58,0,0,0,254,27,0,1,,350
E00074433,0,73,1,1,5,246,37,0,1,,364
E00074434,4,66,6,1,31,185,24,0,0,,317
E00074435,0,96,0,0,0,184,37,0,0,,317
E00074436,4,111,5,1,21,229,30,0,0,,401
E00074437,1,61,0,0,16,255,35,5,0,,373
E00074438,0,141,0,1,16,239,30,0,1,,428
E00074439,0,86,0,1,44,118,4,0,0,,253
E00165771,5,161,4,0,45,188,54,7,1,,465
E00165772,0,29,1,2,0,94,8,4,0,,138
E00174043,9,65,6,0,12,216,87,5,4,,404
E00174044,0,64,0,0,87,146,30,16,0,,343
E00174046,3,92,14,4,16,181,36,5,0,,351
E00174053,7,67,0,0,79,177,16,7,0,,353
E00174058,0,69,0,2,70,153,21,3,0,,318
E00174214,3,48,0,0,22,162,19,0,1,,255
E00174215,1,60,0,0,81,106,28,3,0,,279
E00174218,5,78,10,2,35,256,36,4,0,,426
E00174220,1,58,0,0,0,64,7,2,0,,132
E00174221,3,41,9,1,40,112,10,2,0,,218
E00174225,1,38,0,0,9,97,15,3,0,,163
E00174226,1,65,15,0,58,151,31,4,0,,325
E00174228,6,117,10,0,46,118,35,3,7,,342
E00174229,0,183,0,0,46,239,40,0,0,,508
E00174231,3,68,7,1,20,194,47,9,0,,349
E00174232,0,85,2,0,18,175,38,2,0,,320
E00174234,1,78,0,0,18,214,48,6,1,,366
E00174237,0,110,0,0,26,163,27,0,0,,326
E00174239,3,24,3,0,31,34,3,6,0,,104
E00174243,6,81,19,1,44,134,36,2,0,,323
E00174245,0,69,1,1,8,89,14,1,5,,188
E00174246,3,86,5,0,15,138,18,3,0,,268
E00174248,1,38,0,0,35,108,8,0,1,,191
E00174249,6,99,19,0,34,285,43,1,0,,487
E00174251,0,119,0,4,174,215,35,5,0,,552
E00174253,2,77,0,0,40,107,18,3,0,,247
E00174254,5,93,0,1,80,88,6,0,0,,273
E00174256,1,81,6,0,8,156,24,0,1,,277
E00174257,1,73,43,0,28,192,32,0,0,,369
E00174259,0,140,7,0,14,152,18,3,0,,334
E00174260,0,40,7,0,81,69,12,1,0,,210
E00174262,2,85,11,2,15,171,22,7,0,,315
E00174263,0,36,2,0,12,104,13,1,0,,168
E00174273,5,58,5,0,104,104,15,9,8,,308
E00174275,2,65,2,0,9,82,17,4,1,,182
E00174276,3,73,0,1,4,151,14,1,0,,247
E00174277,1,76,0,3,9,138,27,1,0,,255
E00174278,0,84,5,0,3,291,22,4,0,,409
E00174279,16,45,1,1,5,144,16,4,1,,233
E00174280,0,111,1,0,34,88,25,7,6,,272
E00174281,0,56,4,5,96,110,10,1,0,,282
E00174282,1,97,2,0,22,224,28,4,2,,380
E00174283,8,115,5,0,18,161,26,1,0,,334
E00174284,4,74,24,0,16,170,19,6,1,,314
E00174286,0,68,0,1,0,168,23,0,0,,260
E00174287,2,33,2,0,9,125,13,4,0,,188
E00174288,0,62,0,0,109,124,21,2,0,,318
E00174289,0,35,0,4,11,185,28,4,1,,268
E00174290,0,68,6,2,207,65,12,0,0,,360
E00174291,4,56,0,0,4,242,19,3,0,,328
E00174292,0,67,11,1,12,171,18,3,0,,283
E00174293,16,90,9,0,23,342,46,6,4,,536
E00174294,4,90,5,3,57,188,37,2,1,,387
E00174295,5,157,28,0,27,538,112,10,0,,877
E00174296,8,103,13,0,19,198,33,4,0,,378
E00174298,6,62,0,0,17,183,110,5,0,,383
E00174299,5,77,5,0,19,157,24,3,1,,291
E00174300,0,29,10,3,5,159,11,0,0,,217
E00174302,1,41,6,1,23,69,6,0,0,,147
E00174303,3,29,2,2,5,139,17,2,0,,199
E00174304,1,73,1,0,8,115,17,0,1,,216
E00174305,0,38,3,0,82,51,12,0,10,,196
E00174306,0,116,0,0,41,118,22,0,1,,298
E00174307,14,73,25,8,21,309,36,13,2,,501
E00174309,1,28,4,3,5,106,8,1,2,,158
E00174311,3,36,1,0,2,104,15,5,0,,166
E00174312,5,71,4,1,7,180,14,3,0,,285
E00174313,9,52,2,1,5,114,8,0,0,,191
E00174314,4,98,2,0,6,70,16,3,0,,199
E00174315,0,148,13,0,23,161,38,5,0,,388
E00174316,7,58,9,0,8,143,33,6,0,,264
E00174317,1,27,11,0,6,70,3,6,1,,125
E00174318,1,31,1,4,15,58,13,1,0,,124
E00174319,3,36,0,0,106,54,12,2,0,,213
E00174320,3,103,0,0,69,114,23,2,0,,314
E00174321,4,102,8,0,53,263,199,5,3,,637
E00174322,0,29,4,0,172,35,19,0,0,,259
E00174323,4,53,0,0,17,99,35,7,0,,215
E00174324,10,120,25,2,22,274,75,10,1,,539
E00174325,1,64,5,4,35,228,18,0,5,,360
E00174326,0,101,1,0,165,110,54,7,4,,442
E00174327,5,114,0,0,34,191,31,5,7,,387
E00174328,0,63,7,0,6,167,14,1,0,,258
E00174329,0,73,2,0,42,191,17,0,0,,325
E00174331,1,53,0,1,0,64,1,2,0,,122
E00174332,7,81,0,0,0,180,20,3,0,,291
E00174333,3,54,3,6,10,166,14,2,0,,258
E00178043,2,62,3,0,17,133,14,0,2,,233
E00178044,20,95,30,0,33,357,75,7,4,,621
E00178045,8,85,10,0,28,188,32,1,0,,352
E00178046,13,264,40,10,75,1008,237,17,4,,1668
E00178047,0,48,0,0,10,136,21,3,0,,218
E00178048,2,41,3,0,27,92,5,2,0,,172
E00178049,4,53,8,1,23,134,17,7,0,,247
E00178050,1,58,0,0,333,41,7,4,0,,444
E00178051,4,64,4,0,34,209,20,0,0,,335
E00178052,2,47,0,1,7,194,21,4,0,,276
E00178053,0,105,8,5,7,296,21,0,0,,442
E00178054,0,32,0,0,31,105,37,5,9,,219
E00178055,4,32,7,1,4,51,13,4,1,,117
E00178056,5,142,22,12,31,532,138,7,4,,893
E00178057,6,201,16,1,10,223,33,0,5,,495
E00178058,1,22,1,0,11,94,10,0,3,,142
E00178059,2,72,2,0,14,173,26,0,1,,290
E00178060,4,90,0,1,15,220,24,3,0,,357
E00178061,6,49,5,0,22,256,26,3,0,,367
E00178062,8,137,14,0,31,155,18,1,0,,364
E00178063,4,97,0,2,0,42,11,0,1,,157
E00178064,9,395,25,94,16,1315,289,9,10,,2162
E00178065,0,71,1,1,5,112,20,0,0,,210
E00178066,8,91,16,5,19,292,64,7,0,,502
E00178067,8,82,0,0,6,90,18,1,0,,205
E00178068,0,22,1,0,19,105,9,1,6,,163
E00178069,2,89,5,0,0,280,34,4,0,,414
E00178070,1,124,0,0,1,121,24,2,0,,273
E00178071,4,87,1,1,5,103,24,1,2,,228
E00178072,1,83,12,1,27,217,47,0,3,,391
E00178073,3,46,5,0,15,104,16,3,1,,193
E00178074,0,101,0,4,5,245,18,5,0,,378
E00178075,2,39,0,3,0,78,1,1,0,,124
E00178076,1,61,4,0,12,156,32,9,1,,276
E00178077,2,46,0,1,3,51,9,2,3,,117
E00178078,3,28,0,0,203,16,11,0,0,,261
E00178079,6,151,3,1,1,269,35,1,0,,467
E00178080,6,102,0,0,283,113,28,0,3,,535
E00178081,0,41,7,0,22,64,17,0,1,,152
E00178082,0,80,1,0,4,153,18,8,0,,264
E00178083,5,71,4,1,26,229,61,2,2,,401
E00178084,3,138,0,0,7,371,31,6,0,,556
E00178085,1,22,1,0,6,67,6,5,0,,108
E00178086,4,74,2,1,0,175,27,1,0,,284
E00178087,0,81,3,0,169,124,26,6,8,,417
E00178088,2,22,2,0,1,82,6,2,1,,118
E00178089,0,78,0,0,345,45,39,4,0,,511
E00178090,1,38,0,0,12,102,7,8,0,,168
E00178091,0,76,0,0,37,148,25,2,6,,294
E00178092,1,169,0,0,25,176,55,4,14,,444
E00178093,0,44,9,0,22,98,10,5,0,,188
E00178094,4,53,1,3,5,72,7,4,0,,149
E00178095,1,49,0,0,17,81,22,2,0,,172
E00178096,9,53,0,2,9,139,22,1,3,,238
E00178097,2,40,0,5,11,68,11,3,0,,140
E00178098,0,87,2,0,55,139,9,1,0,,293
E00178099,3,112,1,0,0,140,8,2,0,,266
E00178100,0,58,2,2,8,148,22,2,3,,245
E00178101,0,46,1,1,7,137,32,0,1,,225
E00178102,4,150,5,0,28,172,28,1,5,,393
E00178103,0,52,9,0,15,145,19,2,0,,242
E00178104,1,100,0,1,22,177,22,2,0,,325
E00178105,1,40,0,1,0,72,15,0,2,,131
E00178106,0,222,0,13,3,279,93,2,2,,614
E00178107,5,48,3,6,30,110,2,0,2,,206
E00178108,1,125,12,1,76,277,29,7,8,,536
E00178109,5,43,9,0,13,108,10,2,0,,190
E00178110,1,45,2,1,17,127,10,2,0,,205
E00178111,3,33,2,1,2,58,4,4,0,,107
E00178112,6,135,11,0,41,200,21,0,1,,415
E00178113,0,157,6,0,33,84,18,0,0,,298
E00178114,15,123,9,3,31,411,129,7,0,,728
E00178115,0,28,1,1,1,75,8,3,0,,117
E00178116,0,28,2,1,78,20,27,1,0,,157
E00178117,0,150,0,0,19,271,34,3,0,,477
E00178118,0,90,5,0,7,206,22,6,0,,336
E00178119,1,97,0,0,1,203,17,0,0,,319
