Row Labels,No second address,Second address is in the UK,Second address is outside the UK,(blank),TotalAdd
E00073143,331,21,7,,359
E00073145,380,31,5,,416
E00073147,511,19,8,,538
E00073148,268,24,2,,294
E00073150,429,21,11,,461
E00073152,380,22,5,,407
E00073153,484,26,3,,513
E00073154,357,19,3,,379
E00073155,324,30,11,,365
E00073156,263,22,3,,288
E00073157,333,68,8,,409
E00073158,318,16,8,,342
E00073159,314,15,7,,336
E00073160,386,16,2,,404
E00073161,374,14,1,,389
E00073162,326,60,7,,393
E00073163,306,33,2,,341
E00073164,280,17,1,,298
E00073165,240,99,4,,343
E00073166,271,16,6,,293
E00073167,382,40,7,,429
E00073168,350,21,6,,377
E00073169,430,39,6,,475
E00073170,389,171,16,,576
E00073171,477,33,8,,518
E00073172,310,4,1,,315
E00073173,297,25,2,,324
E00073174,281,27,4,,312
E00073176,308,34,2,,344
E00073177,312,26,3,,341
E00073178,291,56,5,,352
E00073179,307,24,3,,334
E00073181,464,21,5,,490
E00073182,377,58,12,,447
E00073183,306,9,2,,317
E00073184,326,9,2,,337
E00073185,345,10,2,,357
E00073186,276,14,0,,290
E00073187,361,3,7,,371
E00073188,269,8,3,,280
E00073189,296,9,2,,307
E00073190,410,5,0,,415
E00073191,281,5,0,,286
E00073192,267,11,1,,279
E00073193,329,18,1,,348
E00073194,301,18,2,,321
E00073195,326,15,2,,343
E00073196,221,7,5,,233
E00073197,362,12,2,,376
E00073198,202,5,0,,207
E00073199,288,5,2,,295
E00073200,287,3,1,,291
E00073201,254,6,0,,260
E00073202,313,17,4,,334
E00073203,284,8,3,,295
E00073204,286,10,0,,296
E00073205,387,7,3,,397
E00073206,447,10,0,,457
E00073207,287,10,2,,299
E00073208,243,3,3,,249
E00073209,290,3,0,,293
E00073210,364,11,0,,375
E00073211,484,14,4,,502
E00073212,380,11,3,,394
E00073213,335,7,7,,349
E00073214,394,13,0,,407
E00073215,310,10,3,,323
E00073216,359,8,0,,367
E00073217,312,7,2,,321
E00073218,368,11,6,,385
E00073219,350,5,1,,356
E00073220,354,12,0,,366
E00073221,281,13,1,,295
E00073222,392,11,0,,403
E00073223,317,3,6,,326
E00073224,295,10,1,,306
E00073225,388,18,4,,410
E00073226,234,6,2,,242
E00073227,242,12,6,,260
E00073228,321,26,5,,352
E00073229,295,18,1,,314
E00073230,332,15,2,,349
E00073231,415,28,0,,443
E00073232,288,18,4,,310
E00073233,301,11,0,,312
E00073234,275,23,0,,298
E00073236,268,16,0,,284
E00073237,313,9,1,,323
E00073238,286,2,4,,292
E00073239,453,15,4,,472
E00073240,387,13,2,,402
E00073241,258,14,4,,276
E00073242,249,10,1,,260
E00073243,345,9,5,,359
E00073245,353,11,1,,365
E00073246,314,13,0,,327
E00073247,318,9,1,,328
E00073248,288,18,1,,307
E00073249,247,3,0,,250
E00073250,477,12,5,,494
E00073251,354,8,7,,369
E00073252,324,4,2,,330
E00073253,498,19,6,,523
E00073254,303,17,7,,327
E00073255,420,8,1,,429
E00073256,353,7,5,,365
E00073257,373,8,8,,389
E00073258,382,17,5,,404
E00073259,256,4,0,,260
E00073260,299,5,3,,307
E00073261,333,9,3,,345
E00073262,232,6,1,,239
E00073263,329,68,6,,403
E00073264,301,59,2,,362
E00073266,288,39,5,,332
E00073267,260,14,3,,277
E00073268,367,55,2,,424
E00073269,339,60,2,,401
E00073270,317,78,0,,395
E00073271,408,70,1,,479
E00073272,313,40,5,,358
E00073273,261,20,1,,282
E00073274,542,52,5,,599
E00073276,251,71,2,,324
E00073277,311,19,0,,330
E00073278,369,23,1,,393
E00073280,323,33,4,,360
E00073281,358,67,1,,426
E00073282,359,59,4,,422
E00073283,318,21,0,,339
E00073284,174,26,4,,204
E00073285,332,38,5,,375
E00073286,311,25,2,,338
E00073287,275,16,2,,293
E00073288,280,23,14,,317
E00073289,331,29,5,,365
E00073290,301,12,5,,318
E00073291,310,27,1,,338
E00073292,466,75,8,,549
E00073293,350,47,6,,403
E00073294,365,72,2,,439
E00073295,324,11,4,,339
E00073296,271,39,4,,314
E00073297,312,48,3,,363
E00073298,341,72,0,,413
E00073299,340,30,10,,380
E00073300,247,18,6,,271
E00073301,359,13,2,,374
E00073302,361,8,0,,369
E00073303,411,13,2,,426
E00073304,308,6,0,,314
E00073305,298,5,0,,303
E00073306,249,15,3,,267
E00073307,276,8,2,,286
E00073308,326,7,1,,334
E00073309,283,6,3,,292
E00073310,357,9,3,,369
E00073311,306,5,0,,311
E00073312,365,1,0,,366
E00073313,372,9,2,,383
E00073314,275,10,1,,286
E00073315,192,7,1,,200
E00073316,315,9,0,,324
E00073317,281,7,0,,288
E00073318,370,2,1,,373
E00073319,441,14,2,,457
E00073320,359,4,3,,366
E00073321,295,9,3,,307
E00073322,311,11,0,,322
E00073323,260,13,2,,275
E00073324,370,6,0,,376
E00073325,362,11,5,,378
E00073326,294,5,2,,301
E00073327,349,6,2,,357
E00073328,349,10,2,,361
E00073329,292,6,0,,298
E00073330,383,6,2,,391
E00073331,431,10,1,,442
E00073332,280,15,3,,298
E00073333,290,1,2,,293
E00073334,315,4,3,,322
E00073335,422,14,2,,438
E00073336,296,8,4,,308
E00073337,329,4,2,,335
E00073338,266,6,1,,273
E00073339,269,22,2,,293
E00073340,243,5,3,,251
E00073341,284,6,2,,292
E00073342,396,14,2,,412
E00073343,368,7,4,,379
E00073344,235,12,0,,247
E00073345,157,14,3,,174
E00073346,337,11,2,,350
E00073347,180,7,0,,187
E00073348,265,6,1,,272
E00073349,323,5,5,,333
E00073350,346,12,3,,361
E00073351,356,10,0,,366
E00073352,273,1,2,,276
E00073353,347,11,1,,359
E00073354,331,5,3,,339
E00073355,354,8,1,,363
E00073356,376,7,6,,389
E00073357,315,10,6,,331
E00073358,336,7,1,,344
E00073359,322,10,2,,334
E00073360,264,8,3,,275
E00073361,326,4,5,,335
E00073362,411,11,3,,425
E00073363,334,6,3,,343
E00073364,301,8,4,,313
E00073365,316,6,0,,322
E00073366,384,11,0,,395
E00073367,299,5,0,,304
E00073368,292,10,0,,302
E00073369,317,11,0,,328
E00073370,212,12,3,,227
E00073371,182,8,1,,191
E00073372,276,5,0,,281
E00073373,268,10,4,,282
E00073374,339,5,0,,344
E00073375,316,12,2,,330
E00073376,261,5,2,,268
E00073377,275,12,0,,287
E00073378,269,12,0,,281
E00073379,348,14,2,,364
E00073380,375,11,1,,387
E00073381,408,13,9,,430
E00073382,381,10,2,,393
E00073383,261,7,1,,269
E00073384,464,9,5,,478
E00073385,356,4,0,,360
E00073386,370,8,2,,380
E00073387,232,4,0,,236
E00073388,310,4,2,,316
E00073389,315,10,5,,330
E00073390,323,18,1,,342
E00073391,315,7,2,,324
E00073392,372,10,4,,386
E00073393,288,7,0,,295
E00073394,427,16,3,,446
E00073395,320,6,2,,328
E00073397,255,20,0,,275
E00073398,273,7,3,,283
E00073399,307,12,0,,319
E00073400,300,15,0,,315
E00073401,292,4,1,,297
E00073402,261,5,4,,270
E00073403,288,14,4,,306
E00073404,270,17,2,,289
E00073405,327,22,6,,355
E00073406,283,11,0,,294
E00073407,334,9,0,,343
E00073408,345,13,3,,361
E00073409,281,10,1,,292
E00073410,285,6,4,,295
E00073411,319,14,0,,333
E00073412,363,22,4,,389
E00073413,286,12,0,,298
E00073414,264,51,8,,323
E00073415,197,88,24,,309
E00073416,228,60,15,,303
E00073419,247,48,7,,302
E00073420,130,68,20,,218
E00073421,153,222,34,,409
E00073422,232,3,3,,238
E00073423,195,66,2,,263
E00073424,269,10,0,,279
E00073425,181,182,26,,389
E00073426,161,178,32,,371
E00073431,262,211,33,,506
E00073432,136,22,7,,165
E00073433,226,254,57,,537
E00073437,197,12,2,,211
E00073439,241,16,7,,264
E00073440,233,38,4,,275
E00073441,229,20,5,,254
E00073442,316,80,15,,411
E00073443,239,29,4,,272
E00073444,194,36,9,,239
E00073445,184,71,12,,267
E00073446,254,162,16,,432
E00073447,228,22,10,,260
E00073448,208,82,7,,297
E00073449,175,28,4,,207
E00073450,226,36,10,,272
E00073451,248,21,9,,278
E00073452,239,28,11,,278
E00073453,221,89,5,,315
E00073454,268,53,9,,330
E00073455,275,39,7,,321
E00073456,237,20,15,,272
E00073457,191,22,7,,220
E00073458,249,29,7,,285
E00073461,192,17,4,,213
E00073462,278,100,17,,395
E00073463,174,14,15,,203
E00073464,263,275,16,,554
E00073465,282,54,14,,350
E00073466,286,125,13,,424
E00073467,255,17,5,,277
E00073468,296,42,4,,342
E00073469,201,25,8,,234
E00073470,280,56,28,,364
E00073471,177,21,1,,199
E00073472,229,32,7,,268
E00073473,174,254,25,,453
E00073474,149,24,4,,177
E00073476,212,55,8,,275
E00073477,212,40,17,,269
E00073478,190,34,11,,235
E00073479,208,39,6,,253
E00073480,234,37,14,,285
E00073481,349,105,26,,480
E00073482,254,125,14,,393
E00073483,225,104,20,,349
E00073484,234,20,13,,267
E00073485,148,83,2,,233
E00073486,291,70,20,,381
E00073487,186,93,8,,287
E00073488,177,84,14,,275
E00073489,208,17,4,,229
E00073490,209,59,10,,278
E00073491,210,68,52,,330
E00073492,236,54,5,,295
E00073493,256,66,18,,340
E00073494,181,158,19,,358
E00073495,184,221,27,,432
E00073496,275,201,46,,522
E00073497,210,58,5,,273
E00073498,223,15,7,,245
E00073499,203,24,10,,237
E00073500,237,167,22,,426
E00073501,225,109,12,,346
E00073502,256,104,19,,379
E00073503,240,6,6,,252
E00073504,203,123,19,,345
E00073505,141,66,12,,219
E00073506,221,64,6,,291
E00073507,144,23,1,,168
E00073508,174,70,8,,252
E00073509,229,65,13,,307
E00073510,196,88,7,,291
E00073511,207,44,12,,263
E00073512,236,86,11,,333
E00073513,237,50,8,,295
E00073514,185,158,16,,359
E00073515,219,63,14,,296
E00073516,225,125,10,,360
E00073517,191,76,7,,274
E00073518,199,33,9,,241
E00073519,188,150,8,,346
E00073520,277,36,9,,322
E00073521,202,134,10,,346
E00073522,239,75,1,,315
E00073523,228,21,3,,252
E00073524,220,65,12,,297
E00073525,278,42,10,,330
E00073526,175,132,13,,320
E00073527,185,122,21,,328
E00073528,244,77,9,,330
E00073529,159,141,17,,317
E00073530,238,103,10,,351
E00073531,262,71,9,,342
E00073532,333,182,24,,539
E00073533,253,45,6,,304
E00073534,204,72,9,,285
E00073535,172,40,3,,215
E00073536,193,18,6,,217
E00073537,292,57,5,,354
E00073538,212,47,8,,267
E00073539,171,37,2,,210
E00073540,174,35,2,,211
E00073541,213,110,5,,328
E00073542,192,89,13,,294
E00073543,211,108,6,,325
E00073544,213,55,14,,282
E00073545,287,105,11,,403
E00073546,194,205,14,,413
E00073547,224,34,5,,263
E00073548,249,178,12,,439
E00073549,263,31,1,,295
E00073550,194,128,15,,337
E00073551,184,144,9,,337
E00073552,249,40,6,,295
E00073553,191,78,4,,273
E00073554,183,99,6,,288
E00073555,197,60,7,,264
E00073556,118,127,11,,256
E00073557,257,97,12,,366
E00073558,259,61,10,,330
E00073559,339,13,7,,359
E00073560,300,12,5,,317
E00073561,467,11,2,,480
E00073562,422,17,1,,440
E00073563,384,18,7,,409
E00073564,350,8,2,,360
E00073565,572,26,13,,611
E00073566,243,3,0,,246
E00073567,307,12,3,,322
E00073568,364,29,3,,396
E00073569,439,14,5,,458
E00073570,316,26,5,,347
E00073571,403,18,1,,422
E00073572,342,13,3,,358
E00073573,523,20,8,,551
E00073574,362,18,1,,381
E00073575,487,19,6,,512
E00073576,399,13,0,,412
E00073577,350,13,5,,368
E00073578,395,16,1,,412
E00073579,243,8,2,,253
E00073580,396,8,6,,410
E00073581,316,6,1,,323
E00073582,319,12,5,,336
E00073583,301,6,0,,307
E00073584,338,9,0,,347
E00073585,338,10,2,,350
E00073586,268,16,3,,287
E00073587,295,16,5,,316
E00073588,178,5,2,,185
E00073589,128,4,3,,135
E00073590,438,15,6,,459
E00073591,238,7,1,,246
E00073592,275,5,10,,290
E00073593,260,9,5,,274
E00073594,289,15,1,,305
E00073595,280,14,8,,302
E00073596,285,22,1,,308
E00073597,559,15,2,,576
E00073598,336,17,6,,359
E00073599,239,4,0,,243
E00073600,334,108,23,,465
E00073601,257,20,4,,281
E00073602,320,17,0,,337
E00073603,320,23,3,,346
E00073604,382,11,5,,398
E00073605,245,10,8,,263
E00073606,385,11,4,,400
E00073607,284,11,5,,300
E00073608,299,9,6,,314
E00073609,288,28,3,,319
E00073611,391,16,7,,414
E00073612,335,2,6,,343
E00073613,293,5,4,,302
E00073614,543,19,6,,568
E00073615,383,9,3,,395
E00073616,334,3,2,,339
E00073617,244,10,5,,259
E00073618,289,15,13,,317
E00073619,372,15,4,,391
E00073620,279,32,5,,316
E00073621,346,18,4,,368
E00073622,246,64,4,,314
E00073623,338,12,8,,358
E00073624,204,56,2,,262
E00073625,273,77,6,,356
E00073626,290,14,0,,304
E00073627,391,26,11,,428
E00073628,219,5,1,,225
E00073629,366,10,3,,379
E00073630,413,39,4,,456
E00073631,309,15,8,,332
E00073632,372,29,6,,407
E00073633,253,9,1,,263
E00073634,426,58,6,,490
E00073635,329,25,2,,356
E00073636,387,4,2,,393
E00073637,357,4,3,,364
E00073638,347,9,1,,357
E00073639,348,13,3,,364
E00073640,340,13,1,,354
E00073641,375,10,4,,389
E00073642,368,5,4,,377
E00073643,397,4,7,,408
E00073644,381,7,0,,388
E00073645,374,8,3,,385
E00073646,557,7,1,,565
E00073647,363,16,0,,379
E00073648,417,3,0,,420
E00073649,350,5,0,,355
E00073650,360,5,5,,370
E00073651,422,9,0,,431
E00073652,317,9,5,,331
E00073653,211,2,1,,214
E00073654,344,4,3,,351
E00073655,441,5,0,,446
E00073656,380,5,4,,389
E00073657,295,8,3,,306
E00073658,321,1,1,,323
E00073659,324,8,2,,334
E00073660,391,6,0,,397
E00073662,330,8,1,,339
E00073663,318,2,3,,323
E00073664,195,7,1,,203
E00073665,307,5,0,,312
E00073666,375,16,4,,395
E00073667,492,21,3,,516
E00073668,306,10,2,,318
E00073669,265,6,3,,274
E00073670,234,3,2,,239
E00073671,362,3,1,,366
E00073672,327,46,3,,376
E00073673,226,10,7,,243
E00073674,307,15,4,,326
E00073675,244,13,1,,258
E00073676,421,30,4,,455
E00073677,336,11,2,,349
E00073678,265,14,5,,284
E00073679,191,1,2,,194
E00073680,277,12,0,,289
E00073681,280,210,26,,516
E00073682,350,7,3,,360
E00073683,372,21,5,,398
E00073684,267,46,9,,322
E00073685,281,34,7,,322
E00073688,330,2,2,,334
E00073689,299,19,3,,321
E00073690,325,41,3,,369
E00073691,279,50,8,,337
E00073692,358,47,7,,412
E00073693,409,45,13,,467
E00073695,307,13,4,,324
E00073696,298,19,3,,320
E00073697,324,11,6,,341
E00073698,412,55,3,,470
E00073699,309,35,0,,344
E00073700,252,6,1,,259
E00073701,224,9,4,,237
E00073702,264,21,5,,290
E00073703,232,16,7,,255
E00073704,242,6,2,,250
E00073705,282,11,1,,294
E00073706,365,12,1,,378
E00073707,254,17,5,,276
E00073708,294,6,1,,301
E00073709,321,9,1,,331
E00073710,262,8,0,,270
E00073711,394,15,7,,416
E00073712,344,7,0,,351
E00073713,384,11,3,,398
E00073714,282,6,4,,292
E00073715,401,6,0,,407
E00073716,271,6,0,,277
E00073717,304,17,1,,322
E00073718,347,12,0,,359
E00073719,387,13,0,,400
E00073720,383,5,0,,388
E00073721,264,6,6,,276
E00073722,383,7,2,,392
E00073723,322,13,0,,335
E00073724,511,13,0,,524
E00073725,254,9,0,,263
E00073726,247,3,3,,253
E00073727,231,6,1,,238
E00073728,304,4,0,,308
E00073729,264,14,0,,278
E00073730,287,13,2,,302
E00073731,274,6,0,,280
E00073732,266,4,0,,270
E00073733,256,3,0,,259
E00073734,242,11,1,,254
E00073735,298,7,1,,306
E00073736,265,7,0,,272
E00073737,314,3,0,,317
E00073738,311,22,1,,334
E00073739,352,11,0,,363
E00073740,301,10,0,,311
E00073741,257,14,1,,272
E00073743,328,11,1,,340
E00073744,365,5,1,,371
E00073745,329,14,1,,344
E00073746,253,3,4,,260
E00073747,280,11,1,,292
E00073748,585,19,3,,607
E00073749,279,9,0,,288
E00073750,292,5,0,,297
E00073751,321,6,2,,329
E00073752,532,19,4,,555
E00073754,379,9,0,,388
E00073755,289,3,0,,292
E00073756,156,2,3,,161
E00073757,257,10,9,,276
E00073758,417,5,0,,422
E00073759,366,5,3,,374
E00073760,302,16,0,,318
E00073761,383,11,6,,400
E00073762,250,8,6,,264
E00073763,315,2,3,,320
E00073764,371,4,7,,382
E00073765,275,7,8,,290
E00073766,345,12,3,,360
E00073767,393,6,2,,401
E00073768,379,7,1,,387
E00073769,284,5,3,,292
E00073770,274,2,4,,280
E00073771,316,5,5,,326
E00073772,325,6,0,,331
E00073773,306,4,0,,310
E00073774,402,12,7,,421
E00073775,413,5,4,,422
E00073776,264,9,1,,274
E00073777,262,5,0,,267
E00073778,320,8,2,,330
E00073779,246,12,2,,260
E00073780,203,10,1,,214
E00073781,320,12,2,,334
E00073782,401,4,4,,409
E00073783,350,13,2,,365
E00073784,540,11,1,,552
E00073785,373,4,1,,378
E00073786,450,7,3,,460
E00073787,372,10,1,,383
E00073788,332,5,0,,337
E00073789,315,15,1,,331
E00073790,418,17,0,,435
E00073791,243,6,0,,249
E00073792,406,11,3,,420
E00073793,350,3,4,,357
E00073794,326,14,1,,341
E00073795,341,6,0,,347
E00073796,267,2,0,,269
E00073797,256,17,1,,274
E00073798,317,8,2,,327
E00073799,376,4,0,,380
E00073800,244,9,2,,255
E00073801,277,9,0,,286
E00073802,303,12,5,,320
E00073803,322,13,1,,336
E00073804,245,5,0,,250
E00073805,290,14,3,,307
E00073806,251,9,0,,260
E00073807,292,12,4,,308
E00073808,260,5,0,,265
E00073809,300,11,1,,312
E00073810,275,12,5,,292
E00073811,331,12,0,,343
E00073812,285,13,2,,300
E00073813,295,8,2,,305
E00073814,351,14,5,,370
E00073815,412,10,2,,424
E00073816,268,5,0,,273
E00073817,375,8,0,,383
E00073818,315,22,5,,342
E00073819,260,16,3,,279
E00073820,254,15,5,,274
E00073821,230,5,2,,237
E00073822,419,17,0,,436
E00073823,232,12,4,,248
E00073824,301,17,9,,327
E00073825,334,31,3,,368
E00073826,280,45,7,,332
E00073827,372,14,3,,389
E00073828,254,12,7,,273
E00073829,237,16,4,,257
E00073830,307,39,6,,352
E00073831,275,26,3,,304
E00073832,260,12,4,,276
E00073833,329,18,5,,352
E00073834,262,12,7,,281
E00073835,307,15,3,,325
E00073836,197,5,2,,204
E00073837,288,20,1,,309
E00073838,325,11,7,,343
E00073839,327,14,2,,343
E00073840,333,11,5,,349
E00073841,306,12,5,,323
E00073842,338,11,2,,351
E00073843,338,10,7,,355
E00073844,344,5,1,,350
E00073845,322,14,2,,338
E00073846,272,13,0,,285
E00073847,288,24,5,,317
E00073848,309,23,3,,335
E00073849,351,20,5,,376
E00073850,295,10,5,,310
E00073851,253,16,3,,272
E00073852,314,7,0,,321
E00073853,313,20,4,,337
E00073854,304,13,0,,317
E00073855,237,4,6,,247
E00073856,320,9,2,,331
E00073857,378,25,1,,404
E00073858,307,8,0,,315
E00073859,563,21,0,,584
E00073860,175,2,1,,178
E00073861,361,14,4,,379
E00073862,522,21,6,,549
E00073864,512,10,4,,526
E00073865,331,3,5,,339
E00073866,310,24,3,,337
E00073867,285,17,7,,309
E00073868,278,14,3,,295
E00073869,304,12,5,,321
E00073870,362,18,0,,380
E00073871,316,5,0,,321
E00073872,359,14,4,,377
E00073873,372,15,4,,391
E00073874,372,13,12,,397
E00073875,375,23,1,,399
E00073876,365,8,1,,374
E00073877,359,13,4,,376
E00073878,281,10,6,,297
E00073879,407,8,0,,415
E00073880,372,12,5,,389
E00073881,385,16,8,,409
E00073882,328,9,5,,342
E00073883,373,9,2,,384
E00073884,261,25,8,,294
E00073885,311,13,2,,326
E00073886,329,9,5,,343
E00073887,425,6,4,,435
E00073888,375,11,1,,387
E00073889,293,9,7,,309
E00073890,337,10,1,,348
E00073891,361,13,10,,384
E00073892,264,50,4,,318
E00073893,316,67,2,,385
E00073894,329,64,0,,393
E00073895,288,10,1,,299
E00073896,330,13,5,,348
E00073897,284,44,5,,333
E00073898,384,9,0,,393
E00073899,344,32,5,,381
E00073900,346,10,3,,359
E00073901,322,80,2,,404
E00073902,267,46,4,,317
E00073904,332,75,12,,419
E00073905,529,50,6,,585
E00073906,324,10,5,,339
E00073907,346,11,6,,363
E00073908,306,6,1,,313
E00073909,282,7,2,,291
E00073910,260,7,3,,270
E00073911,289,23,0,,312
E00073912,333,60,14,,407
E00073913,330,19,6,,355
E00073914,316,52,3,,371
E00073915,318,177,7,,502
E00073916,321,12,0,,333
E00073917,349,15,0,,364
E00073918,318,19,2,,339
E00073919,385,20,4,,409
E00073921,235,19,2,,256
E00073922,323,12,0,,335
E00073923,332,26,3,,361
E00073925,319,60,10,,389
E00073926,385,25,7,,417
E00073927,331,17,3,,351
E00073928,263,109,7,,379
E00073929,278,9,1,,288
E00073930,297,5,1,,303
E00073931,279,10,1,,290
E00073932,294,16,10,,320
E00073933,238,5,0,,243
E00073934,262,4,5,,271
E00073935,327,7,0,,334
E00073936,272,4,0,,276
E00073937,342,12,2,,356
E00073938,273,6,2,,281
E00073939,375,7,3,,385
E00073940,223,8,1,,232
E00073941,353,4,4,,361
E00073942,336,6,0,,342
E00073943,353,8,2,,363
E00073944,281,10,2,,293
E00073945,332,7,3,,342
E00073946,370,4,1,,375
E00073947,303,2,1,,306
E00073948,285,7,1,,293
E00073949,238,5,1,,244
E00073950,335,7,1,,343
E00073951,270,6,2,,278
E00073952,239,2,3,,244
E00073953,243,5,11,,259
E00073954,272,2,1,,275
E00073955,336,21,4,,361
E00073956,310,1,3,,314
E00073957,283,8,0,,291
E00073958,301,13,3,,317
E00073959,349,20,4,,373
E00073960,288,8,2,,298
E00073961,338,5,6,,349
E00073962,297,13,3,,313
E00073963,368,12,1,,381
E00073964,387,2,0,,389
E00073965,327,6,1,,334
E00073966,286,14,0,,300
E00073967,302,13,9,,324
E00073968,325,9,4,,338
E00073969,294,12,7,,313
E00073970,327,14,0,,341
E00073971,340,14,0,,354
E00073972,339,11,1,,351
E00073973,375,8,9,,392
E00073974,430,21,1,,452
E00073975,297,11,2,,310
E00073976,291,11,1,,303
E00073977,381,24,2,,407
E00073978,320,12,1,,333
E00073979,292,9,2,,303
E00073980,324,6,0,,330
E00073981,310,6,0,,316
E00073982,283,8,1,,292
E00073983,353,16,0,,369
E00073984,376,18,2,,396
E00073985,313,5,0,,318
E00073986,302,15,0,,317
E00073987,338,13,4,,355
E00073988,310,17,0,,327
E00073989,393,6,0,,399
E00073990,357,5,6,,368
E00073991,396,14,5,,415
E00073992,336,7,0,,343
E00073993,352,12,2,,366
E00073994,343,7,1,,351
E00073995,324,10,3,,337
E00073996,328,7,3,,338
E00073997,224,2,0,,226
E00073998,406,8,0,,414
E00073999,388,5,0,,393
E00074000,330,11,3,,344
E00074001,326,10,4,,340
E00074002,278,19,3,,300
E00074003,505,8,1,,514
E00074006,424,8,3,,435
E00074007,220,13,3,,236
E00074008,204,2,0,,206
E00074009,386,17,2,,405
E00074010,489,15,2,,506
E00074011,275,16,2,,293
E00074012,246,9,4,,259
E00074013,354,18,1,,373
E00074014,372,13,2,,387
E00074016,418,12,4,,434
E00074018,476,48,9,,533
E00074019,400,9,8,,417
E00074020,420,28,9,,457
E00074021,381,15,3,,399
E00074022,444,23,10,,477
E00074023,558,17,5,,580
E00074024,415,7,9,,431
E00074025,437,27,8,,472
E00074026,471,27,8,,506
E00074027,338,4,7,,349
E00074028,541,15,19,,575
E00074029,551,19,8,,578
E00074030,203,3,1,,207
E00074032,395,4,1,,400
E00074033,452,5,8,,465
E00074034,328,9,0,,337
E00074037,316,4,4,,324
E00074038,374,0,1,,375
E00074041,321,15,8,,344
E00074042,302,6,0,,308
E00074045,299,28,6,,333
E00074046,443,45,5,,493
E00074047,319,15,4,,338
E00074048,303,25,2,,330
E00074049,350,8,2,,360
E00074050,211,4,0,,215
E00074051,372,20,2,,394
E00074052,293,33,0,,326
E00074053,379,17,4,,400
E00074054,409,11,4,,424
E00074055,499,27,7,,533
E00074056,354,15,2,,371
E00074057,421,9,6,,436
E00074058,435,22,4,,461
E00074060,391,40,2,,433
E00074061,365,39,3,,407
E00074062,304,36,10,,350
E00074063,322,9,7,,338
E00074064,295,10,4,,309
E00074065,288,7,1,,296
E00074066,308,14,1,,323
E00074067,273,14,2,,289
E00074068,215,10,6,,231
E00074069,310,9,0,,319
E00074070,312,10,2,,324
E00074071,177,2,0,,179
E00074072,368,22,4,,394
E00074073,316,26,0,,342
E00074074,337,6,0,,343
E00074075,285,30,4,,319
E00074076,312,10,1,,323
E00074077,375,18,1,,394
E00074078,301,29,4,,334
E00074079,312,17,2,,331
E00074080,239,54,4,,297
E00074081,433,55,10,,498
E00074082,231,50,5,,286
E00074083,279,49,2,,330
E00074084,235,33,1,,269
E00074085,247,9,2,,258
E00074086,252,21,8,,281
E00074087,324,40,8,,372
E00074088,326,216,12,,554
E00074089,269,67,8,,344
E00074090,267,37,12,,316
E00074091,251,28,5,,284
E00074092,206,38,3,,247
E00074093,421,0,0,,421
E00074094,345,9,4,,358
E00074095,339,34,4,,377
E00074096,313,31,3,,347
E00074097,349,22,2,,373
E00074098,308,9,4,,321
E00074099,258,22,8,,288
E00074100,329,20,3,,352
E00074101,312,9,4,,325
E00074102,276,12,3,,291
E00074103,307,33,6,,346
E00074104,290,33,5,,328
E00074105,353,23,17,,393
E00074106,304,24,1,,329
E00074107,215,20,4,,239
E00074108,321,44,3,,368
E00074109,398,49,4,,451
E00074110,252,47,11,,310
E00074111,260,24,0,,284
E00074112,234,107,9,,350
E00074113,285,14,7,,306
E00074114,311,34,2,,347
E00074115,375,10,3,,388
E00074116,433,15,5,,453
E00074117,291,8,3,,302
E00074118,296,10,2,,308
E00074119,380,10,9,,399
E00074120,374,9,5,,388
E00074121,339,19,2,,360
E00074122,216,4,2,,222
E00074123,365,8,2,,375
E00074124,316,8,3,,327
E00074125,330,1,2,,333
E00074126,367,7,0,,374
E00074127,274,10,6,,290
E00074128,305,16,0,,321
E00074129,316,7,1,,324
E00074130,350,6,0,,356
E00074131,347,16,2,,365
E00074132,309,9,1,,319
E00074133,271,8,1,,280
E00074134,297,6,2,,305
E00074135,352,19,4,,375
E00074136,302,10,5,,317
E00074137,261,8,2,,271
E00074138,285,5,0,,290
E00074139,324,5,2,,331
E00074140,244,7,4,,255
E00074141,329,7,2,,338
E00074142,327,6,0,,333
E00074143,380,7,1,,388
E00074144,302,13,5,,320
E00074145,305,5,0,,310
E00074146,363,16,4,,383
E00074147,376,19,5,,400
E00074148,305,4,3,,312
E00074149,456,7,7,,470
E00074150,258,8,1,,267
E00074151,349,5,4,,358
E00074152,271,6,7,,284
E00074153,278,11,0,,289
E00074154,361,7,2,,370
E00074155,324,25,6,,355
E00074156,319,16,3,,338
E00074157,303,3,0,,306
E00074158,311,10,3,,324
E00074159,375,16,3,,394
E00074160,334,7,0,,341
E00074161,457,21,1,,479
E00074162,313,2,0,,315
E00074163,304,7,1,,312
E00074164,300,5,3,,308
E00074165,382,9,1,,392
E00074166,380,13,0,,393
E00074167,278,11,1,,290
E00074168,279,7,0,,286
E00074169,308,15,0,,323
E00074170,375,14,4,,393
E00074171,292,6,1,,299
E00074172,325,8,2,,335
E00074173,306,15,4,,325
E00074174,391,19,6,,416
E00074175,405,6,8,,419
E00074176,298,9,6,,313
E00074177,250,9,2,,261
E00074178,323,2,3,,328
E00074179,359,9,0,,368
E00074180,383,14,6,,403
E00074181,358,13,9,,380
E00074182,233,12,5,,250
E00074183,272,5,5,,282
E00074184,298,8,0,,306
E00074185,261,13,0,,274
E00074186,323,18,8,,349
E00074187,277,9,5,,291
E00074188,222,12,0,,234
E00074189,258,16,0,,274
E00074190,332,11,1,,344
E00074191,372,21,3,,396
E00074193,371,8,4,,383
E00074194,207,8,0,,215
E00074195,272,9,5,,286
E00074197,254,17,2,,273
E00074198,341,7,0,,348
E00074199,373,12,7,,392
E00074200,348,2,7,,357
E00074201,484,19,2,,505
E00074202,415,12,6,,433
E00074203,202,0,3,,205
E00074204,481,8,4,,493
E00074205,319,14,2,,335
E00074206,339,12,2,,353
E00074207,370,14,1,,385
E00074208,349,7,0,,356
E00074209,438,13,2,,453
E00074210,402,10,0,,412
E00074211,360,8,1,,369
E00074212,338,12,3,,353
E00074213,422,14,0,,436
E00074214,391,24,4,,419
E00074215,419,8,4,,431
E00074216,300,6,1,,307
E00074217,330,4,5,,339
E00074218,271,5,6,,282
E00074219,391,26,1,,418
E00074220,427,13,4,,444
E00074221,341,5,2,,348
E00074222,235,10,4,,249
E00074223,275,4,0,,279
E00074224,211,23,6,,240
E00074225,291,12,5,,308
E00074226,280,4,2,,286
E00074227,315,7,0,,322
E00074228,271,20,2,,293
E00074229,273,9,5,,287
E00074230,398,25,6,,429
E00074231,282,20,6,,308
E00074232,201,1,0,,202
E00074233,249,7,2,,258
E00074234,266,11,5,,282
E00074235,254,12,2,,268
E00074236,308,23,7,,338
E00074237,409,12,5,,426
E00074238,301,24,1,,326
E00074240,372,28,5,,405
E00074241,372,23,5,,400
E00074243,306,30,3,,339
E00074244,353,18,2,,373
E00074245,278,26,9,,313
E00074246,312,26,2,,340
E00074247,380,18,4,,402
E00074248,309,21,3,,333
E00074250,297,34,0,,331
E00074251,309,13,4,,326
E00074252,278,11,4,,293
E00074253,272,34,7,,313
E00074254,246,20,2,,268
E00074255,173,0,0,,173
E00074256,301,10,2,,313
E00074257,322,19,4,,345
E00074258,452,22,5,,479
E00074259,225,8,0,,233
E00074260,335,4,2,,341
E00074261,346,10,4,,360
E00074262,341,11,2,,354
E00074263,321,34,4,,359
E00074264,406,32,3,,441
E00074265,348,17,3,,368
E00074266,280,2,2,,284
E00074267,266,7,4,,277
E00074268,340,6,0,,346
E00074269,281,4,2,,287
E00074270,310,7,0,,317
E00074271,285,2,4,,291
E00074272,252,9,5,,266
E00074273,324,6,2,,332
E00074274,262,2,4,,268
E00074275,404,16,8,,428
E00074276,364,17,1,,382
E00074277,330,5,0,,335
E00074278,282,11,3,,296
E00074279,460,13,4,,477
E00074280,263,5,0,,268
E00074281,260,6,2,,268
E00074282,325,9,2,,336
E00074283,306,2,4,,312
E00074284,197,4,0,,201
E00074285,285,7,3,,295
E00074286,242,4,1,,247
E00074287,277,8,8,,293
E00074288,417,9,5,,431
E00074289,269,14,3,,286
E00074290,286,6,0,,292
E00074291,240,6,1,,247
E00074292,288,11,4,,303
E00074293,349,11,0,,360
E00074294,234,5,0,,239
E00074295,371,14,2,,387
E00074296,320,15,0,,335
E00074297,429,11,5,,445
E00074298,258,9,0,,267
E00074299,288,8,0,,296
E00074300,374,15,3,,392
E00074301,329,7,2,,338
E00074302,352,22,3,,377
E00074303,210,7,6,,223
E00074304,250,7,11,,268
E00074306,252,6,7,,265
E00074307,323,14,6,,343
E00074308,239,29,7,,275
E00074309,297,17,8,,322
E00074310,254,11,5,,270
E00074311,180,14,4,,198
E00074312,209,8,3,,220
E00074314,238,28,8,,274
E00074315,237,28,13,,278
E00074316,284,17,4,,305
E00074317,327,13,1,,341
E00074318,276,10,3,,289
E00074319,318,17,7,,342
E00074320,340,11,6,,357
E00074321,304,10,0,,314
E00074322,361,12,2,,375
E00074323,295,16,9,,320
E00074324,285,13,4,,302
E00074325,233,6,3,,242
E00074326,239,10,0,,249
E00074327,172,3,3,,178
E00074328,262,15,5,,282
E00074329,334,4,2,,340
E00074330,348,11,7,,366
E00074331,340,60,62,,462
E00074332,326,12,4,,342
E00074333,367,14,6,,387
E00074334,253,11,5,,269
E00074335,299,11,5,,315
E00074336,339,11,1,,351
E00074337,259,8,4,,271
E00074338,306,14,3,,323
E00074339,303,10,3,,316
E00074340,343,12,1,,356
E00074341,324,7,5,,336
E00074342,358,18,2,,378
E00074343,224,9,1,,234
E00074344,222,7,0,,229
E00074345,256,9,1,,266
E00074346,226,12,5,,243
E00074347,323,6,2,,331
E00074348,199,4,3,,206
E00074349,291,13,4,,308
E00074350,292,10,5,,307
E00074351,264,10,2,,276
E00074352,314,9,0,,323
E00074353,285,13,6,,304
E00074354,281,15,2,,298
E00074355,288,9,0,,297
E00074356,304,11,7,,322
E00074357,304,23,3,,330
E00074358,327,13,6,,346
E00074359,248,15,5,,268
E00074360,329,14,0,,343
E00074361,364,11,1,,376
E00074362,349,6,9,,364
E00074363,325,2,3,,330
E00074364,344,8,1,,353
E00074365,282,10,6,,298
E00074366,355,7,0,,362
E00074367,376,7,3,,386
E00074368,337,3,3,,343
E00074369,271,4,0,,275
E00074371,255,3,2,,260
E00074372,319,7,2,,328
E00074373,371,11,0,,382
E00074374,289,10,0,,299
E00074375,385,9,2,,396
E00074376,318,7,0,,325
E00074377,397,15,0,,412
E00074378,295,13,0,,308
E00074379,288,5,1,,294
E00074380,278,4,1,,283
E00074381,274,3,1,,278
E00074382,292,5,1,,298
E00074383,265,8,4,,277
E00074384,301,5,0,,306
E00074385,335,5,0,,340
E00074386,306,14,6,,326
E00074387,260,7,0,,267
E00074388,252,5,0,,257
E00074389,312,3,0,,315
E00074390,234,7,2,,243
E00074391,307,6,0,,313
E00074392,315,9,0,,324
E00074393,356,12,2,,370
E00074394,227,2,0,,229
E00074395,346,8,0,,354
E00074396,315,11,1,,327
E00074397,336,11,0,,347
E00074398,332,6,4,,342
E00074399,350,12,4,,366
E00074400,504,11,1,,516
E00074401,420,10,7,,437
E00074402,362,16,1,,379
E00074403,395,15,2,,412
E00074404,344,23,3,,370
E00074405,364,20,3,,387
E00074406,414,20,6,,440
E00074407,472,14,5,,491
E00074408,441,6,6,,453
E00074411,515,30,9,,554
E00074412,311,13,3,,327
E00074413,321,18,1,,340
E00074414,255,14,2,,271
E00074415,295,19,4,,318
E00074416,322,12,8,,342
E00074417,285,16,5,,306
E00074418,223,13,0,,236
E00074419,276,9,3,,288
E00074420,333,19,8,,360
E00074421,279,8,0,,287
E00074422,264,14,1,,279
E00074423,318,18,3,,339
E00074424,223,12,2,,237
E00074425,260,22,6,,288
E00074426,268,19,0,,287
E00074427,284,14,5,,303
E00074428,305,15,1,,321
E00074429,330,22,4,,356
E00074430,316,18,3,,337
E00074431,467,22,0,,489
E00074432,332,14,2,,348
E00074433,359,5,0,,364
E00074434,301,9,8,,318
E00074435,299,16,0,,315
E00074436,382,16,5,,403
E00074437,348,22,4,,374
E00074438,416,10,2,,428
E00074439,240,9,5,,254
E00165771,349,94,23,,466
E00165772,116,15,7,,138
E00174043,152,232,18,,402
E00174044,302,36,5,,343
E00174046,181,134,36,,351
E00174053,330,13,10,,353
E00174058,266,37,9,,312
E00174214,214,32,10,,256
E00174215,259,13,9,,281
E00174218,292,110,25,,427
E00174220,107,20,3,,130
E00174221,197,10,9,,216
E00174225,153,7,3,,163
E00174226,302,21,1,,324
E00174228,320,21,1,,342
E00174229,488,15,5,,508
E00174231,145,156,49,,350
E00174232,286,22,16,,324
E00174234,330,23,13,,366
E00174237,275,54,0,,329
E00174239,85,10,7,,102
E00174243,228,43,52,,323
E00174245,171,12,5,,188
E00174246,249,16,3,,268
E00174248,181,10,1,,192
E00174249,274,146,67,,487
E00174251,530,22,1,,553
E00174253,229,12,5,,246
E00174254,269,2,1,,272
E00174256,257,11,7,,275
E00174257,333,17,19,,369
E00174259,324,7,2,,333
E00174260,197,13,0,,210
E00174262,255,57,5,,317
E00174263,154,4,10,,168
E00174273,298,10,2,,310
E00174275,161,15,4,,180
E00174276,225,17,8,,250
E00174277,231,12,9,,252
E00174278,383,19,8,,410
E00174279,200,28,5,,233
E00174280,262,5,5,,272
E00174281,272,9,1,,282
E00174282,327,36,17,,380
E00174283,317,14,0,,331
E00174284,263,19,32,,314
E00174286,244,16,1,,261
E00174287,168,17,3,,188
E00174288,305,5,6,,316
E00174289,236,30,2,,268
E00174290,358,2,2,,362
E00174291,308,15,5,,328
E00174292,274,5,4,,283
E00174293,296,165,75,,536
E00174294,276,87,24,,387
E00174295,187,635,56,,878
E00174296,272,63,41,,376
E00174298,146,211,27,,384
E00174299,261,14,14,,289
E00174300,194,11,9,,214
E00174302,128,11,9,,148
E00174303,181,13,5,,199
E00174304,204,9,3,,216
E00174305,182,11,3,,196
E00174306,285,12,2,,299
E00174307,313,112,74,,499
E00174309,131,13,14,,158
E00174311,150,12,4,,166
E00174312,128,151,8,,287
E00174313,184,8,1,,193
E00174314,184,11,4,,199
E00174315,372,10,6,,388
E00174316,154,103,6,,263
E00174317,108,11,5,,124
E00174318,110,10,2,,122
E00174319,198,7,12,,217
E00174320,304,8,2,,314
E00174321,174,452,10,,636
E00174322,248,10,1,,259
E00174323,207,8,0,,215
E00174324,225,159,156,,540
E00174325,303,36,20,,359
E00174326,427,10,5,,442
E00174327,370,15,3,,388
E00174328,204,47,9,,260
E00174329,297,27,2,,326
E00174331,120,0,0,,120
E00174332,275,17,1,,293
E00174333,212,40,8,,260
E00178043,178,46,10,,234
E00178044,342,182,96,,620
E00178045,209,82,61,,352
E00178046,408,1021,239,,1668
E00178047,201,11,6,,218
E00178048,133,18,22,,173
E00178049,221,14,9,,244
E00178050,439,3,1,,443
E00178051,311,24,0,,335
E00178052,234,40,3,,277
E00178053,402,25,13,,440
E00178054,206,9,3,,218
E00178055,108,6,4,,118
E00178056,226,542,123,,891
E00178057,432,49,13,,494
E00178058,123,11,8,,142
E00178059,259,18,10,,287
E00178060,318,23,16,,357
E00178061,350,18,0,,368
E00178062,347,14,6,,367
E00178063,142,11,5,,158
E00178064,233,1830,101,,2164
E00178065,194,9,10,,213
E00178066,213,248,41,,502
E00178067,192,7,5,,204
E00178068,145,13,7,,165
E00178069,382,27,7,,416
E00178070,259,14,1,,274
E00178071,206,20,1,,227
E00178072,270,67,54,,391
E00178073,171,7,15,,193
E00178074,345,30,1,,376
E00178075,109,12,4,,125
E00178076,229,29,18,,276
E00178077,99,12,5,,116
E00178078,253,1,7,,261
E00178079,408,43,19,,470
E00178080,525,8,2,,535
E00178081,143,6,2,,151
E00178082,240,20,2,,262
E00178083,239,127,37,,403
E00178084,519,28,8,,555
E00178085,91,6,11,,108
E00178086,255,22,9,,286
E00178087,381,33,8,,422
E00178088,104,11,3,,118
E00178089,497,8,4,,509
E00178090,141,19,5,,165
E00178091,286,5,1,,292
E00178092,418,24,1,,443
E00178093,158,10,20,,188
E00178094,137,9,4,,150
E00178095,161,10,3,,174
E00178096,103,107,28,,238
E00178097,122,14,4,,140
E00178098,285,6,4,,295
E00178099,254,10,2,,266
E00178100,206,36,5,,247
E00178101,208,10,7,,225
E00178102,379,10,3,,392
E00178103,224,16,2,,242
E00178104,316,5,3,,324
E00178105,119,10,2,,131
E00178106,206,382,26,,614
E00178107,198,6,1,,205
E00178108,515,19,3,,537
E00178109,171,9,10,,190
E00178110,188,10,6,,204
E00178111,74,25,7,,106
E00178112,355,19,41,,415
E00178113,291,4,0,,295
E00178114,255,382,89,,726
E00178115,111,4,2,,117
E00178116,148,3,5,,156
E00178117,445,23,13,,481
E00178118,321,5,7,,333
E00178119,313,6,0,,319
