Row Labels,"1. Managers, directors and senior officials",2. Professional occupations,3. Associate professional and technical occupations,4. Administrative and secretarial occupations,5. Skilled trades occupations,"6. Caring, leisure and other service occupations",7. Sales and customer service occupations,"8. Process, plant and machine operatives",9. Elementary occupations,TotalOcT
E00073143,19,68,48,12,17,21,16,8,18,227
E00073145,12,46,29,17,10,26,10,11,44,205
E00073147,20,55,36,18,17,20,27,23,43,259
E00073148,16,43,42,13,9,18,17,5,26,189
E00073150,21,78,48,30,26,27,24,8,24,286
E00073152,31,85,37,11,14,9,9,5,10,211
E00073153,48,88,69,12,26,17,9,0,15,284
E00073154,24,84,36,13,15,11,11,3,7,204
E00073155,27,84,38,15,9,19,9,10,10,221
E00073156,12,46,30,13,17,16,8,7,13,162
E00073157,30,94,50,24,5,13,15,13,17,261
E00073158,17,68,37,14,16,12,8,9,12,193
E00073159,23,82,18,23,9,6,7,1,3,172
E00073160,26,97,55,19,12,10,8,5,8,240
E00073161,23,64,31,13,21,8,11,11,17,199
E00073162,37,90,51,18,7,10,18,5,19,255
E00073163,27,75,38,11,10,9,7,2,9,188
E00073164,21,82,39,12,11,9,8,7,4,193
E00073165,24,67,31,12,11,13,13,6,16,193
E00073166,17,66,36,15,17,16,8,5,12,192
E00073167,24,117,66,21,16,19,15,8,11,297
E00073168,21,55,50,9,23,14,13,7,16,208
E00073169,34,70,79,13,21,19,18,7,20,281
E00073170,27,98,66,23,20,21,23,8,26,312
E00073171,22,91,47,21,24,36,19,11,32,303
E00073172,9,56,41,8,14,8,7,6,10,159
E00073173,18,71,46,11,10,8,5,3,7,179
E00073174,27,69,36,13,16,15,8,0,8,192
E00073176,8,64,40,13,10,19,18,10,23,205
E00073177,6,48,37,15,13,24,17,8,25,193
E00073178,18,58,42,16,15,22,9,4,12,196
E00073179,25,62,49,16,6,12,7,7,18,202
E00073181,17,52,35,11,17,33,19,11,37,232
E00073182,17,63,49,18,12,24,15,3,33,234
E00073183,12,26,21,19,18,17,12,16,19,160
E00073184,11,21,11,17,19,14,15,19,24,151
E00073185,12,13,19,12,20,17,6,24,46,169
E00073186,12,14,14,21,25,17,11,15,28,157
E00073187,13,12,19,12,15,22,16,24,49,182
E00073188,8,11,9,15,15,14,17,12,22,123
E00073189,12,19,20,12,18,19,11,25,26,162
E00073190,8,15,17,5,10,13,19,14,37,138
E00073191,7,15,17,13,14,20,13,7,16,122
E00073192,8,32,26,16,11,12,11,13,21,150
E00073193,17,32,34,19,24,14,17,8,21,186
E00073194,13,13,8,19,10,22,7,18,16,126
E00073195,24,30,16,13,18,20,8,20,27,176
E00073196,6,14,6,9,4,8,6,12,29,94
E00073197,18,50,29,25,11,12,7,21,27,200
E00073198,4,12,5,6,10,8,11,7,15,78
E00073199,9,21,10,14,19,6,12,11,26,128
E00073200,6,12,11,8,14,12,11,16,20,110
E00073201,12,29,27,8,12,10,10,10,17,135
E00073202,17,30,23,19,18,7,9,27,33,183
E00073203,14,39,27,18,13,6,12,13,18,160
E00073204,16,28,23,14,19,18,20,9,24,171
E00073205,20,44,25,16,21,18,15,19,40,218
E00073206,23,51,41,25,18,22,17,9,25,231
E00073207,16,31,14,16,12,20,13,9,16,147
E00073208,7,24,16,13,8,8,8,0,17,101
E00073209,5,21,11,12,4,12,11,15,25,116
E00073210,28,45,35,20,24,19,10,18,20,219
E00073211,24,22,35,25,28,26,37,39,73,309
E00073212,17,15,25,17,24,17,15,50,75,255
E00073213,19,24,13,17,22,19,9,34,60,217
E00073214,14,19,17,19,29,14,18,27,36,193
E00073215,5,8,5,5,10,19,7,9,21,89
E00073216,3,15,8,11,13,22,7,17,47,143
E00073217,20,13,18,22,17,17,11,25,51,194
E00073218,17,20,15,17,20,20,15,26,59,209
E00073219,6,8,4,6,8,14,10,18,35,109
E00073220,13,13,15,17,19,26,17,22,33,175
E00073221,17,23,11,18,18,11,12,11,37,158
E00073222,16,20,22,15,20,16,17,22,37,185
E00073223,12,30,20,17,27,19,12,20,28,185
E00073224,24,67,43,14,9,10,9,7,12,195
E00073225,21,101,57,18,18,21,18,11,23,288
E00073226,8,45,20,5,9,11,7,7,18,130
E00073227,10,62,39,12,11,11,11,7,20,183
E00073228,22,82,51,19,11,14,11,7,9,226
E00073229,18,34,21,25,17,16,11,15,14,171
E00073230,24,92,52,19,12,10,11,0,4,224
E00073231,28,97,45,19,21,23,14,5,17,269
E00073232,21,95,40,14,12,8,10,3,10,213
E00073233,23,51,31,18,13,8,7,5,2,158
E00073234,26,67,29,13,14,10,8,4,16,187
E00073236,25,59,31,15,12,10,7,1,5,165
E00073237,31,85,50,26,10,14,11,3,9,239
E00073238,30,97,37,14,9,9,7,1,11,215
E00073239,41,105,61,23,22,27,23,13,17,332
E00073240,23,60,34,22,26,16,14,11,24,230
E00073241,24,85,38,13,8,2,10,8,5,193
E00073242,16,36,25,8,15,13,11,12,20,156
E00073243,24,39,37,14,20,18,10,8,9,179
E00073245,16,40,30,21,31,10,20,14,14,196
E00073246,21,53,33,25,17,8,11,8,9,185
E00073247,21,30,18,22,33,17,18,13,22,194
E00073248,24,71,35,21,12,7,4,10,8,192
E00073249,7,8,9,5,7,2,6,7,6,57
E00073250,32,77,45,41,41,23,25,18,37,339
E00073251,24,75,42,22,20,7,13,9,15,227
E00073252,20,44,34,14,19,18,11,18,39,217
E00073253,20,68,46,25,27,22,18,9,26,261
E00073254,21,43,43,14,27,9,17,5,21,200
E00073255,28,63,50,15,25,17,11,15,20,244
E00073256,16,34,45,26,26,21,16,12,27,223
E00073257,20,39,26,26,29,16,18,11,27,212
E00073258,22,54,29,23,21,17,23,16,28,233
E00073259,19,24,17,19,15,10,12,9,10,135
E00073260,15,45,27,18,22,19,9,11,16,182
E00073261,17,25,14,24,18,11,9,10,17,145
E00073262,7,13,12,5,11,9,11,10,14,92
E00073263,25,88,41,14,18,15,17,7,20,245
E00073264,28,69,28,11,11,9,9,1,10,176
E00073266,28,75,42,11,10,8,10,3,17,204
E00073267,11,61,21,8,8,10,8,0,13,140
E00073268,35,100,52,20,7,10,13,7,15,259
E00073269,31,76,36,15,12,17,21,10,18,236
E00073270,14,89,36,12,8,11,12,6,11,199
E00073271,26,126,36,22,11,13,9,3,19,265
E00073272,16,64,40,15,14,9,12,6,13,189
E00073273,18,65,32,7,8,9,4,6,10,159
E00073274,22,60,26,8,23,5,17,10,27,198
E00073276,15,49,32,7,14,13,16,4,21,171
E00073277,23,88,39,11,14,9,7,4,10,205
E00073278,33,110,29,8,11,6,6,1,13,217
E00073280,22,85,28,15,7,11,4,0,8,180
E00073281,42,73,40,13,14,10,10,5,17,224
E00073282,31,78,32,18,10,9,16,9,13,216
E00073283,35,81,29,7,8,7,7,0,8,182
E00073284,5,26,11,5,0,7,1,1,5,61
E00073285,23,79,35,9,3,10,19,6,13,197
E00073286,25,75,35,17,10,1,11,1,9,184
E00073287,15,76,28,15,11,7,7,5,4,168
E00073288,29,60,27,16,11,9,7,0,14,173
E00073289,25,100,32,10,6,7,9,6,8,203
E00073290,44,79,25,7,11,1,6,2,6,181
E00073291,25,82,33,7,10,11,10,3,11,192
E00073292,32,125,59,17,20,15,21,9,21,319
E00073293,23,92,33,10,10,13,8,4,9,202
E00073294,33,92,30,12,13,15,19,10,16,240
E00073295,26,80,28,8,11,7,5,0,4,169
E00073296,21,62,29,16,12,6,10,6,9,171
E00073297,28,71,43,12,12,9,9,8,14,206
E00073298,19,75,37,20,23,27,30,7,28,266
E00073299,25,88,42,22,11,14,7,3,14,226
E00073300,23,77,31,10,7,6,4,1,2,161
E00073301,19,30,23,19,34,19,17,14,18,193
E00073302,9,17,14,20,19,24,16,9,29,157
E00073303,17,26,26,25,31,20,18,21,30,214
E00073304,13,8,9,8,17,20,14,16,39,144
E00073305,5,23,8,24,24,19,25,14,15,157
E00073306,15,19,11,14,21,13,4,9,10,116
E00073307,13,28,19,19,14,9,6,13,7,128
E00073308,16,12,11,12,22,18,26,9,18,144
E00073309,9,9,15,17,19,12,12,11,18,122
E00073310,7,19,17,7,17,24,18,10,31,150
E00073311,9,16,8,11,19,13,11,10,16,113
E00073312,5,7,12,23,29,20,14,14,29,153
E00073313,18,22,18,9,20,24,17,19,33,180
E00073314,5,6,2,12,8,12,5,6,8,64
E00073315,8,0,3,12,18,8,9,6,15,79
E00073316,8,4,15,18,17,15,5,15,21,118
E00073317,10,14,14,8,19,20,16,11,22,134
E00073318,10,8,8,11,27,19,22,10,33,148
E00073319,22,86,37,30,43,19,17,12,26,292
E00073320,27,45,35,25,29,16,20,13,16,226
E00073321,12,28,21,15,22,21,15,20,12,166
E00073322,19,24,19,23,26,12,8,10,13,154
E00073323,14,22,26,22,13,17,4,14,8,140
E00073324,24,50,24,40,18,14,10,9,21,210
E00073325,21,49,31,23,24,18,18,14,19,217
E00073326,8,14,13,11,21,11,10,12,14,114
E00073327,16,31,17,21,23,22,12,10,25,177
E00073328,21,27,27,22,17,18,10,12,19,173
E00073329,15,13,24,22,30,6,10,6,25,151
E00073330,21,33,24,16,26,26,10,5,27,188
E00073331,26,48,31,21,35,20,15,8,16,220
E00073332,15,31,21,29,23,8,9,13,14,163
E00073333,14,23,20,19,29,8,12,8,13,146
E00073334,11,23,26,24,31,19,11,8,11,164
E00073335,6,17,19,32,26,31,26,12,36,205
E00073336,13,20,24,17,21,15,16,10,16,152
E00073337,5,29,10,27,26,17,13,14,16,157
E00073338,12,35,18,21,17,5,9,13,17,147
E00073339,15,51,28,17,16,10,16,13,34,200
E00073340,11,38,27,24,12,15,15,7,10,159
E00073341,23,55,40,20,10,14,10,8,10,190
E00073342,34,38,25,19,18,24,15,18,20,211
E00073343,22,46,30,29,16,16,15,12,21,207
E00073344,14,38,28,20,14,11,12,7,18,162
E00073345,6,18,19,15,17,4,14,10,7,110
E00073346,23,63,29,16,16,15,13,10,17,202
E00073347,9,29,25,10,6,9,16,6,4,114
E00073348,10,52,29,21,18,12,9,13,19,183
E00073349,11,29,26,13,21,14,17,9,28,168
E00073350,19,51,24,23,16,20,13,11,25,202
E00073351,13,28,14,7,20,22,11,15,21,151
E00073352,7,18,18,12,8,7,12,8,22,112
E00073353,29,74,59,16,16,10,11,7,9,231
E00073354,8,16,18,16,18,20,16,21,25,158
E00073355,10,25,27,19,28,16,10,23,26,184
E00073356,28,52,32,16,23,14,10,9,18,202
E00073357,24,29,36,10,17,11,13,11,12,163
E00073358,16,32,19,21,22,17,13,15,15,170
E00073359,15,27,19,24,29,10,14,13,14,165
E00073360,9,37,12,18,28,12,14,10,16,156
E00073361,10,35,32,13,12,9,9,7,7,134
E00073362,27,55,44,32,20,16,14,16,18,242
E00073363,13,33,17,17,27,27,15,10,23,182
E00073364,12,19,16,11,23,15,15,12,23,146
E00073365,15,23,18,18,27,19,12,16,21,169
E00073366,29,64,40,18,27,13,16,11,16,234
E00073367,18,26,27,12,23,18,16,16,11,167
E00073368,8,25,24,22,25,11,18,13,13,159
E00073369,10,16,21,15,21,20,18,18,22,161
E00073370,4,8,11,9,8,9,8,11,17,85
E00073371,7,15,8,11,11,9,5,7,13,86
E00073372,0,3,6,1,13,15,5,10,29,82
E00073373,20,44,23,8,14,8,11,8,25,161
E00073374,25,76,35,17,22,16,7,5,10,213
E00073375,13,29,40,20,14,8,14,13,24,175
E00073376,15,21,19,15,16,18,11,11,14,140
E00073377,28,57,25,14,11,12,10,8,8,173
E00073378,21,61,30,22,14,11,14,4,9,186
E00073379,27,30,28,29,31,10,13,8,9,185
E00073380,28,29,19,23,22,22,24,16,10,193
E00073381,21,45,22,25,33,26,17,14,22,225
E00073382,18,45,23,26,30,25,25,17,19,228
E00073383,4,3,11,10,15,17,11,10,16,97
E00073384,21,57,44,38,30,20,8,11,20,249
E00073385,9,10,21,12,24,14,15,19,14,138
E00073386,15,45,34,29,19,21,19,25,16,223
E00073387,2,10,19,13,18,15,12,18,16,123
E00073388,24,34,19,26,18,17,14,6,17,175
E00073389,19,46,36,19,15,23,22,12,24,216
E00073390,21,39,29,26,23,14,12,14,9,187
E00073391,15,33,26,29,27,15,12,9,15,181
E00073392,19,46,32,19,29,16,18,10,25,214
E00073393,15,42,32,16,15,17,17,12,11,177
E00073394,36,67,42,44,24,9,14,8,12,256
E00073395,5,11,15,15,16,20,14,12,25,133
E00073397,26,49,28,10,11,12,15,9,8,168
E00073398,19,68,24,24,11,8,10,10,13,187
E00073399,11,43,26,18,13,14,12,17,18,172
E00073400,24,62,42,19,13,11,14,1,7,193
E00073401,16,70,32,18,12,3,8,9,5,173
E00073402,20,48,35,14,16,10,14,6,14,177
E00073403,25,52,37,21,16,8,13,12,23,207
E00073404,19,82,45,10,10,7,4,5,8,190
E00073405,26,50,34,12,26,13,17,14,15,207
E00073406,23,43,31,16,17,18,10,8,12,178
E00073407,18,52,40,16,16,17,12,11,22,204
E00073408,39,56,30,23,14,3,11,5,7,188
E00073409,28,43,25,10,20,7,11,9,8,161
E00073410,20,53,35,27,8,12,10,14,5,184
E00073411,17,47,34,19,19,13,10,7,15,181
E00073412,28,59,39,19,24,19,15,8,13,224
E00073413,15,33,22,18,13,13,8,8,10,140
E00073414,10,31,21,11,9,19,22,6,29,158
E00073415,24,51,23,7,9,7,5,2,4,132
E00073416,22,79,34,8,7,11,4,4,11,180
E00073419,23,78,44,15,7,16,17,7,5,212
E00073420,9,20,13,5,2,4,1,4,5,63
E00073421,9,28,17,10,5,20,11,5,14,119
E00073422,4,16,11,4,8,4,8,10,25,90
E00073423,16,51,15,3,4,5,5,5,9,113
E00073424,0,23,18,1,11,15,3,14,22,107
E00073425,11,59,26,15,4,6,6,3,13,143
E00073426,10,31,20,10,3,14,12,1,11,112
E00073431,20,86,37,11,4,18,19,6,27,228
E00073432,10,23,7,5,0,3,5,2,9,64
E00073433,21,56,35,12,11,9,18,0,32,194
E00073437,18,61,19,15,5,4,14,5,8,149
E00073439,32,106,40,12,11,4,4,1,5,215
E00073440,19,54,33,10,8,5,7,7,9,152
E00073441,4,19,11,6,8,15,10,7,24,104
E00073442,23,84,34,9,10,18,8,8,6,200
E00073443,25,76,23,6,7,6,7,4,9,163
E00073444,15,58,36,1,10,4,7,2,10,143
E00073445,13,71,17,6,1,9,12,1,5,135
E00073446,16,100,29,12,11,14,9,1,13,205
E00073447,14,40,12,11,3,13,10,6,13,122
E00073448,17,65,26,7,4,5,9,4,11,148
E00073449,26,70,20,9,5,4,0,0,1,135
E00073450,26,73,35,14,0,8,3,5,7,171
E00073451,29,69,44,12,4,0,7,0,8,173
E00073452,24,95,26,9,8,9,6,0,7,184
E00073453,21,62,23,13,7,4,8,6,8,152
E00073454,25,80,54,9,4,5,8,1,4,190
E00073455,34,62,38,9,3,9,10,3,11,179
E00073456,22,86,26,11,4,9,4,0,4,166
E00073457,27,49,29,11,1,5,5,0,2,129
E00073458,22,87,30,14,10,10,7,1,10,191
E00073461,13,53,32,5,12,7,1,3,8,134
E00073462,36,85,36,9,3,9,10,1,9,198
E00073463,10,38,27,16,13,8,7,4,13,136
E00073464,27,86,35,10,6,8,10,0,10,192
E00073465,26,81,45,14,8,17,8,0,11,210
E00073466,22,86,42,14,7,9,18,4,17,219
E00073467,25,85,25,10,13,7,11,2,6,184
E00073468,31,71,52,13,12,8,7,3,13,210
E00073469,12,46,25,9,7,8,2,5,9,123
E00073470,41,93,30,15,5,7,13,3,18,225
E00073471,5,45,18,12,7,11,13,4,12,127
E00073472,20,77,25,8,3,4,6,5,1,149
E00073473,12,33,10,3,4,5,4,0,1,72
E00073474,18,45,21,9,1,1,4,1,2,102
E00073476,20,66,36,9,5,4,2,2,8,152
E00073477,38,52,21,9,5,4,10,1,1,141
E00073478,20,91,27,10,0,10,8,2,5,173
E00073479,30,48,23,4,3,10,8,1,8,135
E00073480,22,56,29,12,4,6,8,0,4,141
E00073481,58,110,53,15,4,3,5,0,11,259
E00073482,33,83,36,9,10,7,20,1,20,219
E00073483,29,74,40,11,8,8,11,1,8,190
E00073484,24,72,30,7,1,3,5,1,2,145
E00073485,14,52,20,10,0,3,10,1,7,117
E00073486,24,67,28,15,15,7,14,10,57,237
E00073487,16,75,31,11,4,8,14,2,10,171
E00073488,13,57,31,11,3,8,13,6,9,151
E00073489,24,70,39,10,4,8,2,0,0,157
E00073490,20,58,20,11,15,5,6,0,9,144
E00073491,21,71,40,7,5,10,18,5,11,188
E00073492,32,80,43,2,2,7,9,2,7,184
E00073493,20,87,37,6,7,5,7,2,10,181
E00073494,16,44,38,11,7,11,13,0,10,150
E00073495,10,52,17,4,7,6,15,2,7,120
E00073496,25,100,34,18,5,5,11,5,16,219
E00073497,21,52,30,7,10,7,8,1,5,141
E00073498,26,61,29,15,3,4,3,1,6,148
E00073499,15,60,23,6,1,9,8,2,8,132
E00073500,25,70,43,12,11,12,10,1,20,204
E00073501,22,75,28,15,5,4,7,3,13,172
E00073502,23,80,41,15,8,10,11,4,6,198
E00073503,28,70,33,7,7,4,5,0,4,158
E00073504,19,55,22,7,5,8,10,5,12,143
E00073505,13,56,17,9,0,3,5,0,6,109
E00073506,26,89,30,10,4,8,6,3,11,187
E00073507,15,32,17,12,5,3,3,3,4,94
E00073508,17,63,33,7,6,8,7,0,5,146
E00073509,19,90,29,11,12,7,5,2,10,185
E00073510,22,69,27,9,8,12,6,1,5,159
E00073511,23,65,27,15,6,5,6,2,15,164
E00073512,29,80,27,6,0,5,15,0,4,166
E00073513,24,86,45,16,9,15,8,1,8,212
E00073514,28,62,27,10,10,7,17,1,15,177
E00073515,34,84,33,10,5,4,11,2,8,191
E00073516,26,84,37,17,6,13,16,6,13,218
E00073517,17,65,26,15,15,12,14,5,11,180
E00073518,19,71,28,13,5,8,7,3,5,159
E00073519,16,90,33,12,3,0,11,0,8,173
E00073520,23,104,36,15,7,8,6,5,11,215
E00073521,18,61,38,14,6,7,10,1,7,162
E00073522,14,69,33,9,4,13,8,5,10,165
E00073523,19,90,35,15,10,7,7,1,6,190
E00073524,18,81,35,8,4,5,7,4,6,168
E00073525,26,95,54,22,6,6,5,3,11,228
E00073526,15,52,25,6,9,10,14,5,13,149
E00073527,15,66,27,7,4,6,8,1,11,145
E00073528,16,69,31,9,9,11,9,2,12,168
E00073529,15,54,18,5,6,5,7,1,10,121
E00073530,15,68,28,11,7,6,17,2,4,158
E00073531,18,90,47,21,12,11,7,3,10,219
E00073532,27,101,53,18,4,9,13,4,17,246
E00073533,26,68,21,5,1,5,6,2,7,141
E00073534,16,66,25,8,6,6,6,1,2,136
E00073535,21,54,24,7,4,7,11,2,5,135
E00073536,13,67,33,15,4,12,6,1,9,160
E00073537,32,100,36,10,9,10,11,3,6,217
E00073538,27,73,28,19,4,8,8,2,4,173
E00073539,20,50,20,4,11,11,4,2,10,132
E00073540,14,53,26,8,5,3,4,1,4,118
E00073541,15,73,36,9,7,9,11,5,7,172
E00073542,20,71,30,8,4,6,11,0,7,157
E00073543,17,68,28,8,10,9,15,2,6,163
E00073544,27,62,24,11,11,5,8,1,12,161
E00073545,14,106,49,14,10,15,12,6,16,242
E00073546,14,61,42,11,7,14,15,0,13,177
E00073547,25,99,28,11,8,10,7,1,8,197
E00073548,9,59,37,18,6,17,19,8,23,196
E00073549,25,99,40,17,6,14,8,3,8,220
E00073550,21,49,31,17,3,11,9,2,7,150
E00073551,14,49,26,12,4,16,9,3,9,142
E00073552,14,58,23,10,9,13,8,2,8,145
E00073553,17,67,32,5,4,6,9,1,9,150
E00073554,20,43,23,9,3,12,6,3,13,132
E00073555,10,84,45,10,11,3,11,1,3,178
E00073556,8,42,25,5,6,8,4,2,12,112
E00073557,24,83,19,9,0,10,11,2,4,162
E00073558,20,82,44,20,7,8,7,0,6,194
E00073559,20,57,56,11,21,7,14,4,17,207
E00073560,11,44,24,17,17,16,13,9,30,181
E00073561,27,66,35,19,23,26,17,10,22,245
E00073562,22,60,45,9,23,13,20,9,28,229
E00073563,20,79,50,11,20,24,12,16,15,247
E00073564,21,54,64,13,22,9,13,4,12,212
E00073565,20,65,27,13,42,18,29,26,68,308
E00073566,9,41,16,7,1,18,12,6,5,115
E00073567,16,43,30,17,9,16,6,11,27,175
E00073568,29,77,40,13,21,15,14,9,11,229
E00073569,34,73,49,15,30,16,18,14,21,270
E00073570,23,69,49,15,16,13,11,9,16,221
E00073571,14,74,43,12,23,20,15,15,17,233
E00073572,17,58,37,16,13,15,10,18,17,201
E00073573,24,85,51,16,26,34,17,21,28,302
E00073574,12,45,34,16,16,18,17,17,21,196
E00073575,39,57,39,21,19,21,15,12,37,260
E00073576,27,57,30,21,20,25,15,12,16,223
E00073577,19,50,36,12,20,9,18,13,25,202
E00073578,27,89,31,6,15,16,9,16,18,227
E00073579,13,25,18,14,16,9,11,5,12,123
E00073580,19,64,39,13,23,18,12,12,26,226
E00073581,23,51,42,12,13,12,15,9,19,196
E00073582,20,78,43,25,20,17,4,5,15,227
E00073583,16,74,44,22,18,17,5,7,14,217
E00073584,11,53,43,15,14,22,17,13,30,218
E00073585,13,64,36,20,25,19,15,12,27,231
E00073586,21,65,24,15,16,13,13,4,17,188
E00073587,24,78,39,14,18,17,12,8,29,239
E00073588,3,9,2,0,8,11,9,9,19,70
E00073589,5,27,17,16,6,10,4,7,7,99
E00073590,37,73,47,26,17,20,14,12,32,278
E00073591,10,41,25,15,10,5,9,9,16,140
E00073592,21,37,34,16,25,14,7,8,16,178
E00073593,22,47,32,12,17,15,10,7,23,185
E00073594,17,59,38,16,16,17,7,8,19,197
E00073595,11,38,39,21,22,19,15,14,26,205
E00073596,21,44,48,11,18,20,9,20,21,212
E00073597,21,74,40,20,20,29,33,16,48,301
E00073598,10,43,32,31,12,16,11,18,30,203
E00073599,10,28,21,10,14,5,10,16,14,128
E00073600,17,28,19,16,12,18,16,7,21,154
E00073601,10,42,25,6,19,13,7,10,14,146
E00073602,20,34,22,16,29,19,10,14,22,186
E00073603,17,38,23,10,17,17,17,18,35,192
E00073604,17,52,31,18,13,28,14,19,17,209
E00073605,9,39,22,8,13,14,9,7,15,136
E00073606,13,55,38,24,20,19,9,14,13,205
E00073607,7,24,26,16,20,16,10,13,20,152
E00073608,12,34,19,12,20,29,5,12,16,159
E00073609,11,33,33,12,19,11,24,9,34,186
E00073611,18,41,36,13,26,23,22,12,26,217
E00073612,9,20,15,12,12,17,12,22,33,152
E00073613,6,32,18,13,13,15,9,10,21,137
E00073614,30,90,48,32,30,29,11,16,36,322
E00073615,23,50,36,22,18,14,18,11,20,212
E00073616,16,38,24,18,14,19,21,10,22,182
E00073617,16,30,14,14,12,15,5,15,11,132
E00073618,21,41,19,11,12,7,14,4,8,137
E00073619,32,48,20,19,14,11,18,16,8,186
E00073620,14,53,28,9,11,9,9,8,16,157
E00073621,26,82,42,20,10,15,6,6,8,215
E00073622,3,35,20,14,11,20,17,8,15,143
E00073623,18,52,29,14,14,19,13,4,15,178
E00073624,5,14,12,4,10,8,16,4,20,93
E00073625,12,45,29,11,9,25,14,8,10,163
E00073626,13,38,22,13,12,10,10,9,14,141
E00073627,23,70,58,15,19,15,24,22,30,276
E00073628,2,13,11,4,3,14,9,7,20,83
E00073629,24,47,39,11,14,19,12,10,24,200
E00073630,25,55,29,23,28,15,21,20,37,253
E00073631,20,45,31,21,6,11,10,9,16,169
E00073632,27,66,30,14,16,17,21,8,14,213
E00073633,13,41,24,15,23,10,6,8,15,155
E00073634,21,49,40,22,20,22,31,13,38,256
E00073635,24,52,36,14,13,17,13,7,14,190
E00073636,8,8,11,4,18,26,20,19,38,152
E00073637,23,14,2,14,26,18,29,11,48,185
E00073638,14,19,13,17,24,11,10,19,26,153
E00073639,13,26,31,24,23,27,18,11,25,198
E00073640,12,23,15,11,22,19,19,8,34,163
E00073641,8,17,11,11,28,26,20,11,31,163
E00073642,13,12,14,12,25,33,8,20,26,163
E00073643,8,18,17,18,19,20,19,9,30,158
E00073644,15,15,11,12,26,24,12,10,29,154
E00073645,5,9,8,5,14,17,12,10,38,118
E00073646,12,24,12,15,24,46,20,33,49,235
E00073647,15,25,15,23,24,33,17,13,28,193
E00073648,5,12,9,8,22,29,13,15,39,152
E00073649,20,18,11,6,16,19,9,18,29,146
E00073650,10,13,8,8,17,21,16,18,29,140
E00073651,24,41,20,18,34,32,18,16,30,233
E00073652,3,15,5,10,13,17,14,11,41,129
E00073653,5,5,6,0,11,9,5,15,13,69
E00073654,9,13,3,17,23,14,19,16,29,143
E00073655,17,18,7,12,22,22,20,21,42,181
E00073656,5,17,16,11,22,28,19,18,38,174
E00073657,5,18,8,12,19,11,10,12,21,116
E00073658,6,8,11,6,21,13,19,15,30,129
E00073659,10,11,13,15,17,21,20,23,27,157
E00073660,14,17,10,14,20,16,13,15,28,147
E00073662,4,11,11,15,10,25,11,15,32,134
E00073663,4,10,9,8,22,11,16,16,24,120
E00073664,6,6,4,3,11,12,6,8,20,76
E00073665,5,20,13,13,19,8,17,11,32,138
E00073666,29,67,41,21,19,10,14,8,13,222
E00073667,21,38,33,31,27,18,19,17,40,244
E00073668,6,14,10,15,23,16,19,16,31,150
E00073669,10,27,17,9,13,16,11,8,32,143
E00073670,7,15,12,6,16,13,12,8,23,112
E00073671,13,13,17,17,16,22,21,17,33,169
E00073672,16,59,29,21,14,23,15,7,10,194
E00073673,9,20,11,13,13,9,5,8,11,99
E00073674,13,41,22,19,9,17,15,6,18,160
E00073675,20,42,19,14,13,8,11,4,7,138
E00073676,16,39,28,21,18,14,20,21,25,202
E00073677,8,13,14,7,9,17,11,10,19,108
E00073678,1,9,8,7,10,15,14,17,24,105
E00073679,5,18,7,9,2,10,7,11,7,76
E00073680,3,7,5,11,6,15,12,12,14,85
E00073681,15,31,21,8,15,28,12,0,16,146
E00073682,28,19,7,10,22,18,15,15,22,156
E00073683,21,38,34,12,11,13,13,8,22,172
E00073684,14,45,16,7,12,5,15,22,23,159
E00073685,14,47,16,14,13,20,15,14,20,173
E00073688,11,21,9,10,18,22,19,14,27,151
E00073689,19,45,35,16,18,14,3,13,19,182
E00073690,13,44,22,9,22,20,19,14,17,180
E00073691,20,52,28,16,13,12,8,7,19,175
E00073692,25,53,24,25,14,15,16,14,15,201
E00073693,24,58,35,21,13,17,21,18,17,224
E00073695,14,40,13,16,12,11,13,10,13,142
E00073696,20,26,12,7,8,20,14,9,12,128
E00073697,15,47,25,14,23,20,15,11,23,193
E00073698,13,54,34,18,30,23,24,12,29,237
E00073699,14,35,22,11,15,12,22,12,26,169
E00073700,7,26,14,5,9,12,4,4,10,91
E00073701,11,30,17,7,13,15,4,6,16,119
E00073702,12,36,23,16,9,13,8,11,13,141
E00073703,15,18,9,8,7,11,12,11,20,111
E00073704,16,25,12,15,10,5,6,5,6,100
E00073705,13,34,22,16,17,6,10,5,8,131
E00073706,15,25,21,11,18,27,17,15,24,173
E00073707,16,32,11,13,13,13,7,14,9,128
E00073708,13,30,11,12,11,8,9,9,10,113
E00073709,8,8,7,14,22,19,25,11,32,146
E00073710,6,8,11,12,26,14,11,18,18,124
E00073711,17,39,22,25,36,12,22,12,21,206
E00073712,1,8,4,8,16,13,22,8,18,98
E00073713,6,19,20,12,18,18,16,18,13,140
E00073714,9,9,10,16,20,9,8,9,17,107
E00073715,8,20,14,15,23,22,21,19,30,172
E00073716,0,0,7,8,5,10,14,10,19,73
E00073717,12,11,15,9,15,18,10,10,15,115
E00073718,7,27,16,14,34,21,13,10,16,158
E00073719,18,23,19,14,24,17,14,16,30,175
E00073720,9,11,13,16,25,23,16,16,20,149
E00073721,8,9,10,9,20,9,9,7,24,105
E00073722,7,13,18,15,35,18,26,22,40,194
E00073723,12,16,12,18,25,17,28,16,44,188
E00073724,8,24,7,21,21,24,20,21,29,175
E00073725,2,10,11,20,15,22,17,11,26,134
E00073726,7,5,7,14,12,8,16,12,23,104
E00073727,8,15,10,11,13,12,13,9,21,112
E00073728,7,6,11,12,20,18,25,17,27,143
E00073729,11,9,10,4,19,15,9,17,24,118
E00073730,10,18,12,15,20,14,17,6,18,130
E00073731,2,13,5,11,20,11,17,16,20,115
E00073732,4,15,8,7,24,8,8,14,14,102
E00073733,4,11,8,17,20,7,16,13,19,115
E00073734,12,20,14,21,25,14,13,8,19,146
E00073735,22,41,20,11,22,9,9,9,10,153
E00073736,18,28,20,24,22,15,18,9,9,163
E00073737,10,21,30,21,32,25,10,15,12,176
E00073738,23,23,15,17,27,14,17,9,7,152
E00073739,23,30,21,24,32,22,14,10,17,193
E00073740,21,23,24,19,32,11,13,8,15,166
E00073741,11,21,18,24,20,11,4,9,13,131
E00073743,28,26,20,19,27,17,16,20,21,194
E00073744,6,16,15,17,25,30,20,15,33,177
E00073745,6,5,6,2,4,9,12,8,27,79
E00073746,15,35,21,14,17,10,15,14,27,168
E00073747,15,40,27,11,18,9,11,5,14,150
E00073748,17,40,27,22,21,48,24,24,55,278
E00073749,22,33,10,21,5,5,7,6,5,114
E00073750,10,21,11,19,9,14,16,9,23,132
E00073751,14,14,14,11,11,15,9,6,17,111
E00073752,27,57,28,36,18,20,21,17,32,256
E00073754,6,28,4,12,16,26,11,25,35,163
E00073755,6,7,10,8,10,24,13,8,19,105
E00073756,7,7,3,6,9,8,2,8,16,66
E00073757,20,33,18,18,16,16,12,8,15,156
E00073758,15,17,17,14,14,20,21,25,28,171
E00073759,13,27,8,17,18,22,19,17,32,173
E00073760,25,24,28,14,19,15,19,13,25,182
E00073761,11,30,17,24,19,33,25,13,44,216
E00073762,15,38,14,9,17,9,9,1,7,119
E00073763,16,19,21,12,21,17,18,13,23,160
E00073764,13,20,15,11,11,18,11,22,34,155
E00073765,16,19,15,14,15,16,3,13,14,125
E00073766,9,21,13,12,16,21,16,13,29,150
E00073767,14,20,22,16,23,24,21,18,23,181
E00073768,15,17,17,21,18,29,13,18,29,177
E00073769,8,16,12,9,21,18,9,19,24,136
E00073770,13,20,15,10,16,19,6,16,36,151
E00073771,5,33,16,15,13,16,17,10,22,147
E00073772,13,21,19,18,13,31,8,15,21,159
E00073773,12,15,16,10,24,16,17,10,30,150
E00073774,21,51,29,22,27,21,20,14,42,247
E00073775,15,29,12,18,19,25,24,24,50,216
E00073776,4,20,8,11,8,23,7,9,43,133
E00073777,7,9,9,9,13,16,3,12,16,94
E00073778,17,19,22,19,17,13,21,15,13,156
E00073779,14,42,18,18,16,11,5,0,5,129
E00073780,5,10,13,11,16,17,14,5,21,112
E00073781,11,27,13,25,21,30,12,17,30,186
E00073782,16,28,28,23,36,21,12,21,21,206
E00073783,14,22,23,26,29,12,13,13,16,168
E00073784,30,48,28,45,26,30,13,15,23,258
E00073785,16,10,21,19,25,14,19,10,10,144
E00073786,17,27,12,28,25,23,18,13,31,194
E00073787,21,15,23,34,36,20,25,12,19,205
E00073788,16,25,27,19,14,15,8,6,11,141
E00073789,8,23,24,24,24,29,16,19,19,186
E00073790,17,24,27,24,28,31,20,14,29,214
E00073791,12,8,10,10,13,9,12,11,17,102
E00073792,16,15,11,16,17,24,13,20,27,159
E00073793,21,37,31,22,24,14,20,13,21,203
E00073794,9,25,15,20,41,23,13,20,22,188
E00073795,13,19,29,25,36,25,21,6,26,200
E00073796,8,3,5,11,17,10,9,11,14,88
E00073797,7,25,20,14,18,21,5,13,13,136
E00073798,10,20,19,23,21,19,20,14,14,160
E00073799,16,22,13,19,25,22,15,14,29,175
E00073800,16,8,8,8,12,4,9,6,25,96
E00073801,14,20,20,20,21,11,22,11,19,158
E00073802,9,28,18,13,18,18,16,13,21,154
E00073803,18,24,20,11,26,12,16,5,15,147
E00073804,14,13,12,14,22,9,7,7,10,108
E00073805,9,13,18,18,23,11,17,17,10,136
E00073806,10,20,13,15,16,11,8,7,9,109
E00073807,16,20,9,14,18,13,11,8,14,123
E00073808,0,18,10,14,19,15,8,9,13,106
E00073809,18,20,24,20,22,10,17,11,8,150
E00073810,14,22,23,25,27,12,12,7,10,152
E00073811,14,26,22,25,21,23,13,16,21,181
E00073812,11,17,20,15,28,14,21,9,14,149
E00073813,16,25,14,25,30,18,11,13,12,164
E00073814,24,35,24,23,29,17,19,14,11,196
E00073815,25,33,26,25,35,15,27,16,24,226
E00073816,5,17,13,19,20,20,16,9,19,138
E00073817,8,21,17,13,29,16,18,22,22,166
E00073818,48,61,19,14,9,13,5,1,5,175
E00073819,26,45,12,10,4,6,3,1,1,108
E00073820,25,57,19,7,3,5,10,1,0,127
E00073821,15,35,17,6,4,5,3,0,8,93
E00073822,30,103,37,12,11,6,7,0,8,214
E00073823,7,41,14,8,9,4,6,4,0,93
E00073824,27,87,21,13,5,8,5,0,0,166
E00073825,27,76,35,13,2,10,16,4,7,190
E00073826,35,55,27,13,8,9,8,4,13,172
E00073827,45,97,29,20,5,9,8,6,7,226
E00073828,25,66,28,10,0,8,6,0,8,151
E00073829,23,61,29,10,7,7,5,1,11,154
E00073830,19,90,34,14,7,10,14,7,8,203
E00073831,16,90,22,10,4,7,6,0,3,158
E00073832,24,57,21,11,8,3,7,5,4,140
E00073833,26,69,33,20,8,8,11,0,6,181
E00073834,29,45,12,8,7,6,3,2,7,119
E00073835,33,63,26,4,8,6,7,1,2,150
E00073836,11,38,6,6,2,1,0,2,3,69
E00073837,24,42,16,13,8,10,2,6,3,124
E00073838,29,72,28,13,7,2,5,2,0,158
E00073839,34,78,20,10,2,6,4,1,1,156
E00073840,42,76,15,10,0,5,0,2,0,150
E00073841,31,54,20,9,0,6,1,2,5,128
E00073842,33,75,18,19,8,12,6,1,8,180
E00073843,29,61,28,14,9,10,9,1,8,169
E00073844,21,69,26,9,7,5,3,0,7,147
E00073845,27,58,22,9,5,9,0,3,6,139
E00073846,13,48,16,13,7,9,8,5,5,124
E00073847,28,56,27,15,6,15,8,1,9,165
E00073848,27,77,35,9,9,9,10,1,4,181
E00073849,38,83,28,15,5,9,7,5,9,199
E00073850,25,68,11,10,3,0,4,1,2,124
E00073851,19,64,16,13,3,7,6,1,8,137
E00073852,5,29,17,8,10,16,15,16,27,143
E00073853,12,52,29,23,13,21,7,10,13,180
E00073854,23,44,27,4,15,10,12,17,7,159
E00073855,12,23,16,20,14,12,9,9,15,130
E00073856,19,37,16,18,26,18,14,13,17,178
E00073857,13,57,25,16,17,26,22,16,18,210
E00073858,19,22,19,13,14,15,8,7,24,141
E00073859,32,86,59,25,22,34,19,20,36,333
E00073860,0,5,3,0,0,8,7,5,12,40
E00073861,16,46,36,24,16,21,17,15,16,207
E00073862,29,53,39,23,32,33,35,26,40,310
E00073864,32,60,33,36,38,28,19,13,20,279
E00073865,24,31,30,19,25,10,14,8,14,175
E00073866,18,45,32,18,17,12,15,10,20,187
E00073867,19,44,24,13,21,15,8,8,11,163
E00073868,15,44,33,19,14,11,8,5,9,158
E00073869,15,39,22,9,19,19,13,9,12,157
E00073870,14,35,28,13,20,26,8,14,15,173
E00073871,4,11,7,7,12,20,14,12,21,108
E00073872,13,51,15,24,25,20,9,23,27,207
E00073873,12,31,18,8,19,19,17,14,29,167
E00073874,18,25,5,11,12,25,19,16,26,157
E00073875,24,46,31,14,15,21,15,17,28,211
E00073876,14,16,18,16,18,15,11,15,25,148
E00073877,17,39,31,12,30,17,11,16,32,205
E00073878,12,10,8,12,17,16,12,15,13,115
E00073879,15,24,16,14,21,19,10,17,37,173
E00073880,14,23,10,17,24,31,18,15,27,179
E00073881,24,39,23,12,21,15,14,31,17,196
E00073882,15,33,22,17,15,18,13,18,24,175
E00073883,9,23,12,14,12,17,19,21,20,147
E00073884,9,22,24,13,14,19,16,9,21,147
E00073885,12,21,15,10,25,25,12,23,18,161
E00073886,28,39,26,19,23,23,9,8,25,200
E00073887,20,36,18,13,19,15,15,27,36,199
E00073888,9,36,13,16,24,24,17,14,35,188
E00073889,12,22,20,8,14,17,11,15,23,142
E00073890,12,15,15,13,16,18,16,16,19,140
E00073891,13,24,22,11,26,17,21,18,27,179
E00073892,15,52,24,17,9,14,8,5,16,160
E00073893,32,72,42,9,12,5,10,2,9,193
E00073894,24,86,44,8,16,12,17,10,19,236
E00073895,11,52,27,14,16,12,9,8,16,165
E00073896,3,33,13,15,10,16,11,14,21,136
E00073897,19,69,33,20,16,15,23,7,18,220
E00073898,20,47,25,19,20,17,14,10,33,205
E00073899,19,60,21,18,17,24,10,8,30,207
E00073900,24,75,28,23,16,13,11,4,11,205
E00073901,18,69,43,22,15,11,16,11,30,235
E00073902,11,70,23,21,6,6,22,6,20,185
E00073904,15,72,27,25,18,15,15,14,24,225
E00073905,30,117,66,33,20,23,25,12,34,360
E00073906,19,52,24,16,10,11,3,7,14,156
E00073907,37,66,34,20,11,7,5,2,9,191
E00073908,5,25,18,17,14,20,10,6,33,148
E00073909,5,20,15,11,5,20,15,6,19,116
E00073910,7,24,19,5,4,21,7,9,19,115
E00073911,22,64,18,22,6,6,11,3,9,161
E00073912,15,76,27,17,11,16,17,8,34,221
E00073913,6,69,23,19,10,10,8,13,14,172
E00073914,23,83,29,14,12,11,15,3,9,199
E00073915,18,66,32,10,12,23,31,5,36,233
E00073916,26,66,17,16,12,8,8,1,5,159
E00073917,16,84,31,7,7,4,6,3,10,168
E00073918,26,42,19,17,16,6,9,1,9,145
E00073919,20,44,21,22,14,19,13,17,28,198
E00073921,3,22,16,9,9,15,6,7,12,99
E00073922,23,70,25,12,12,8,15,8,19,192
E00073923,19,57,25,22,7,21,12,7,25,195
E00073925,11,70,28,19,19,21,15,12,32,227
E00073926,18,74,37,15,22,31,14,10,25,246
E00073927,18,61,33,17,15,11,8,10,20,193
E00073928,17,73,28,12,18,8,25,4,24,209
E00073929,19,41,21,15,15,10,8,7,19,155
E00073930,16,30,23,9,14,12,5,13,13,135
E00073931,20,24,16,13,13,14,9,10,19,138
E00073932,20,31,20,14,18,14,12,9,23,161
E00073933,6,13,8,9,11,9,6,10,16,88
E00073934,17,33,13,8,19,12,8,12,15,137
E00073935,17,18,18,10,27,18,21,6,31,166
E00073936,4,18,7,12,5,10,6,7,18,87
E00073937,11,20,3,15,12,20,10,23,36,150
E00073938,5,7,5,14,5,19,11,10,23,99
E00073939,14,17,7,22,18,28,18,33,35,192
E00073940,4,13,7,7,11,13,7,11,26,99
E00073941,16,22,5,15,10,20,23,20,41,172
E00073942,7,7,0,10,16,20,9,16,28,113
E00073943,8,18,11,15,17,22,7,27,39,164
E00073944,9,8,5,9,4,16,7,15,25,98
E00073945,10,17,15,4,10,13,11,19,40,139
E00073946,9,31,13,8,15,22,13,15,41,167
E00073947,7,6,24,10,12,23,15,22,39,158
E00073948,7,12,7,14,7,15,14,16,29,121
E00073949,3,12,8,0,10,12,7,12,23,87
E00073950,8,6,8,9,10,14,6,21,38,120
E00073951,3,12,3,9,12,18,8,12,23,100
E00073952,8,31,20,11,4,15,5,9,11,114
E00073953,14,17,9,9,13,11,13,16,35,137
E00073954,7,11,8,9,9,17,11,14,19,105
E00073955,39,57,13,14,9,6,9,2,2,151
E00073956,19,51,13,6,7,17,3,8,13,137
E00073957,24,31,16,8,11,8,8,6,9,121
E00073958,17,47,18,17,10,12,8,11,17,157
E00073959,17,70,20,19,15,10,10,9,11,181
E00073960,38,52,14,18,5,3,7,1,2,140
E00073961,9,27,19,12,13,16,17,10,29,152
E00073962,26,41,18,14,9,16,12,11,15,162
E00073963,21,52,29,21,19,21,5,11,16,195
E00073964,10,28,13,15,23,30,21,11,19,170
E00073965,10,22,24,22,24,18,17,13,18,168
E00073966,9,15,12,12,16,11,10,8,23,116
E00073967,27,82,37,16,11,10,10,6,0,199
E00073968,20,75,31,13,14,11,12,5,6,187
E00073969,18,59,40,23,13,8,12,11,25,209
E00073970,25,72,23,17,12,6,7,7,7,176
E00073971,25,80,34,13,7,13,10,3,6,191
E00073972,28,63,32,15,11,4,11,4,21,189
E00073973,25,66,28,17,16,12,7,13,16,200
E00073974,27,79,44,20,19,12,11,11,14,237
E00073975,21,67,24,16,8,18,6,0,13,173
E00073976,22,55,26,16,14,10,8,6,9,166
E00073977,32,83,44,24,17,13,17,6,15,251
E00073978,34,68,29,8,16,9,6,5,11,186
E00073979,33,60,32,6,15,12,11,6,7,182
E00073980,19,41,33,19,21,12,9,10,9,173
E00073981,14,22,16,9,16,20,10,17,29,153
E00073982,21,26,16,15,21,10,7,5,18,139
E00073983,25,53,30,21,19,9,8,10,12,187
E00073984,22,63,38,21,12,15,10,2,8,191
E00073985,14,25,8,15,20,24,8,9,18,141
E00073986,17,53,29,23,14,18,11,10,19,194
E00073987,16,32,26,14,19,20,11,15,19,172
E00073988,11,24,23,15,16,11,21,15,21,157
E00073989,20,30,31,10,25,19,16,22,22,195
E00073990,15,27,24,21,23,25,14,15,30,194
E00073991,27,56,34,14,19,17,22,11,22,222
E00073992,12,24,21,19,27,15,8,14,26,166
E00073993,10,31,17,13,23,16,12,12,33,167
E00073994,14,18,24,14,16,22,16,18,18,160
E00073995,7,29,14,14,22,15,9,24,31,165
E00073996,19,33,28,27,16,21,12,18,19,193
E00073997,7,14,17,12,9,14,8,6,8,95
E00073998,5,12,15,10,31,23,16,13,39,164
E00073999,9,20,11,7,19,26,17,20,27,156
E00074000,15,24,21,19,16,16,8,15,21,155
E00074001,17,41,23,13,11,22,9,10,27,173
E00074002,11,53,20,18,7,10,12,4,18,153
E00074003,13,43,41,22,21,32,20,19,49,260
E00074006,6,12,15,12,8,27,8,18,42,148
E00074007,9,80,26,24,19,10,7,3,10,188
E00074008,6,26,9,13,11,7,12,8,12,104
E00074009,6,24,14,14,12,21,18,16,46,171
E00074010,8,11,16,10,6,37,5,17,47,157
E00074011,9,26,14,6,17,15,9,9,26,131
E00074012,6,18,21,6,10,11,1,10,17,100
E00074013,15,27,30,13,16,18,18,17,27,181
E00074014,19,68,27,9,23,19,12,8,29,214
E00074016,7,21,18,8,12,15,10,20,32,143
E00074018,16,70,42,12,24,30,22,17,21,254
E00074019,5,12,7,0,7,16,17,31,32,127
E00074020,25,59,40,16,26,25,13,14,44,262
E00074021,8,21,9,8,8,18,18,19,32,141
E00074022,26,37,49,9,23,23,10,17,29,223
E00074023,14,28,16,22,28,23,22,15,59,227
E00074024,15,37,20,18,20,20,21,24,36,211
E00074025,12,25,20,10,17,26,21,18,49,198
E00074026,25,45,28,27,22,19,23,21,29,239
E00074027,3,9,11,4,1,15,11,16,35,105
E00074028,11,24,9,11,9,15,16,22,34,151
E00074029,5,11,6,10,13,18,12,29,47,151
E00074030,0,3,0,4,6,10,1,6,22,52
E00074032,0,6,11,3,11,14,6,16,38,105
E00074033,3,14,7,5,8,18,14,28,44,141
E00074034,7,17,15,9,10,15,14,23,36,146
E00074037,1,14,6,0,1,8,5,17,24,76
E00074038,5,8,5,4,1,10,6,13,26,78
E00074041,5,20,18,8,5,23,11,12,31,133
E00074042,2,7,7,9,5,11,9,17,19,86
E00074045,10,37,8,15,13,18,18,16,18,153
E00074046,14,51,23,20,23,21,24,11,31,218
E00074047,7,12,18,19,13,13,14,6,22,124
E00074048,13,54,23,15,10,16,14,6,9,160
E00074049,15,30,11,15,15,21,19,15,23,164
E00074050,9,22,10,12,4,18,5,4,13,97
E00074051,24,71,41,19,25,15,14,10,12,231
E00074052,16,53,32,13,21,12,7,7,11,172
E00074053,15,46,44,22,17,20,15,22,26,227
E00074054,13,27,25,11,20,21,25,18,23,183
E00074055,24,59,35,29,22,21,22,21,40,273
E00074056,18,44,38,13,18,18,14,22,22,207
E00074057,19,45,26,12,18,15,22,20,21,198
E00074058,14,64,39,17,22,29,13,16,27,241
E00074060,13,40,21,19,16,13,16,12,31,181
E00074061,8,43,27,29,14,23,13,12,24,193
E00074062,9,39,22,10,13,16,15,17,33,174
E00074063,12,31,15,7,14,15,18,8,37,157
E00074064,10,37,22,12,18,22,10,9,27,167
E00074065,9,23,14,14,15,15,12,16,22,140
E00074066,9,29,24,6,7,21,11,19,25,151
E00074067,10,36,13,11,13,19,12,11,30,155
E00074068,0,18,17,11,12,14,8,11,33,124
E00074069,11,24,27,9,9,16,14,8,23,141
E00074070,3,12,18,7,9,12,10,6,19,96
E00074071,5,10,8,5,5,18,3,0,10,64
E00074072,5,33,19,26,20,17,21,14,27,182
E00074073,15,36,22,20,19,12,12,8,15,159
E00074074,8,19,12,15,14,23,18,19,23,151
E00074075,16,48,31,16,12,9,15,7,16,170
E00074076,14,27,23,18,17,15,18,10,28,170
E00074077,11,26,19,9,22,28,23,12,27,177
E00074078,7,78,32,14,11,12,11,3,16,184
E00074079,30,86,33,13,5,12,9,2,7,197
E00074080,19,74,34,11,9,5,6,1,6,165
E00074081,57,131,51,15,10,10,10,6,4,294
E00074082,22,68,27,17,11,10,9,7,9,180
E00074083,31,76,22,4,6,8,0,7,8,162
E00074084,19,59,37,8,13,14,8,1,5,164
E00074085,16,48,24,9,8,10,6,1,4,126
E00074086,24,85,26,11,5,5,6,1,10,173
E00074087,31,102,27,9,6,8,4,1,9,197
E00074088,27,89,58,22,16,16,14,7,27,276
E00074089,28,102,28,14,10,10,10,0,13,215
E00074090,14,87,26,11,14,8,11,2,10,183
E00074091,22,63,26,21,6,5,8,1,4,156
E00074092,12,71,33,16,8,7,13,0,10,170
E00074093,30,84,23,19,9,12,6,3,5,191
E00074094,29,89,25,19,5,9,7,2,1,186
E00074095,35,78,28,15,12,9,9,3,14,203
E00074096,26,75,28,12,6,12,6,5,9,179
E00074097,31,84,24,11,5,6,6,0,7,174
E00074098,26,71,29,16,4,13,6,3,5,173
E00074099,30,66,37,16,5,5,6,0,3,168
E00074100,17,88,33,14,3,3,7,5,6,176
E00074101,22,63,40,11,8,3,7,3,10,167
E00074102,21,57,27,8,7,6,9,1,5,141
E00074103,37,81,39,21,7,11,8,2,14,220
E00074104,11,79,34,21,10,17,18,1,13,204
E00074105,21,96,31,17,0,16,9,3,4,197
E00074106,27,75,24,12,5,14,4,1,6,168
E00074107,20,42,18,9,5,2,3,0,3,102
E00074108,20,78,34,21,7,11,8,1,12,192
E00074109,27,120,41,15,4,7,11,3,7,235
E00074110,30,92,25,13,5,9,5,6,5,190
E00074111,19,65,30,13,3,11,6,3,9,159
E00074112,12,81,35,11,3,9,11,9,10,181
E00074113,20,79,31,12,8,8,9,1,5,173
E00074114,14,94,50,15,11,9,7,2,6,208
E00074115,5,28,18,20,28,21,25,23,29,197
E00074116,21,40,39,35,27,25,19,19,34,259
E00074117,18,50,31,18,16,16,12,17,11,189
E00074118,6,23,26,21,23,16,13,11,18,157
E00074119,22,42,36,22,31,38,26,25,22,264
E00074120,22,46,30,26,36,24,8,11,26,229
E00074121,19,25,20,19,28,20,17,17,24,189
E00074122,11,20,14,13,8,11,4,11,21,113
E00074123,9,30,12,20,17,14,10,9,20,141
E00074124,13,36,18,24,19,20,11,10,17,168
E00074125,20,28,22,26,36,21,13,6,23,195
E00074126,21,46,29,21,17,19,15,11,20,199
E00074127,13,39,20,17,15,11,13,19,12,159
E00074128,10,38,26,23,29,15,5,11,13,170
E00074129,15,21,22,18,28,11,19,9,20,163
E00074130,26,27,33,22,31,11,17,11,16,194
E00074131,28,64,36,26,27,13,17,12,12,235
E00074132,14,20,20,20,26,17,7,7,9,140
E00074133,19,35,25,15,16,20,10,6,8,154
E00074134,15,28,27,17,24,17,8,12,14,162
E00074135,17,33,40,31,18,27,13,10,23,212
E00074136,21,29,26,30,18,16,13,14,11,178
E00074137,15,53,35,19,16,12,12,21,27,210
E00074138,15,29,16,15,23,19,13,19,12,161
E00074139,26,62,37,13,19,18,12,15,15,217
E00074140,11,27,17,18,19,17,6,9,17,141
E00074141,14,26,18,21,31,17,20,9,15,171
E00074142,19,47,21,26,22,12,10,17,15,189
E00074143,10,39,26,25,25,13,19,16,22,195
E00074144,26,36,28,13,21,14,8,16,10,172
E00074145,18,33,17,20,27,10,19,14,6,164
E00074146,22,37,23,18,26,16,13,9,11,175
E00074147,21,44,40,26,28,26,27,18,31,261
E00074148,17,36,31,16,27,14,10,22,19,192
E00074149,19,42,23,38,32,21,18,16,29,238
E00074150,4,19,8,9,13,25,14,7,20,119
E00074151,12,27,24,19,20,29,13,15,27,186
E00074152,10,20,13,14,18,19,11,14,14,133
E00074153,10,35,23,19,15,18,14,12,16,162
E00074154,11,43,19,14,18,23,12,8,20,168
E00074155,16,45,31,20,16,16,15,8,20,187
E00074156,6,33,26,15,19,14,18,10,27,168
E00074157,14,25,21,18,21,19,12,13,12,155
E00074158,30,39,32,15,19,17,7,13,7,179
E00074159,9,21,20,14,14,30,12,16,33,169
E00074160,12,31,22,26,20,19,13,14,17,174
E00074161,28,79,35,19,17,23,8,22,16,247
E00074162,4,22,7,10,19,20,13,15,26,136
E00074163,15,20,22,19,16,16,13,15,23,159
E00074164,10,46,23,21,24,14,7,8,15,168
E00074165,19,21,12,13,28,24,12,19,29,177
E00074166,19,55,47,31,19,18,22,18,21,250
E00074167,8,24,14,15,14,14,11,14,12,126
E00074168,27,46,31,6,10,12,10,11,16,169
E00074169,26,86,36,12,11,14,9,3,8,205
E00074170,14,57,37,21,21,18,12,19,21,220
E00074171,15,38,31,19,12,11,6,13,20,165
E00074172,15,27,24,24,20,13,15,15,30,183
E00074173,16,60,38,19,17,20,17,11,14,212
E00074174,22,81,48,34,21,24,17,17,28,292
E00074175,23,49,32,29,19,28,12,24,19,235
E00074176,17,57,35,16,30,16,8,12,14,205
E00074177,14,31,22,17,12,13,13,13,16,151
E00074178,23,55,44,12,23,11,12,10,13,203
E00074179,23,37,26,19,14,17,10,12,21,179
E00074180,13,49,39,22,27,25,18,19,27,239
E00074181,22,57,48,20,14,24,7,15,27,234
E00074182,8,14,7,8,7,14,3,5,25,91
E00074183,27,41,31,10,13,10,6,3,12,153
E00074184,25,40,26,22,19,11,9,6,11,169
E00074185,23,73,34,10,21,9,5,10,8,193
E00074186,28,66,30,21,27,12,14,19,25,242
E00074187,14,56,38,12,11,7,19,7,22,186
E00074188,10,43,33,7,12,18,11,2,11,147
E00074189,18,53,30,15,17,23,8,11,9,184
E00074190,23,53,26,16,36,18,7,6,20,205
E00074191,16,44,41,22,24,15,14,16,33,225
E00074193,10,8,3,11,19,24,17,15,35,142
E00074194,6,21,7,8,14,12,6,6,11,91
E00074195,8,36,28,17,18,15,12,11,24,169
E00074197,9,23,10,9,6,14,7,8,22,108
E00074198,14,28,9,12,13,20,12,22,36,166
E00074199,10,32,13,20,11,31,9,19,46,191
E00074200,12,25,10,14,19,17,9,19,27,152
E00074201,22,39,15,19,26,33,19,16,44,233
E00074202,12,43,17,11,20,29,16,25,41,214
E00074203,4,9,3,7,5,16,10,6,13,73
E00074204,12,48,25,27,20,43,25,22,41,263
E00074205,6,25,13,9,16,20,14,10,28,141
E00074206,11,14,11,12,11,24,11,15,22,131
E00074207,5,22,17,18,23,31,17,15,39,187
E00074208,14,27,11,12,19,23,18,13,30,167
E00074209,18,35,16,13,13,22,17,15,41,190
E00074210,3,14,5,10,19,21,21,21,40,154
E00074211,5,15,15,11,19,27,16,19,49,176
E00074212,24,41,16,22,16,14,8,11,24,176
E00074213,13,25,17,10,17,12,6,4,13,117
E00074214,8,49,19,20,21,29,14,19,49,228
E00074215,12,20,4,10,19,16,17,18,57,173
E00074216,10,18,7,12,11,18,10,21,41,148
E00074217,7,20,10,15,20,16,14,16,31,149
E00074218,5,15,11,8,18,27,11,6,36,137
E00074219,14,38,19,18,30,34,8,21,31,213
E00074220,17,39,23,19,21,24,18,26,50,237
E00074221,7,22,9,9,14,26,9,13,39,148
E00074222,9,26,21,9,7,11,8,7,9,107
E00074223,11,22,17,21,14,11,9,14,20,139
E00074224,16,25,16,18,16,10,10,8,8,127
E00074225,12,39,20,17,16,14,8,6,15,147
E00074226,19,23,19,22,15,18,12,21,13,162
E00074227,11,20,11,15,18,17,10,11,28,141
E00074228,26,97,57,23,15,6,10,5,8,247
E00074229,8,23,20,16,13,19,10,15,20,144
E00074230,31,116,52,11,17,15,16,9,23,290
E00074231,24,77,42,14,11,11,6,0,16,201
E00074232,0,7,5,0,4,12,8,12,12,60
E00074233,6,11,9,6,2,19,9,9,27,98
E00074234,22,62,25,11,14,5,12,6,5,162
E00074235,11,27,21,14,11,6,9,5,24,128
E00074236,12,101,45,21,9,9,10,5,14,226
E00074237,35,110,60,19,18,15,10,11,23,301
E00074238,23,69,39,17,15,7,10,4,13,197
E00074240,23,70,55,13,18,14,19,9,29,250
E00074241,43,81,43,17,10,6,4,4,9,217
E00074243,26,91,40,24,11,8,10,9,7,226
E00074244,32,97,52,16,16,15,18,10,21,277
E00074245,26,75,32,17,6,10,9,8,6,189
E00074246,30,100,38,15,5,5,6,1,9,209
E00074247,30,103,58,20,13,14,12,4,14,268
E00074248,32,84,32,19,11,7,8,6,6,205
E00074250,28,67,46,7,12,8,10,2,5,185
E00074251,32,82,39,14,8,13,14,2,14,218
E00074252,18,72,43,18,20,13,14,3,6,207
E00074253,17,81,37,10,12,18,12,7,17,211
E00074254,7,52,23,13,14,10,9,11,14,153
E00074255,2,1,3,0,3,11,5,8,10,43
E00074256,25,72,40,13,18,12,6,3,9,198
E00074257,21,93,50,17,15,10,16,9,6,237
E00074258,46,126,81,29,17,11,19,10,16,355
E00074259,6,18,16,3,6,13,12,10,23,107
E00074260,31,58,27,15,9,18,9,5,16,188
E00074261,25,68,32,23,19,13,14,6,10,210
E00074262,17,38,39,25,25,14,4,10,17,189
E00074263,22,78,47,18,5,16,15,5,21,227
E00074264,19,116,44,15,9,12,12,5,21,253
E00074265,27,95,31,22,13,16,13,6,9,232
E00074266,9,21,18,18,26,12,8,9,12,133
E00074267,22,28,5,15,12,8,9,5,15,119
E00074268,17,32,15,19,24,21,17,15,20,180
E00074269,9,20,10,16,27,16,8,8,11,125
E00074270,16,15,24,25,33,21,10,10,7,161
E00074271,7,11,8,8,13,9,8,5,8,77
E00074272,8,13,8,11,17,17,16,11,22,123
E00074273,15,21,17,16,29,23,15,16,17,169
E00074274,12,10,16,12,16,17,13,11,17,124
E00074275,30,38,28,32,28,20,13,12,14,215
E00074276,13,12,14,29,38,18,15,10,26,175
E00074277,15,19,19,23,27,24,19,14,20,180
E00074278,15,21,16,18,25,16,14,12,13,150
E00074279,24,41,23,36,40,24,15,5,19,227
E00074280,17,17,16,18,18,17,11,11,14,139
E00074281,20,17,21,18,20,7,9,5,12,129
E00074282,20,21,16,28,30,22,20,16,21,194
E00074283,13,20,19,19,23,15,10,8,17,144
E00074284,4,13,10,14,13,8,7,5,15,89
E00074285,10,18,14,26,22,10,12,15,23,150
E00074286,4,20,17,12,14,20,9,11,11,118
E00074287,10,14,12,15,20,13,9,8,19,120
E00074288,17,33,35,23,30,29,15,20,20,222
E00074289,8,19,21,17,24,13,16,8,22,148
E00074290,11,11,9,17,18,19,22,12,16,135
E00074291,10,12,11,18,12,17,16,7,21,124
E00074292,15,14,24,18,27,19,17,9,11,154
E00074293,20,16,15,30,23,14,16,15,16,165
E00074294,4,20,10,6,7,10,7,11,13,88
E00074295,13,13,17,13,25,22,19,17,24,163
E00074296,18,32,19,31,21,24,9,9,9,172
E00074297,39,37,31,29,18,21,20,12,14,221
E00074298,7,19,13,12,15,19,10,12,23,130
E00074299,13,12,17,14,24,25,13,6,18,142
E00074300,27,38,22,27,25,18,10,15,13,195
E00074301,39,51,21,19,3,0,6,0,4,143
E00074302,15,44,22,13,8,12,5,7,15,141
E00074303,27,42,13,12,4,8,5,3,0,114
E00074304,38,44,21,12,3,5,4,3,1,131
E00074306,22,56,8,9,6,3,5,1,1,111
E00074307,44,45,25,17,2,5,6,1,4,149
E00074308,27,41,16,10,7,3,1,1,4,110
E00074309,46,41,17,14,4,6,2,1,3,134
E00074310,27,45,17,8,4,10,5,2,1,119
E00074311,19,35,8,7,7,4,0,2,3,85
E00074312,25,56,29,8,6,0,6,3,4,137
E00074314,31,59,36,11,3,1,0,2,6,149
E00074315,24,59,16,11,0,4,2,0,0,116
E00074316,36,71,25,12,5,7,8,4,1,169
E00074317,31,60,20,13,7,3,6,3,2,145
E00074318,24,39,18,6,6,6,4,2,2,107
E00074319,31,67,15,16,12,5,4,0,4,154
E00074320,38,54,17,7,4,12,4,4,7,147
E00074321,43,62,22,11,5,6,3,6,7,165
E00074322,38,77,18,5,8,7,1,6,6,166
E00074323,36,60,10,21,6,4,6,1,1,145
E00074324,42,65,18,7,6,7,9,0,6,160
E00074325,22,39,20,8,0,8,0,7,16,120
E00074326,21,44,11,7,4,7,9,1,2,106
E00074327,4,7,5,1,0,0,0,0,1,18
E00074328,17,48,30,12,8,8,5,5,5,138
E00074329,29,79,23,16,0,5,1,1,3,157
E00074330,15,36,8,13,3,1,7,2,6,91
E00074331,27,73,18,9,4,10,11,2,2,156
E00074332,29,57,27,14,9,8,6,4,7,161
E00074333,22,60,32,13,7,7,4,2,5,152
E00074334,23,49,18,13,8,9,7,2,11,140
E00074335,32,57,29,12,4,11,5,4,7,161
E00074336,19,44,25,11,3,1,7,5,3,118
E00074337,24,44,19,13,6,6,1,7,8,128
E00074338,39,60,19,9,8,4,4,1,3,147
E00074339,20,54,20,6,9,7,6,2,8,132
E00074340,28,66,26,13,12,13,10,6,6,180
E00074341,21,63,23,11,12,13,8,2,8,161
E00074342,32,55,25,10,6,7,6,0,1,142
E00074343,11,30,18,8,9,16,9,10,9,120
E00074344,13,31,16,9,5,9,4,2,8,97
E00074345,37,44,18,9,6,9,4,1,2,130
E00074346,22,51,21,8,11,16,7,5,10,151
E00074347,25,58,28,12,10,8,7,0,4,152
E00074348,5,22,12,8,6,10,4,6,9,82
E00074349,26,50,25,11,5,9,14,5,5,150
E00074350,21,47,23,10,11,11,12,5,5,145
E00074351,19,45,13,11,9,11,7,7,6,128
E00074352,26,75,14,15,1,10,4,0,7,152
E00074353,30,80,23,8,3,3,0,1,4,152
E00074354,32,61,26,10,6,8,6,5,0,154
E00074355,27,62,27,6,5,7,7,1,5,147
E00074356,32,68,19,13,6,3,3,0,1,145
E00074357,30,47,16,12,7,6,9,4,14,145
E00074358,39,58,22,5,4,7,7,3,0,145
E00074359,26,47,16,14,0,5,1,6,1,116
E00074360,26,64,25,13,3,0,8,1,9,149
E00074361,31,63,25,19,2,9,0,5,10,164
E00074362,37,59,23,17,9,4,7,1,9,166
E00074363,18,21,25,18,21,18,7,10,18,156
E00074364,14,8,9,6,16,23,19,15,25,135
E00074365,17,18,16,25,25,12,8,5,5,131
E00074366,5,16,10,19,34,19,13,23,34,173
E00074367,8,8,9,14,23,24,27,15,31,159
E00074368,16,20,21,20,29,17,11,21,20,175
E00074369,11,9,12,12,27,16,5,11,24,127
E00074371,10,9,5,13,15,16,2,11,18,99
E00074372,6,8,9,8,12,17,14,9,32,115
E00074373,10,13,24,36,32,15,15,20,25,190
E00074374,6,7,4,5,18,18,15,9,35,117
E00074375,9,4,9,8,18,19,22,17,38,144
E00074376,18,19,14,22,32,11,21,19,17,173
E00074377,8,10,15,17,20,27,11,15,38,161
E00074378,18,19,20,23,25,5,10,12,15,147
E00074379,14,25,7,18,24,19,8,13,13,141
E00074380,29,24,18,18,29,9,9,5,9,150
E00074381,10,19,16,16,18,20,8,13,12,132
E00074382,26,20,7,25,29,9,16,7,12,151
E00074383,8,9,10,8,22,13,10,7,21,108
E00074384,4,7,5,10,15,19,16,14,28,118
E00074385,8,9,11,10,17,18,14,11,26,124
E00074386,14,32,20,17,22,11,14,10,9,149
E00074387,8,8,11,13,18,15,12,11,21,117
E00074388,15,17,15,21,15,7,10,10,9,119
E00074389,7,8,7,14,19,9,20,11,26,121
E00074390,6,3,2,3,4,13,1,0,9,41
E00074391,6,2,6,7,14,9,4,9,17,74
E00074392,8,6,12,7,18,22,9,15,24,121
E00074393,6,6,10,6,9,19,16,12,28,112
E00074394,0,10,9,5,14,16,11,9,18,92
E00074395,5,7,8,14,19,21,12,12,23,121
E00074396,22,20,31,28,31,15,11,7,16,181
E00074397,6,10,12,14,22,15,16,13,23,131
E00074398,14,21,18,20,32,16,14,15,23,173
E00074399,24,92,49,19,9,16,7,4,10,230
E00074400,27,35,37,26,17,31,19,19,35,246
E00074401,40,105,65,20,9,12,9,10,8,278
E00074402,20,99,60,18,17,9,11,3,7,244
E00074403,29,101,64,26,21,13,21,0,19,294
E00074404,24,70,44,12,12,12,6,11,13,204
E00074405,25,49,36,28,30,22,16,15,19,240
E00074406,13,34,36,16,23,23,12,17,25,199
E00074407,22,79,52,22,28,24,15,20,17,279
E00074408,19,61,45,17,16,19,17,18,28,240
E00074411,35,100,53,27,28,20,32,17,35,347
E00074412,11,23,10,8,10,12,16,10,30,130
E00074413,15,69,40,25,29,11,14,13,17,233
E00074414,15,66,43,22,9,10,9,6,11,191
E00074415,14,89,46,12,14,9,6,4,10,204
E00074416,22,79,59,15,16,6,4,6,10,217
E00074417,18,86,44,16,18,16,6,6,12,222
E00074418,14,63,30,18,9,14,12,4,7,171
E00074419,25,84,37,15,6,10,7,8,10,202
E00074420,25,87,56,16,17,10,11,6,13,241
E00074421,19,56,36,16,11,17,11,6,17,189
E00074422,15,37,28,16,14,14,19,6,14,163
E00074423,30,82,42,18,14,12,4,6,11,219
E00074424,14,62,39,11,10,9,13,3,14,175
E00074425,30,62,34,13,13,14,10,1,9,186
E00074426,30,71,37,22,12,8,3,7,10,200
E00074427,13,79,40,15,8,11,12,9,23,210
E00074428,33,85,50,10,12,8,11,3,7,219
E00074429,10,78,36,17,12,17,5,11,8,194
E00074430,25,62,40,16,15,9,17,10,18,212
E00074431,40,92,52,22,13,8,15,14,22,278
E00074432,27,84,53,20,13,9,12,1,19,238
E00074433,35,87,37,13,4,7,5,7,3,198
E00074434,12,50,24,6,11,13,12,10,20,158
E00074435,26,69,35,15,14,15,13,8,10,205
E00074436,26,70,41,31,11,13,14,9,12,227
E00074437,22,75,59,26,10,9,17,9,15,242
E00074438,32,73,33,23,13,11,11,4,18,218
E00074439,5,23,13,8,6,8,6,9,19,97
E00165771,6,48,23,6,11,22,18,6,37,177
E00165772,7,31,16,11,3,8,5,3,2,86
E00174043,8,41,34,9,5,6,22,1,11,137
E00174044,16,34,29,10,19,22,23,10,29,192
E00174046,11,49,27,14,3,12,10,3,14,143
E00174053,9,59,24,20,7,15,15,9,31,189
E00174058,13,40,31,11,10,21,11,8,25,170
E00174214,15,34,32,12,4,13,12,5,26,153
E00174215,6,28,23,6,9,19,14,8,27,140
E00174218,21,121,38,18,11,21,13,3,24,270
E00174220,13,31,8,7,1,0,1,1,0,62
E00174221,10,62,18,12,1,11,5,7,4,130
E00174225,12,39,21,7,7,8,8,0,10,112
E00174226,13,64,38,14,4,12,15,7,18,185
E00174228,7,39,16,15,16,15,10,8,20,146
E00174229,9,43,31,21,32,18,20,14,38,226
E00174231,11,33,22,14,4,9,21,4,14,132
E00174232,17,69,43,23,11,19,17,3,26,228
E00174234,25,87,49,27,16,17,21,10,29,281
E00174237,8,49,22,19,9,18,21,18,18,182
E00174239,6,8,4,2,5,5,5,5,10,50
E00174243,13,82,34,16,5,4,9,5,12,180
E00174245,19,39,13,8,5,4,1,2,6,97
E00174246,5,24,15,7,7,13,12,10,21,114
E00174248,6,58,40,14,8,5,8,7,8,154
E00174249,12,50,18,13,11,8,14,7,8,141
E00174251,25,62,43,26,18,25,21,24,46,290
E00174253,13,41,30,16,0,19,8,7,19,153
E00174254,7,12,13,11,6,13,11,6,31,110
E00174256,27,94,41,15,11,6,7,3,3,207
E00174257,20,111,45,32,15,15,9,4,10,261
E00174259,12,39,22,13,16,18,12,12,9,153
E00174260,7,22,12,4,4,8,16,9,21,103
E00174262,14,76,33,21,6,12,13,3,15,193
E00174263,7,54,30,8,5,6,6,3,18,137
E00174273,6,17,15,2,18,23,10,13,40,144
E00174275,24,49,16,3,3,11,4,2,4,116
E00174276,12,53,31,18,14,12,12,17,19,188
E00174277,18,92,36,12,0,8,8,1,5,180
E00174278,36,130,87,34,14,12,13,7,19,352
E00174279,9,36,31,15,3,11,6,3,14,128
E00174280,4,19,16,13,13,8,8,15,13,109
E00174281,16,61,20,11,6,4,8,6,14,146
E00174282,18,85,48,15,14,22,19,16,39,276
E00174283,17,68,17,16,8,10,9,8,12,165
E00174284,14,99,25,15,0,5,6,0,11,175
E00174286,21,66,25,16,16,9,12,3,14,182
E00174287,12,55,30,12,7,14,7,0,11,148
E00174288,8,36,25,16,16,12,11,12,18,154
E00174289,14,43,34,14,20,5,12,4,20,166
E00174290,5,12,10,6,2,12,10,9,32,98
E00174291,25,75,45,17,19,14,14,7,20,236
E00174292,18,72,59,20,8,14,10,8,17,226
E00174293,34,77,39,8,13,9,27,4,28,239
E00174294,16,69,11,14,8,7,10,6,13,154
E00174295,17,67,24,14,6,11,19,13,30,201
E00174296,16,90,34,15,6,15,21,4,17,218
E00174298,7,9,25,4,3,5,13,5,12,83
E00174299,23,98,41,13,4,14,16,8,16,233
E00174300,12,79,41,16,1,10,8,0,11,178
E00174302,7,34,17,5,6,10,5,4,7,95
E00174303,21,62,51,18,7,4,10,1,4,178
E00174304,12,37,15,10,6,7,4,0,10,101
E00174305,4,13,5,0,7,4,11,10,27,81
E00174306,6,16,4,6,6,14,14,8,24,98
E00174307,11,50,19,8,7,7,8,3,8,121
E00174309,25,41,19,5,4,5,1,2,2,104
E00174311,17,63,27,10,6,4,3,0,5,135
E00174312,6,52,16,12,2,9,17,5,15,134
E00174313,10,53,21,10,4,6,10,5,8,127
E00174314,11,12,4,4,0,5,4,3,9,52
E00174315,31,81,34,12,11,18,7,6,15,215
E00174316,10,47,18,6,8,8,12,0,17,126
E00174317,9,49,14,6,5,3,4,1,7,98
E00174318,8,34,13,7,6,5,3,3,4,83
E00174319,6,12,4,4,4,7,7,8,23,75
E00174320,17,29,8,14,10,22,13,12,16,141
E00174321,3,9,8,3,6,13,27,5,31,105
E00174322,6,4,7,3,0,11,5,8,17,61
E00174323,6,16,5,3,6,4,4,1,14,59
E00174324,9,50,19,7,6,17,21,0,12,141
E00174325,26,116,46,13,9,7,26,5,8,256
E00174326,9,30,25,20,17,23,21,19,27,191
E00174327,10,53,31,26,22,21,15,12,25,215
E00174328,1,45,19,17,7,8,10,4,17,128
E00174329,9,46,24,14,10,19,18,9,25,174
E00174331,12,22,7,7,1,3,2,1,2,57
E00174332,14,73,33,6,13,10,8,4,9,170
E00174333,14,85,27,11,7,7,11,0,8,170
E00178043,17,49,33,8,6,6,10,4,15,148
E00178044,10,81,27,8,4,10,14,5,15,174
E00178045,6,60,14,14,6,10,9,6,11,136
E00178046,27,91,53,19,9,22,56,8,38,323
E00178047,21,51,24,12,6,4,4,4,7,133
E00178048,8,66,24,6,5,3,0,3,2,117
E00178049,25,67,39,14,2,11,11,5,7,181
E00178050,1,10,5,6,3,26,7,21,37,116
E00178051,0,12,12,7,5,11,8,14,16,85
E00178052,7,65,35,15,10,7,19,6,19,183
E00178053,41,141,68,20,9,14,6,3,3,305
E00178054,10,42,24,12,7,14,7,5,17,138
E00178055,7,37,17,6,2,3,8,1,4,85
E00178056,15,42,33,18,9,12,28,6,28,191
E00178057,30,110,47,25,17,11,9,10,14,273
E00178058,11,40,17,6,0,3,0,0,6,83
E00178059,18,97,32,16,13,12,6,9,9,212
E00178060,37,137,54,11,2,6,5,6,6,264
E00178061,25,79,58,25,11,14,15,9,8,244
E00178062,11,88,26,16,16,21,19,12,35,244
E00178063,3,10,4,4,0,1,1,0,5,28
E00178064,14,75,19,7,2,12,24,9,31,193
E00178065,13,83,22,15,7,8,0,4,8,160
E00178066,8,71,28,12,5,11,12,7,17,171
E00178067,8,28,6,9,11,9,6,13,13,103
E00178068,6,19,14,6,6,8,9,4,17,89
E00178069,45,157,67,21,7,12,8,3,7,327
E00178070,11,19,14,27,17,9,10,11,11,129
E00178071,8,60,13,8,10,12,12,3,14,140
E00178072,18,103,39,5,5,6,9,2,4,191
E00178073,15,84,25,8,7,5,6,3,1,154
E00178074,33,91,28,9,9,7,6,1,14,198
E00178075,11,31,18,5,5,0,0,0,3,73
E00178076,30,111,43,9,3,8,3,1,9,217
E00178077,19,19,8,0,2,5,4,2,5,64
E00178078,0,4,1,4,2,5,2,12,18,48
E00178079,58,144,53,12,9,12,10,6,5,309
E00178080,5,12,10,9,8,29,17,22,57,169
E00178081,13,15,12,9,2,4,6,0,9,70
E00178082,19,49,34,14,12,7,12,5,21,173
E00178083,21,71,35,13,4,17,11,6,13,191
E00178084,58,138,86,43,30,35,41,12,28,471
E00178085,6,15,8,9,11,7,8,3,9,76
E00178086,39,84,50,20,0,9,12,6,3,223
E00178087,20,43,24,6,14,28,22,12,35,204
E00178088,9,52,25,6,1,1,3,1,6,104
E00178089,5,8,10,0,5,27,7,27,46,135
E00178090,10,36,18,10,5,8,5,0,10,102
E00178091,14,35,21,11,14,23,11,12,19,160
E00178092,12,53,35,25,20,18,16,20,27,226
E00178093,10,70,27,6,6,1,3,1,2,126
E00178094,8,19,15,9,15,10,14,3,9,102
E00178095,10,25,6,13,3,5,14,4,4,84
E00178096,15,29,15,6,11,5,8,2,10,101
E00178097,18,40,13,3,2,0,5,1,4,86
E00178098,13,49,21,13,11,8,9,8,10,142
E00178099,31,39,22,17,9,15,5,1,6,145
E00178100,21,74,22,8,4,6,4,1,8,148
E00178101,13,88,43,12,5,4,11,1,5,182
E00178102,9,21,15,6,21,24,17,18,34,165
E00178103,23,97,38,16,11,7,3,5,3,203
E00178104,10,22,11,6,18,17,18,10,39,151
E00178105,7,38,19,4,3,3,5,0,2,81
E00178106,37,72,15,7,7,1,6,0,11,156
E00178107,15,46,13,12,3,10,7,5,5,116
E00178108,32,86,47,27,11,30,18,10,17,278
E00178109,20,68,24,5,3,1,1,1,2,125
E00178110,19,40,29,12,12,9,5,8,5,139
E00178111,4,35,11,1,3,2,2,4,1,63
E00178112,34,177,44,13,1,6,5,9,8,297
E00178113,6,27,11,10,12,17,12,12,28,135
E00178114,14,84,36,12,10,9,15,4,25,209
E00178115,10,39,31,9,2,7,0,0,4,102
E00178116,0,9,2,2,3,5,4,10,19,54
E00178117,29,123,54,35,21,19,15,11,20,327
E00178118,16,63,34,31,24,19,19,20,17,243
E00178119,7,14,16,18,24,18,11,15,21,144
