Row Labels,Africa,Antarctica and Oceania (including Australasia) and Other,British Overseas,Europe: EU countries: All other EU countries,Europe: EU countries: European Union EU14,Europe: EU countries: European Union EU2,Europe: EU countries: European Union EU8,Europe: Non-EU countries: All other non-EU countries,Europe: United Kingdom,Middle East and Asia,The Americas and the Caribbean,TotalOri
E00073143,0,7,0,0,15,7,9,2,283,13,20,356
E00073145,62,0,0,0,40,0,16,2,255,13,27,415
E00073147,41,1,1,2,31,0,8,1,364,67,21,537
E00073148,26,1,0,0,39,1,10,4,190,8,12,291
E00073150,17,6,0,0,22,0,6,1,350,35,23,460
E00073152,7,0,0,1,16,0,5,3,348,16,11,407
E00073153,20,3,0,2,17,0,7,3,438,13,11,514
E00073154,6,2,2,0,18,0,6,2,329,10,4,379
E00073155,8,5,0,1,20,4,2,2,305,13,4,364
E00073156,10,0,0,1,18,1,6,0,238,4,10,288
E00073157,9,1,1,0,25,0,7,1,354,9,6,413
E00073158,3,1,0,2,21,2,9,4,268,18,16,344
E00073159,6,1,0,0,13,3,10,2,278,7,13,333
E00073160,8,1,0,1,14,1,2,5,337,20,15,404
E00073161,33,1,0,1,21,1,4,2,276,34,14,387
E00073162,9,3,0,0,26,0,11,1,333,5,7,395
E00073163,4,5,0,1,15,0,3,2,294,7,8,339
E00073164,2,1,0,1,10,1,4,1,246,23,7,296
E00073165,3,0,0,2,14,1,4,4,298,9,8,343
E00073166,3,4,0,1,22,0,2,0,239,10,8,289
E00073167,9,1,0,0,26,3,11,1,352,11,12,426
E00073168,11,3,0,2,20,2,11,1,299,20,7,376
E00073169,8,7,1,0,32,2,6,3,382,22,11,474
E00073170,15,6,0,1,35,2,19,7,460,20,11,576
E00073171,47,3,1,0,24,0,4,2,388,32,18,519
E00073172,19,0,0,0,16,2,3,0,246,14,14,314
E00073173,8,3,0,0,10,1,0,0,277,10,14,323
E00073174,6,1,0,0,16,3,3,3,260,8,12,312
E00073176,40,1,0,0,10,3,8,0,257,11,13,343
E00073177,24,3,0,0,14,3,8,1,257,7,28,345
E00073178,24,0,0,0,17,0,3,3,285,12,10,354
E00073179,13,0,0,0,14,2,4,1,273,14,14,335
E00073181,67,6,0,0,16,0,2,2,340,13,47,493
E00073182,16,3,1,0,25,5,8,4,355,18,15,450
E00073183,6,0,0,0,1,3,7,1,296,3,3,320
E00073184,4,1,0,0,8,0,13,1,296,10,3,336
E00073185,1,3,0,0,9,0,36,6,291,5,4,355
E00073186,8,0,0,0,0,6,13,1,259,2,0,289
E00073187,10,1,0,0,13,8,56,7,266,6,1,368
E00073188,5,0,0,0,6,0,9,1,250,6,2,279
E00073189,5,0,0,0,4,0,13,3,281,0,1,307
E00073190,6,0,0,3,12,13,22,3,342,14,2,417
E00073191,4,0,0,0,4,2,13,0,250,11,1,285
E00073192,1,0,0,0,7,4,30,6,228,0,3,279
E00073193,3,1,1,0,6,3,5,1,319,6,3,348
E00073194,0,0,0,0,8,0,29,0,277,6,1,321
E00073195,0,1,0,0,2,0,14,2,318,5,0,342
E00073196,7,0,0,1,6,5,17,2,186,4,3,231
E00073197,11,0,0,0,9,8,15,1,323,9,0,376
E00073198,2,0,0,0,3,1,10,1,182,7,0,206
E00073199,1,0,0,0,5,6,12,0,258,13,0,295
E00073200,0,0,0,0,6,14,3,4,257,4,1,289
E00073201,2,0,0,0,5,6,13,2,230,4,0,262
E00073202,0,3,0,0,10,10,35,6,258,12,0,334
E00073203,4,0,0,0,4,3,25,0,252,7,0,295
E00073204,6,0,0,1,6,2,15,0,261,7,2,300
E00073205,4,0,1,1,14,6,30,4,330,3,4,397
E00073206,10,0,0,0,15,8,14,4,397,4,3,455
E00073207,4,0,0,1,6,11,10,2,258,6,0,298
E00073208,0,0,0,0,6,3,7,0,223,7,1,247
E00073209,10,1,0,0,5,2,4,0,262,8,2,294
E00073210,1,5,0,1,6,4,6,1,345,2,2,373
E00073211,8,0,0,0,14,29,55,3,378,14,0,501
E00073212,8,0,0,0,14,63,57,2,242,0,6,392
E00073213,4,2,0,0,11,31,60,10,216,11,2,347
E00073214,0,1,0,1,8,9,34,2,332,19,0,406
E00073215,16,1,0,0,0,4,33,1,263,2,1,321
E00073216,12,0,0,0,8,12,39,8,282,3,3,367
E00073217,2,0,0,2,5,15,40,8,242,8,1,323
E00073218,4,0,0,0,8,26,56,5,272,11,2,384
E00073219,9,0,0,0,2,5,49,3,286,0,2,356
E00073220,15,0,0,0,4,0,49,2,285,6,6,367
E00073221,2,1,0,0,3,7,3,7,263,8,1,295
E00073222,9,0,0,0,6,6,30,1,342,3,4,401
E00073223,2,1,0,0,4,4,36,5,268,0,6,326
E00073224,5,4,0,0,14,1,5,3,269,4,3,308
E00073225,6,1,0,1,28,1,20,1,328,16,3,405
E00073226,22,1,0,0,5,2,3,0,203,0,8,244
E00073227,3,2,0,0,14,5,15,4,206,6,5,260
E00073228,1,2,0,0,29,4,11,1,291,3,7,349
E00073229,1,0,0,0,4,1,1,1,302,3,0,313
E00073230,4,2,0,1,23,0,3,1,301,2,13,350
E00073231,7,3,0,0,20,0,1,5,394,7,3,440
E00073232,0,0,0,0,15,0,1,2,277,8,7,310
E00073233,0,0,0,0,4,0,0,2,303,1,1,311
E00073234,4,1,0,0,5,1,3,4,279,0,1,298
E00073236,3,1,0,1,8,0,1,0,267,3,0,284
E00073237,6,5,0,0,15,0,6,0,282,0,10,324
E00073238,4,0,0,1,10,1,0,1,268,3,8,296
E00073239,0,0,0,3,31,2,14,3,381,22,15,471
E00073240,6,0,0,2,21,4,6,1,350,13,0,403
E00073241,2,1,0,0,5,0,2,0,260,5,1,276
E00073242,2,0,0,0,10,2,16,1,220,6,2,259
E00073243,0,1,0,0,3,4,2,2,337,5,6,360
E00073245,2,1,0,0,6,1,1,0,350,5,1,367
E00073246,1,1,0,0,6,1,3,3,301,10,5,331
E00073247,0,2,0,0,2,5,3,3,311,2,1,329
E00073248,1,5,0,1,15,0,1,2,277,2,2,306
E00073249,0,0,0,0,7,5,8,0,227,4,1,252
E00073250,6,3,0,1,35,17,31,6,377,9,11,496
E00073251,0,5,0,0,22,2,6,3,324,8,1,371
E00073252,12,0,1,0,11,12,11,2,264,8,9,330
E00073253,10,0,0,0,12,2,15,6,459,14,9,527
E00073254,6,2,0,0,16,3,16,6,264,9,10,332
E00073255,5,1,0,1,10,9,8,6,352,25,12,429
E00073256,7,1,0,0,20,1,15,0,307,11,3,365
E00073257,0,3,0,0,5,4,12,4,349,11,1,389
E00073258,6,2,0,0,13,1,21,6,334,20,0,403
E00073259,2,0,0,0,4,0,2,1,248,3,1,261
E00073260,8,2,0,0,11,0,3,0,283,0,0,307
E00073261,2,0,0,0,3,2,9,1,323,5,0,345
E00073262,1,1,0,0,3,0,0,5,212,10,5,237
E00073263,5,4,0,0,23,16,7,3,325,12,9,404
E00073264,9,0,0,2,19,0,3,1,310,12,6,362
E00073266,4,1,0,1,10,7,8,1,279,10,8,329
E00073267,1,3,0,0,13,0,4,5,241,10,0,277
E00073268,8,0,0,0,16,1,4,2,372,13,8,424
E00073269,2,5,0,0,16,6,1,7,353,8,6,404
E00073270,10,3,0,0,18,0,3,3,347,5,7,396
E00073271,3,4,0,1,29,1,9,5,409,8,10,479
E00073272,8,4,0,0,12,2,2,3,300,22,5,358
E00073273,10,4,1,2,8,0,0,1,247,7,2,282
E00073274,13,0,0,1,22,0,9,12,525,14,3,599
E00073276,9,7,0,2,17,3,2,10,257,16,4,327
E00073277,5,4,1,4,8,5,1,5,279,9,11,332
E00073278,0,0,0,3,17,0,0,1,355,8,9,393
E00073280,6,5,0,0,13,0,2,0,324,3,6,359
E00073281,4,1,0,3,19,1,5,1,379,5,6,424
E00073282,10,7,0,2,20,0,2,3,364,9,4,421
E00073283,2,2,0,2,14,0,3,1,311,2,5,342
E00073284,7,3,0,0,16,0,4,0,155,15,4,204
E00073285,2,1,0,1,12,8,3,3,337,8,1,376
E00073286,3,3,0,0,19,1,3,0,291,9,9,338
E00073287,2,2,0,0,14,2,7,1,254,11,0,293
E00073288,4,1,0,0,7,5,1,1,279,11,5,314
E00073289,6,0,0,1,9,1,3,0,337,7,1,365
E00073290,6,5,0,2,8,2,4,1,277,9,5,319
E00073291,0,5,1,2,16,0,6,2,293,5,10,340
E00073292,9,1,0,0,25,0,10,0,494,6,3,548
E00073293,3,0,0,0,23,0,2,1,370,0,4,403
E00073294,15,5,0,0,16,0,12,0,370,16,7,441
E00073295,1,0,0,0,13,0,1,7,301,13,6,342
E00073296,5,4,0,2,14,2,0,0,278,7,3,315
E00073297,4,6,1,0,14,3,6,4,317,0,9,364
E00073298,0,2,0,0,34,8,5,4,326,19,14,412
E00073299,12,0,0,0,11,0,7,4,338,7,0,379
E00073300,4,4,0,0,15,0,0,1,246,0,0,270
E00073301,4,0,0,0,9,5,6,3,336,0,9,372
E00073302,8,0,0,0,3,4,6,0,342,6,0,369
E00073303,4,0,0,0,5,5,10,0,400,1,0,425
E00073304,4,0,0,0,10,5,9,0,284,1,0,313
E00073305,5,1,0,0,11,0,5,2,274,5,0,303
E00073306,0,0,0,0,5,0,6,0,251,0,4,266
E00073307,2,3,0,0,8,0,10,4,258,1,0,286
E00073308,7,0,0,0,1,0,3,1,317,2,2,333
E00073309,3,0,0,0,3,10,3,1,262,5,5,292
E00073310,5,4,0,1,4,0,10,2,331,4,5,366
E00073311,4,0,0,0,5,0,14,0,283,3,1,310
E00073312,4,0,0,0,8,3,11,0,334,3,6,369
E00073313,0,0,0,0,8,2,16,1,349,6,2,384
E00073314,15,0,0,0,7,2,9,3,251,0,0,287
E00073315,1,0,0,0,2,0,12,1,182,2,0,200
E00073316,16,0,0,0,9,0,2,1,291,1,0,320
E00073317,1,0,0,0,9,0,15,0,258,0,4,287
E00073318,3,0,0,4,10,0,7,1,346,5,0,376
E00073319,12,0,0,0,9,3,12,8,402,7,4,457
E00073320,2,0,0,0,7,0,5,2,339,8,3,366
E00073321,5,0,0,1,10,2,19,1,256,13,3,310
E00073322,2,0,0,1,6,0,0,0,311,2,0,322
E00073323,6,3,0,0,4,0,0,0,259,2,0,274
E00073324,5,2,0,1,4,4,2,1,350,6,0,375
E00073325,0,0,0,0,14,0,15,0,335,7,3,374
E00073326,0,0,0,0,5,2,6,0,276,5,4,298
E00073327,7,1,0,0,8,0,9,1,327,1,2,356
E00073328,7,0,0,0,9,0,5,1,329,4,4,359
E00073329,4,1,0,1,0,0,0,0,287,4,1,298
E00073330,13,0,0,0,8,1,9,2,356,1,0,390
E00073331,0,0,0,0,8,0,7,1,418,9,0,443
E00073332,0,2,0,0,4,0,4,0,284,2,1,297
E00073333,0,1,0,1,5,0,2,0,280,3,0,292
E00073334,4,2,0,0,3,0,6,0,303,3,0,321
E00073335,5,0,0,0,7,3,12,0,402,5,6,440
E00073336,0,0,0,0,9,4,2,5,273,12,5,310
E00073337,9,1,0,0,5,6,8,0,298,4,3,334
E00073338,1,0,0,0,8,0,8,1,249,6,0,273
E00073339,6,3,0,0,16,14,25,3,207,8,11,293
E00073340,7,2,0,0,4,2,16,1,206,6,7,251
E00073341,7,0,0,0,5,8,17,1,248,6,0,292
E00073342,6,2,0,0,10,6,12,0,365,7,6,414
E00073343,5,1,0,0,6,2,15,0,341,7,2,379
E00073344,5,1,0,1,9,0,32,1,195,3,1,248
E00073345,0,0,0,2,1,0,9,1,152,7,2,174
E00073346,7,2,0,1,0,4,16,0,309,6,5,350
E00073347,7,0,0,1,7,1,10,3,147,9,1,186
E00073348,0,1,0,0,5,4,31,3,218,4,5,271
E00073349,8,0,0,0,3,9,15,5,270,16,9,335
E00073350,10,1,0,0,13,5,12,0,306,7,6,360
E00073351,21,1,0,0,3,0,11,0,311,12,9,368
E00073352,13,0,0,0,5,1,11,7,224,7,9,277
E00073353,4,0,1,0,13,0,6,1,319,7,9,360
E00073354,11,0,0,0,11,1,29,0,264,16,7,339
E00073355,10,1,0,1,7,0,24,0,299,15,7,364
E00073356,5,1,0,1,9,7,13,7,319,22,6,390
E00073357,3,3,0,0,3,0,8,2,299,3,11,332
E00073358,11,0,0,0,10,3,12,4,290,13,1,344
E00073359,4,3,0,0,8,6,12,1,293,7,2,336
E00073360,7,1,0,0,2,3,18,1,238,5,0,275
E00073361,13,1,0,2,9,0,14,1,290,0,4,334
E00073362,7,1,0,2,6,8,14,2,362,20,3,425
E00073363,1,0,0,0,8,3,9,2,311,7,0,341
E00073364,5,1,0,1,8,0,11,3,276,8,0,313
E00073365,0,2,0,0,7,0,17,3,295,0,0,324
E00073366,6,4,0,0,12,7,10,2,345,9,1,396
E00073367,6,1,0,2,3,0,5,1,277,10,0,305
E00073368,7,0,0,1,2,1,7,0,274,10,1,303
E00073369,10,0,0,0,8,8,15,2,282,4,0,329
E00073370,8,0,0,1,2,4,12,3,188,8,0,226
E00073371,4,0,0,0,8,0,10,3,158,3,5,191
E00073372,7,2,0,0,6,7,2,4,247,8,0,283
E00073373,3,2,0,0,12,1,11,2,241,1,9,282
E00073374,5,3,1,1,11,1,9,0,299,4,9,343
E00073375,1,1,0,0,7,4,13,1,284,6,13,330
E00073376,3,1,0,0,1,5,5,0,236,16,0,267
E00073377,8,2,0,0,9,2,3,3,250,2,6,285
E00073378,6,0,0,0,6,2,10,0,246,8,4,282
E00073379,1,0,0,1,5,1,3,4,337,11,1,364
E00073380,7,0,0,0,3,4,6,0,357,9,1,387
E00073381,10,2,0,0,6,3,18,6,376,1,5,427
E00073382,3,0,0,0,5,0,12,3,345,21,3,392
E00073383,4,0,0,0,8,0,12,1,232,5,5,267
E00073384,13,1,0,0,5,2,4,3,431,16,3,478
E00073385,5,0,0,0,10,1,20,1,317,4,0,358
E00073386,7,0,0,0,7,3,6,2,331,22,3,381
E00073387,0,2,0,0,4,7,7,0,212,4,0,236
E00073388,2,0,0,0,7,0,7,4,292,5,0,317
E00073389,13,0,0,1,8,5,26,3,257,12,5,330
E00073390,4,0,0,0,21,7,13,5,281,6,7,344
E00073391,3,1,0,1,4,1,21,4,280,0,7,322
E00073392,6,0,0,0,10,2,19,6,334,0,7,384
E00073393,8,2,0,0,6,0,5,0,267,3,5,296
E00073394,7,0,0,0,22,0,8,3,380,17,9,446
E00073395,11,2,0,0,12,0,6,0,288,2,7,328
E00073397,0,0,0,0,13,2,8,2,242,9,0,276
E00073398,3,0,0,0,10,4,9,0,244,9,3,282
E00073399,6,0,0,1,11,0,8,4,277,8,4,319
E00073400,1,1,0,0,12,0,6,3,274,13,7,317
E00073401,0,4,0,1,9,0,8,5,267,3,0,297
E00073402,6,2,0,0,15,2,10,3,216,13,3,270
E00073403,6,0,0,0,13,1,9,1,256,12,8,306
E00073404,1,1,0,0,10,0,11,3,252,11,0,289
E00073405,7,0,3,1,19,2,6,1,292,17,7,355
E00073406,1,1,1,0,8,0,5,6,263,6,2,293
E00073407,3,0,0,2,14,4,7,1,297,10,5,343
E00073408,0,2,0,1,8,0,6,2,339,4,0,362
E00073409,1,0,0,1,8,1,7,3,258,7,6,292
E00073410,8,1,0,0,12,6,9,1,257,5,0,299
E00073411,2,0,0,0,6,1,16,2,296,7,3,333
E00073412,7,0,0,0,10,2,14,8,335,7,6,389
E00073413,2,0,0,0,10,0,2,0,271,13,0,298
E00073414,31,0,0,0,37,9,7,5,189,40,6,324
E00073415,17,0,0,1,25,1,5,2,180,62,16,309
E00073416,8,5,1,2,28,1,4,3,230,14,5,301
E00073419,6,1,0,0,21,1,8,3,239,16,8,303
E00073420,5,1,1,6,7,1,5,9,150,25,5,215
E00073421,4,0,0,1,18,2,10,4,302,58,10,409
E00073422,45,0,0,0,8,0,3,6,145,26,7,240
E00073423,3,6,0,2,18,0,9,2,191,25,11,267
E00073424,53,0,1,0,15,0,9,2,169,12,17,278
E00073425,14,6,0,0,21,3,13,6,282,40,6,391
E00073426,6,0,0,1,19,2,6,6,275,49,7,371
E00073431,16,4,0,0,29,1,2,5,380,46,22,505
E00073432,15,1,0,0,9,3,4,1,110,17,6,166
E00073433,10,0,1,3,37,7,17,10,334,92,26,537
E00073437,9,1,0,0,15,1,9,4,163,10,0,212
E00073439,4,3,0,0,15,1,6,0,214,6,12,261
E00073440,5,1,0,0,18,1,10,1,233,0,6,275
E00073441,47,0,0,0,9,3,4,2,172,10,6,253
E00073442,13,3,0,2,15,1,2,3,349,13,6,407
E00073443,5,1,0,0,24,0,2,6,231,0,7,276
E00073444,4,3,1,0,20,1,3,1,190,9,7,239
E00073445,4,3,1,0,18,3,1,0,199,25,12,266
E00073446,10,0,0,0,32,2,5,2,315,51,14,431
E00073447,5,0,0,1,20,2,6,5,208,8,6,261
E00073448,5,2,0,0,22,4,2,1,248,6,6,296
E00073449,11,6,2,0,16,2,3,1,153,8,7,209
E00073450,3,2,0,0,23,0,4,1,219,10,8,270
E00073451,6,6,0,0,8,0,4,0,239,9,6,278
E00073452,7,1,0,0,25,1,10,4,203,14,15,280
E00073453,8,0,0,0,7,6,10,2,259,12,11,315
E00073454,9,0,0,0,27,0,8,4,262,10,11,331
E00073455,4,5,0,0,18,1,5,2,268,4,15,322
E00073456,11,9,0,1,22,3,2,2,197,11,13,271
E00073457,9,5,0,0,20,1,1,2,163,7,11,219
E00073458,5,9,0,2,14,0,0,2,231,9,11,283
E00073461,0,1,0,0,4,1,3,1,186,6,10,212
E00073462,12,5,2,0,19,6,4,4,322,15,5,394
E00073463,11,4,0,0,17,0,7,1,146,13,3,202
E00073464,14,5,0,0,10,0,7,1,488,23,7,555
E00073465,2,0,0,0,15,4,9,2,300,6,14,352
E00073466,8,0,2,0,33,0,5,4,333,28,11,424
E00073467,9,5,0,0,10,0,5,0,226,10,11,276
E00073468,2,2,0,2,10,1,0,3,305,6,11,342
E00073469,8,0,0,1,8,0,5,3,192,11,5,233
E00073470,9,2,0,0,34,1,4,6,283,14,7,360
E00073471,5,1,0,0,10,1,8,2,159,8,6,200
E00073472,3,3,0,0,19,0,9,11,191,20,12,268
E00073473,8,0,0,2,24,0,1,0,368,40,8,451
E00073474,1,0,0,0,9,1,0,1,153,4,7,176
E00073476,5,1,0,0,15,0,1,0,225,15,13,275
E00073477,8,4,0,0,18,0,3,6,210,16,8,273
E00073478,5,2,0,0,12,0,1,2,192,14,8,236
E00073479,0,5,0,2,17,2,1,2,206,11,6,252
E00073480,4,6,0,0,5,0,1,1,235,19,12,283
E00073481,12,5,1,2,23,0,5,5,389,17,21,480
E00073482,7,2,1,0,16,1,9,4,321,20,15,396
E00073483,5,0,1,0,25,4,5,4,269,25,11,349
E00073484,0,0,0,0,19,0,3,4,195,32,12,265
E00073485,5,4,0,1,17,0,3,3,186,8,7,234
E00073486,12,0,0,0,32,2,12,2,212,24,82,378
E00073487,4,3,0,0,13,1,4,2,237,15,9,288
E00073488,2,3,0,1,22,1,4,0,212,15,15,275
E00073489,0,7,0,0,10,0,2,0,187,6,17,229
E00073490,9,5,0,0,14,0,3,3,213,19,12,278
E00073491,11,0,0,2,19,1,0,3,206,73,14,329
E00073492,2,6,0,2,18,3,1,4,236,11,14,297
E00073493,14,0,1,0,25,1,3,4,224,52,14,338
E00073494,4,4,0,1,21,4,6,1,288,20,8,357
E00073495,16,4,0,0,14,5,11,9,329,33,14,435
E00073496,10,3,0,2,29,2,12,11,395,47,11,522
E00073497,5,0,0,0,15,2,1,3,224,16,5,271
E00073498,1,0,0,1,24,1,6,0,202,6,6,247
E00073499,7,0,1,1,6,2,3,1,198,12,8,239
E00073500,4,3,1,0,34,2,8,4,350,8,7,421
E00073501,9,1,0,0,10,1,7,4,298,6,14,350
E00073502,6,1,0,2,21,1,5,5,309,20,6,376
E00073503,6,0,0,0,18,0,2,3,194,20,9,252
E00073504,6,0,0,2,26,0,5,4,271,18,16,348
E00073505,5,0,0,0,14,3,3,0,158,26,10,219
E00073506,8,4,0,0,13,0,4,4,237,15,6,291
E00073507,0,1,0,0,12,0,0,1,142,3,4,163
E00073508,5,1,0,0,14,0,4,8,209,3,7,251
E00073509,7,3,0,0,24,0,4,5,231,29,7,310
E00073510,7,0,0,0,11,1,3,2,235,20,14,293
E00073511,3,1,0,1,16,2,10,1,201,20,7,262
E00073512,4,5,2,1,13,2,3,3,272,16,11,332
E00073513,11,4,0,0,10,1,3,9,226,19,9,292
E00073514,1,0,0,0,12,3,10,6,307,15,2,356
E00073515,4,2,0,1,12,3,3,5,243,11,15,299
E00073516,14,4,0,2,26,0,5,2,277,13,17,360
E00073517,9,4,0,1,13,2,3,4,213,16,9,274
E00073518,3,5,1,0,24,1,3,0,172,17,15,241
E00073519,8,4,0,1,12,3,3,5,296,10,3,345
E00073520,6,5,1,0,14,0,3,6,273,9,5,322
E00073521,6,1,0,2,19,0,6,2,295,5,11,347
E00073522,0,1,0,1,19,0,5,2,277,11,3,319
E00073523,4,2,0,0,23,1,7,2,200,9,4,252
E00073524,2,5,0,0,16,0,5,0,239,23,6,296
E00073525,4,4,0,3,21,0,6,1,280,10,0,329
E00073526,10,0,0,0,8,4,10,0,261,18,9,320
E00073527,4,0,0,2,24,5,6,3,246,25,12,327
E00073528,0,1,0,1,32,1,4,2,266,11,10,328
E00073529,0,2,1,0,17,0,5,8,250,19,14,316
E00073530,7,5,0,0,20,2,5,6,289,11,7,352
E00073531,3,9,0,0,14,0,9,2,282,14,9,342
E00073532,9,0,0,0,38,2,11,6,427,26,18,537
E00073533,6,3,0,0,22,0,2,5,252,9,5,304
E00073534,2,6,1,0,7,2,3,3,244,12,5,285
E00073535,2,0,0,0,19,0,2,4,175,12,3,217
E00073536,0,6,0,0,18,0,1,0,178,7,7,217
E00073537,8,2,2,0,25,0,1,2,295,13,7,355
E00073538,4,0,0,0,14,6,3,3,224,7,6,267
E00073539,5,2,0,0,11,0,5,7,170,4,4,208
E00073540,4,0,0,0,10,0,0,2,181,10,7,214
E00073541,6,1,0,2,16,0,4,4,270,16,9,328
E00073542,5,4,0,0,13,1,3,5,233,28,0,292
E00073543,0,5,0,0,16,3,0,5,280,11,3,323
E00073544,5,1,0,0,16,0,4,1,232,14,8,281
E00073545,9,0,0,0,31,2,8,3,338,8,4,403
E00073546,4,4,1,0,16,4,5,1,360,10,7,412
E00073547,6,6,0,1,16,2,3,1,217,6,5,263
E00073548,8,0,0,0,30,7,5,3,367,14,7,441
E00073549,4,5,0,0,19,0,5,2,248,6,7,296
E00073550,4,3,0,0,19,1,5,3,276,20,5,336
E00073551,7,0,0,0,10,1,3,3,301,10,2,337
E00073552,3,7,1,0,15,1,5,1,234,20,8,295
E00073553,0,4,0,1,18,2,7,1,227,6,7,273
E00073554,0,2,0,0,11,1,6,6,241,12,9,288
E00073555,2,1,0,0,22,1,4,2,209,20,3,264
E00073556,7,3,0,1,16,0,5,2,205,14,4,257
E00073557,6,5,0,1,15,2,2,2,313,14,7,367
E00073558,8,3,0,0,18,2,7,3,265,12,11,329
E00073559,8,4,0,0,9,3,6,1,299,16,13,359
E00073560,19,0,0,0,29,3,16,0,227,7,16,317
E00073561,27,0,0,0,15,0,2,2,375,47,13,481
E00073562,15,3,1,0,18,10,5,0,303,59,25,439
E00073563,8,3,0,1,17,1,6,1,323,36,12,408
E00073564,6,1,0,1,24,0,3,4,293,11,18,361
E00073565,56,1,1,0,67,54,7,7,285,95,37,610
E00073566,14,1,0,0,13,0,5,1,152,53,8,247
E00073567,13,1,0,0,17,3,1,1,237,36,14,323
E00073568,6,7,0,0,11,5,11,1,298,38,17,394
E00073569,6,4,0,0,35,5,14,1,353,29,13,460
E00073570,15,1,0,1,29,5,4,1,240,33,20,349
E00073571,8,0,0,0,16,12,6,0,356,17,7,422
E00073572,21,0,0,0,18,0,7,6,280,14,9,355
E00073573,36,0,0,0,30,14,11,17,369,51,24,552
E00073574,26,1,0,0,33,7,10,3,257,35,11,383
E00073575,36,3,1,2,27,11,8,2,350,55,16,511
E00073576,11,1,0,0,12,16,2,4,322,30,14,412
E00073577,14,5,1,0,12,2,3,6,276,25,23,367
E00073578,20,0,0,0,29,2,2,2,299,37,21,412
E00073579,7,1,0,0,5,0,7,2,210,2,19,253
E00073580,18,1,0,0,21,0,21,4,319,15,10,409
E00073581,4,0,0,0,12,2,6,0,272,14,11,321
E00073582,9,1,0,0,18,6,8,1,274,10,9,336
E00073583,8,3,0,0,19,8,21,0,233,6,11,309
E00073584,11,5,0,0,20,4,7,0,264,25,11,347
E00073585,11,0,0,1,32,5,21,2,255,10,13,350
E00073586,8,1,0,1,14,0,10,3,241,4,3,285
E00073587,11,0,0,0,16,18,22,5,234,10,0,316
E00073588,18,2,1,0,18,6,10,1,110,11,6,183
E00073589,9,1,0,0,16,2,13,1,86,6,0,134
E00073590,29,5,0,1,46,26,23,4,316,10,0,460
E00073591,4,0,0,0,12,2,17,3,188,10,9,245
E00073592,6,1,0,0,10,15,21,5,212,8,3,281
E00073593,5,1,1,0,15,12,24,4,188,10,14,274
E00073594,7,0,0,0,15,0,7,1,264,5,6,305
E00073595,9,0,0,0,22,1,32,1,224,8,2,299
E00073596,12,0,0,0,16,3,25,1,236,11,5,309
E00073597,34,0,0,0,30,18,36,4,359,76,17,574
E00073598,23,0,0,1,14,15,20,6,241,32,8,360
E00073599,8,5,1,0,9,0,23,0,183,10,3,242
E00073600,17,0,0,0,24,1,16,1,364,31,14,468
E00073601,21,0,0,0,1,16,7,3,200,24,7,279
E00073602,8,1,0,0,14,4,18,0,260,20,15,340
E00073603,28,0,0,0,17,13,26,9,201,35,15,344
E00073604,20,3,0,0,15,13,6,0,277,49,13,396
E00073605,8,0,0,0,13,6,10,3,188,28,7,263
E00073606,7,4,0,0,15,0,8,1,336,30,6,407
E00073607,18,0,0,0,10,13,8,2,203,39,7,300
E00073608,16,0,0,0,11,4,8,1,227,32,14,313
E00073609,21,0,0,1,13,15,12,3,223,23,9,320
E00073611,26,0,0,0,17,19,9,6,267,57,16,417
E00073612,17,1,0,2,13,5,19,0,215,61,10,343
E00073613,31,0,0,0,8,0,14,4,226,8,10,301
E00073614,18,3,1,0,33,12,28,0,408,46,21,570
E00073615,8,0,0,0,17,9,9,0,299,40,14,396
E00073616,21,0,0,0,11,4,8,2,246,37,10,339
E00073617,8,0,0,1,10,1,10,2,202,18,10,262
E00073618,3,0,0,0,4,4,13,2,263,22,6,317
E00073619,9,0,0,1,12,4,6,4,308,40,6,390
E00073620,7,0,0,0,10,1,5,1,279,12,1,316
E00073621,10,0,0,0,14,2,7,6,273,48,10,370
E00073622,12,1,1,0,6,1,7,1,267,13,5,314
E00073623,7,0,0,0,3,4,3,3,301,32,5,358
E00073624,9,0,0,0,9,1,4,0,224,10,5,262
E00073625,8,0,0,1,13,4,10,0,295,25,1,357
E00073626,17,0,0,0,5,1,0,0,270,8,4,305
E00073627,19,1,0,0,13,10,11,0,347,14,13,428
E00073628,30,0,0,0,14,6,6,3,143,14,13,229
E00073629,17,0,0,0,9,5,11,1,319,19,0,381
E00073630,13,0,1,0,16,46,33,10,286,43,10,458
E00073631,3,1,0,1,15,0,11,4,276,15,5,331
E00073632,13,2,0,2,13,1,3,0,326,37,11,408
E00073633,10,0,0,0,8,6,13,3,208,6,10,264
E00073634,36,0,0,2,16,5,13,2,360,46,10,490
E00073635,8,0,0,0,16,1,9,1,283,29,9,356
E00073636,6,2,0,0,11,7,14,0,331,20,1,392
E00073637,15,1,0,1,2,3,24,0,294,14,10,364
E00073638,19,2,0,1,6,2,13,0,297,12,5,357
E00073639,5,1,0,0,4,4,19,0,318,10,3,364
E00073640,0,0,0,0,9,0,10,8,298,25,6,356
E00073641,6,1,0,0,9,5,16,1,344,2,5,389
E00073642,26,0,0,0,13,11,20,4,275,23,6,378
E00073643,13,2,0,0,5,4,16,1,346,18,2,407
E00073644,6,0,0,0,3,2,10,4,348,12,4,389
E00073645,14,1,0,0,9,4,16,1,329,11,0,385
E00073646,41,1,0,1,24,11,60,5,396,20,6,565
E00073647,9,0,0,2,4,5,8,0,331,18,3,380
E00073648,9,0,0,0,4,4,27,2,370,4,0,420
E00073649,17,1,0,0,8,6,10,1,301,13,2,359
E00073650,28,0,0,0,14,11,18,0,290,5,7,373
E00073651,0,0,0,0,14,4,6,3,397,9,0,433
E00073652,9,1,0,0,6,1,22,3,275,4,9,330
E00073653,5,0,0,0,4,0,12,0,179,14,0,214
E00073654,9,0,0,0,14,2,11,4,310,2,0,352
E00073655,7,0,0,0,7,9,27,2,380,7,6,445
E00073656,3,1,0,1,18,7,14,3,321,10,14,392
E00073657,5,0,0,0,3,0,3,1,278,13,3,306
E00073658,9,0,0,0,5,5,12,2,281,9,0,323
E00073659,5,1,0,0,7,1,30,1,292,0,0,337
E00073660,8,0,0,0,21,2,12,0,351,3,0,397
E00073662,8,0,0,0,9,12,16,0,285,6,4,340
E00073663,0,0,0,0,5,12,12,9,275,3,4,320
E00073664,3,0,0,0,5,0,4,0,190,1,0,203
E00073665,13,0,0,0,14,1,6,0,274,3,4,315
E00073666,4,0,0,0,13,1,12,2,344,15,4,395
E00073667,9,0,0,0,13,24,31,1,413,13,12,516
E00073668,14,0,0,0,10,1,13,4,261,11,2,316
E00073669,6,0,0,0,11,12,6,0,222,16,1,274
E00073670,6,1,0,0,9,4,5,0,209,3,1,238
E00073671,13,1,0,0,7,1,27,0,304,12,3,368
E00073672,18,0,0,0,13,3,5,1,303,17,15,375
E00073673,7,0,0,0,5,7,8,4,178,31,6,246
E00073674,11,0,0,1,5,1,4,6,272,20,6,326
E00073675,5,0,0,0,6,0,0,2,234,6,4,257
E00073676,0,0,0,0,11,17,7,6,359,56,0,456
E00073677,17,0,0,0,9,0,1,0,286,25,11,349
E00073678,26,0,0,1,9,2,23,8,183,27,8,287
E00073679,4,1,2,2,2,2,13,0,151,13,6,196
E00073680,32,0,0,0,14,4,2,7,199,16,15,289
E00073681,12,0,0,0,18,5,9,1,427,39,7,518
E00073682,10,0,0,0,5,5,11,4,266,49,9,359
E00073683,11,0,0,1,14,0,6,4,336,19,7,398
E00073684,7,0,0,2,17,7,15,4,239,26,5,322
E00073685,15,0,0,0,8,3,8,3,258,17,7,319
E00073688,14,0,0,0,2,3,1,7,264,36,7,334
E00073689,3,5,0,0,5,7,12,1,262,21,3,319
E00073690,15,0,0,0,10,11,9,0,298,21,9,373
E00073691,5,2,0,1,9,0,11,2,295,7,5,337
E00073692,17,0,0,2,15,4,10,0,340,16,6,410
E00073693,24,0,0,0,16,17,21,6,330,42,12,468
E00073695,14,2,0,2,7,0,6,0,273,15,4,323
E00073696,6,1,0,1,9,8,7,2,257,25,8,324
E00073697,11,1,0,0,13,27,14,5,261,5,4,341
E00073698,22,0,0,0,25,14,18,3,335,39,11,467
E00073699,14,0,0,0,22,3,18,3,265,14,6,345
E00073700,7,1,0,0,9,5,3,1,219,11,3,259
E00073701,2,0,0,0,3,7,4,2,203,9,5,235
E00073702,12,3,0,0,6,1,5,1,240,15,6,289
E00073703,11,1,0,2,9,6,2,0,192,26,6,255
E00073704,3,0,0,0,8,3,1,0,233,3,0,251
E00073705,3,0,1,3,10,3,3,0,264,7,0,294
E00073706,22,0,0,0,8,16,14,11,279,24,6,380
E00073707,6,2,1,0,8,9,5,0,206,37,1,275
E00073708,8,0,0,2,6,4,7,0,259,19,0,305
E00073709,3,1,0,0,5,1,11,1,305,1,3,331
E00073710,0,1,0,0,4,1,3,9,251,1,0,270
E00073711,3,0,0,0,6,3,2,0,387,9,3,413
E00073712,0,0,0,0,2,0,6,4,339,1,0,352
E00073713,5,0,0,0,9,0,11,0,354,15,5,399
E00073714,6,0,0,0,1,6,4,0,265,8,2,292
E00073715,6,3,0,1,8,0,4,4,370,9,4,409
E00073716,5,0,0,0,1,0,12,0,252,2,3,275
E00073717,4,1,0,0,3,0,17,0,290,3,1,319
E00073718,5,0,0,0,5,5,12,2,291,37,3,360
E00073719,1,0,0,0,6,2,13,4,361,9,0,396
E00073720,0,0,0,0,10,2,7,0,361,7,1,388
E00073721,0,2,0,0,6,2,14,2,235,12,3,276
E00073722,0,0,0,0,9,4,15,0,350,9,4,391
E00073723,7,1,0,1,4,1,13,3,301,4,1,336
E00073724,18,0,0,0,7,3,9,0,471,13,0,521
E00073725,0,1,0,0,7,0,9,0,245,0,1,263
E00073726,2,0,1,0,8,1,1,3,228,5,3,252
E00073727,11,0,0,0,1,0,0,0,224,0,3,239
E00073728,0,0,0,0,4,3,15,0,280,4,1,307
E00073729,2,0,0,0,2,0,2,6,258,8,0,278
E00073730,4,0,0,0,7,2,12,4,268,0,0,297
E00073731,1,0,0,0,6,0,10,0,265,0,0,282
E00073732,1,0,0,0,7,0,6,0,248,8,0,270
E00073733,0,0,0,0,8,1,12,2,239,2,0,264
E00073734,0,0,0,0,4,0,2,1,240,4,1,252
E00073735,0,0,0,0,4,5,17,0,279,2,0,307
E00073736,1,0,0,1,2,0,3,0,259,7,0,273
E00073737,1,1,0,0,6,1,3,0,298,7,0,317
E00073738,2,0,1,0,1,0,2,0,322,2,3,333
E00073739,8,1,0,0,4,1,1,0,350,0,2,367
E00073740,1,1,0,0,5,0,2,0,301,2,0,312
E00073741,2,2,0,0,5,0,3,0,258,0,2,272
E00073743,3,3,0,0,2,0,0,3,318,2,6,337
E00073744,11,1,0,0,4,2,26,3,314,9,1,371
E00073745,13,1,0,1,7,3,21,0,290,7,2,345
E00073746,12,0,0,0,13,7,35,2,175,7,7,258
E00073747,10,0,0,0,9,0,7,2,255,4,4,291
E00073748,19,0,0,2,24,16,54,2,462,23,8,610
E00073749,12,0,0,1,7,0,8,3,240,9,6,286
E00073750,10,1,0,0,5,2,14,0,250,16,0,298
E00073751,20,0,0,0,6,0,3,1,281,17,2,330
E00073752,29,0,1,1,21,2,28,3,427,37,7,556
E00073754,23,0,0,1,2,12,40,6,285,18,3,390
E00073755,21,1,0,0,9,2,21,4,221,9,5,293
E00073756,5,2,0,2,6,8,7,2,118,9,5,164
E00073757,9,1,0,0,12,0,6,1,241,4,0,274
E00073758,19,1,0,0,4,15,30,0,321,31,1,422
E00073759,15,0,0,2,2,0,26,7,300,16,4,372
E00073760,12,1,0,0,18,5,12,1,250,11,8,318
E00073761,6,0,0,0,11,7,30,4,306,28,8,400
E00073762,5,0,0,0,6,1,3,0,240,3,6,264
E00073763,11,0,0,0,11,0,31,6,249,9,7,324
E00073764,14,0,0,1,12,0,30,3,282,35,6,383
E00073765,6,1,0,1,8,5,5,1,247,12,5,291
E00073766,13,0,0,0,7,7,18,2,309,4,0,360
E00073767,8,0,0,0,5,12,20,4,334,13,5,401
E00073768,0,1,0,0,7,7,35,6,309,9,9,383
E00073769,7,0,1,1,4,8,11,1,253,6,1,293
E00073770,2,0,0,0,4,9,22,0,234,10,0,281
E00073771,7,1,0,0,6,4,9,0,266,23,7,323
E00073772,10,0,0,0,10,4,4,0,291,13,0,332
E00073773,0,1,0,0,6,7,25,4,260,5,3,311
E00073774,7,0,0,0,22,11,23,6,322,27,8,426
E00073775,17,1,0,0,5,11,34,10,327,17,0,422
E00073776,19,1,0,0,8,2,33,1,187,18,6,275
E00073777,10,0,0,0,9,3,7,3,206,18,11,267
E00073778,2,1,0,0,5,6,2,0,286,24,1,327
E00073779,4,0,0,2,9,2,1,1,230,8,4,261
E00073780,0,0,0,0,8,6,9,1,179,7,6,216
E00073781,5,1,0,1,8,3,20,0,288,8,1,335
E00073782,0,0,0,0,7,14,7,4,369,6,0,407
E00073783,8,1,0,0,3,2,3,0,337,10,0,364
E00073784,13,0,0,1,10,3,21,4,481,15,4,552
E00073785,0,0,0,0,6,0,2,1,361,8,0,378
E00073786,17,0,0,1,14,2,12,2,391,16,4,459
E00073787,3,0,0,1,2,3,10,1,353,10,0,383
E00073788,4,0,0,0,7,0,4,0,312,10,0,337
E00073789,1,1,0,0,1,3,6,0,312,6,1,331
E00073790,10,0,0,0,0,0,11,0,409,5,1,436
E00073791,0,1,0,0,1,2,10,2,229,5,0,250
E00073792,12,0,1,0,4,7,8,0,360,22,6,420
E00073793,2,0,0,1,9,4,9,0,320,10,3,358
E00073794,7,0,0,0,12,11,8,0,283,15,6,342
E00073795,1,0,0,2,5,0,0,0,325,7,9,349
E00073796,0,0,0,0,7,0,1,0,259,2,0,269
E00073797,1,4,0,0,6,7,5,0,244,7,2,276
E00073798,0,0,0,0,3,10,2,0,309,3,1,328
E00073799,7,0,0,0,4,3,6,7,335,19,2,383
E00073800,1,1,0,0,1,2,4,0,234,2,10,255
E00073801,3,2,0,0,2,2,1,0,265,5,5,285
E00073802,8,1,0,2,10,13,11,1,273,4,0,323
E00073803,0,3,0,0,5,0,5,0,312,9,3,337
E00073804,5,0,0,0,1,1,5,0,238,0,0,250
E00073805,1,1,0,1,3,2,6,2,288,3,1,308
E00073806,5,1,0,2,4,0,0,0,244,5,0,261
E00073807,0,0,0,0,10,0,7,0,285,3,0,305
E00073808,0,0,1,0,3,0,1,1,254,1,1,262
E00073809,1,2,0,0,9,5,0,0,295,0,1,313
E00073810,2,0,0,0,0,0,0,0,285,4,0,291
E00073811,9,4,0,0,7,18,5,0,284,10,6,343
E00073812,0,0,0,2,9,0,9,1,275,4,0,300
E00073813,1,0,0,0,4,2,15,0,272,6,3,303
E00073814,4,0,0,0,8,3,1,4,343,6,1,370
E00073815,5,0,0,0,8,0,8,8,369,25,0,423
E00073816,0,0,0,0,7,0,0,2,262,2,2,275
E00073817,8,0,0,0,7,0,21,0,327,10,10,383
E00073818,7,0,0,0,15,2,5,3,296,10,6,344
E00073819,3,0,0,0,11,3,0,0,249,12,3,281
E00073820,6,2,0,0,6,3,0,0,241,13,4,275
E00073821,7,1,0,0,19,0,9,1,181,10,8,236
E00073822,4,0,2,4,13,2,2,5,385,15,3,435
E00073823,4,0,0,0,6,0,2,0,221,15,3,251
E00073824,4,0,0,0,16,0,1,2,288,10,4,325
E00073825,6,0,0,1,11,0,3,1,331,6,8,367
E00073826,0,4,0,0,10,0,2,3,289,9,15,332
E00073827,8,5,0,2,21,2,2,0,338,11,1,390
E00073828,1,6,0,1,13,1,2,1,238,6,5,274
E00073829,8,3,0,2,8,0,0,0,231,0,6,258
E00073830,9,0,0,0,18,0,3,3,295,11,10,349
E00073831,5,4,0,0,4,6,0,0,272,7,6,304
E00073832,3,5,0,0,11,0,0,1,238,15,3,276
E00073833,5,0,1,1,9,0,2,3,320,6,4,351
E00073834,6,1,0,0,8,4,3,3,234,17,6,282
E00073835,3,5,0,0,9,0,2,0,288,12,5,324
E00073836,2,5,0,0,8,0,3,0,177,5,5,205
E00073837,1,4,0,0,10,1,2,1,279,6,6,310
E00073838,4,0,0,0,7,2,0,2,314,9,6,344
E00073839,0,6,0,2,8,0,0,1,310,13,4,344
E00073840,7,1,0,0,17,0,1,0,316,8,0,350
E00073841,6,6,0,0,8,0,1,0,288,7,5,321
E00073842,3,0,0,0,9,0,9,0,315,12,4,352
E00073843,9,2,1,0,22,0,0,0,308,5,7,354
E00073844,4,0,0,0,9,2,6,0,315,6,9,351
E00073845,6,4,0,0,7,0,3,0,299,16,4,339
E00073846,1,0,0,0,4,0,2,0,263,9,6,285
E00073847,6,1,0,0,12,0,1,3,281,14,0,318
E00073848,5,0,0,0,13,1,2,1,307,4,0,333
E00073849,10,1,0,0,12,6,0,1,328,12,6,376
E00073850,1,0,0,1,13,0,0,1,280,12,1,309
E00073851,8,2,0,0,7,7,1,1,219,26,1,272
E00073852,12,1,0,0,6,0,15,0,247,35,5,321
E00073853,10,0,0,0,14,6,5,0,282,11,10,338
E00073854,14,1,0,0,7,6,8,7,251,17,5,316
E00073855,4,0,0,0,10,6,12,4,194,8,8,246
E00073856,8,1,0,0,13,6,5,4,261,34,0,332
E00073857,20,1,0,1,11,4,19,9,306,24,6,401
E00073858,10,0,0,0,7,5,9,1,266,18,0,316
E00073859,31,2,0,1,6,18,27,4,441,49,5,584
E00073860,19,0,0,1,5,0,5,0,132,14,3,179
E00073861,12,1,0,4,17,17,15,5,286,14,9,380
E00073862,26,0,0,1,15,14,19,11,435,19,9,549
E00073864,13,1,0,4,16,14,18,1,429,20,8,524
E00073865,7,0,0,1,7,0,0,0,311,10,3,339
E00073866,7,2,0,0,10,5,8,1,285,16,3,337
E00073867,11,0,0,2,11,5,0,1,250,24,9,313
E00073868,8,1,0,0,10,0,5,0,266,4,1,295
E00073869,9,0,0,0,11,4,10,3,265,16,7,325
E00073870,22,4,0,0,3,0,4,3,309,29,3,377
E00073871,23,1,0,0,4,4,10,7,248,12,8,317
E00073872,0,1,0,0,9,16,9,2,309,16,12,374
E00073873,22,0,0,1,10,12,10,2,290,45,0,392
E00073874,26,1,0,0,2,0,15,0,311,36,4,395
E00073875,14,0,0,0,11,0,7,3,338,14,13,400
E00073876,7,1,0,0,10,9,5,5,297,39,4,377
E00073877,10,0,1,0,14,17,26,6,259,30,13,376
E00073878,9,0,0,0,3,7,10,3,235,27,5,299
E00073879,14,1,0,0,17,15,3,4,326,29,5,414
E00073880,12,2,0,0,17,7,7,0,301,36,7,389
E00073881,11,3,0,2,15,9,18,2,288,44,16,408
E00073882,24,0,0,0,9,6,6,2,254,31,10,342
E00073883,17,0,0,2,1,5,8,9,305,25,9,381
E00073884,9,1,0,0,6,15,4,1,218,33,8,295
E00073885,7,0,1,0,2,0,8,0,283,19,7,327
E00073886,4,1,0,0,18,18,19,0,262,14,7,343
E00073887,15,1,0,1,7,34,14,6,295,59,4,436
E00073888,35,1,1,0,9,11,8,6,275,40,0,386
E00073889,9,0,0,0,9,12,6,0,246,25,5,312
E00073890,6,0,0,0,8,15,11,5,284,14,5,348
E00073891,11,0,0,0,11,15,34,1,249,50,13,384
E00073892,5,0,0,0,15,4,12,1,258,14,9,318
E00073893,5,3,0,0,15,1,5,1,344,7,5,386
E00073894,4,4,0,0,19,0,2,0,352,6,5,392
E00073895,6,0,0,0,13,2,5,5,236,24,6,297
E00073896,16,1,0,0,11,0,8,8,273,21,10,348
E00073897,9,0,0,0,17,6,13,6,260,11,9,331
E00073898,19,0,0,0,18,10,7,1,302,30,6,393
E00073899,6,0,0,1,15,12,3,0,298,38,7,380
E00073900,9,0,0,0,16,0,4,3,306,15,8,361
E00073901,7,1,0,2,18,14,18,0,324,8,13,405
E00073902,6,0,0,0,11,1,10,2,262,18,6,316
E00073904,16,1,1,0,28,8,19,6,301,28,9,417
E00073905,11,4,1,1,22,19,18,1,462,30,16,585
E00073906,10,0,0,3,11,0,7,8,292,7,3,341
E00073907,1,1,0,3,15,0,4,2,317,13,5,361
E00073908,18,0,0,0,10,0,22,1,226,28,7,312
E00073909,9,1,0,0,5,2,11,2,235,20,6,291
E00073910,10,1,0,0,12,0,14,2,202,20,11,272
E00073911,8,8,0,0,8,1,5,0,270,8,5,313
E00073912,8,3,0,0,29,7,13,4,311,18,15,408
E00073913,10,3,0,0,12,0,7,3,279,35,7,356
E00073914,4,0,1,1,2,0,3,3,335,14,6,369
E00073915,9,0,1,0,19,5,8,3,423,18,14,500
E00073916,7,0,0,0,2,0,3,2,299,10,10,333
E00073917,5,5,0,0,20,0,5,0,321,7,2,365
E00073918,10,0,0,1,7,4,5,3,288,13,5,336
E00073919,9,1,1,1,12,8,18,0,315,35,8,408
E00073921,15,0,0,1,18,0,2,0,189,27,4,256
E00073922,3,0,0,1,13,8,16,1,279,9,5,335
E00073923,9,0,0,0,21,2,7,4,287,25,6,361
E00073925,12,1,0,2,23,5,22,1,300,15,7,388
E00073926,14,0,3,0,13,23,10,1,313,34,6,417
E00073927,0,0,0,1,18,0,6,3,284,37,0,349
E00073928,8,0,0,0,23,8,12,1,299,21,9,381
E00073929,5,0,0,0,12,0,15,0,241,7,6,286
E00073930,7,0,0,1,12,0,13,1,260,4,7,305
E00073931,9,1,0,0,15,2,3,3,253,0,5,291
E00073932,0,0,0,0,6,0,5,2,296,8,3,320
E00073933,9,0,0,0,3,0,7,0,209,12,4,244
E00073934,3,3,0,0,5,1,8,0,235,15,1,271
E00073935,3,0,0,1,7,1,6,3,308,3,4,336
E00073936,11,1,0,0,4,0,1,0,245,8,6,276
E00073937,3,0,0,3,7,8,29,0,297,7,6,360
E00073938,5,0,0,0,3,3,14,1,252,4,0,282
E00073939,19,2,0,0,3,9,35,2,309,6,0,385
E00073940,3,1,0,1,11,2,22,3,188,0,0,231
E00073941,12,0,1,0,9,2,24,4,297,11,0,360
E00073942,17,0,0,0,4,1,24,0,290,6,0,342
E00073943,3,0,0,0,14,12,33,2,293,5,0,362
E00073944,10,0,0,0,2,13,18,0,245,5,1,294
E00073945,13,4,0,0,12,2,33,1,257,18,1,341
E00073946,9,0,2,3,9,10,21,3,308,9,4,378
E00073947,5,0,0,1,4,3,25,0,261,0,7,306
E00073948,7,1,0,2,1,5,31,4,233,3,6,293
E00073949,4,2,0,0,7,1,37,5,188,0,1,245
E00073950,10,0,1,0,5,0,29,2,284,8,5,344
E00073951,2,0,0,1,4,3,22,0,237,8,1,278
E00073952,8,0,0,0,7,3,5,0,205,5,11,244
E00073953,7,0,0,0,3,0,25,0,214,9,1,259
E00073954,12,0,0,0,7,0,18,0,230,8,1,276
E00073955,4,5,0,0,6,6,2,1,331,4,4,363
E00073956,17,0,0,1,6,1,3,0,265,16,2,311
E00073957,8,1,0,0,8,0,10,1,246,11,3,288
E00073958,5,1,0,0,8,2,2,0,299,3,0,320
E00073959,4,0,0,0,10,0,13,0,331,9,5,372
E00073960,7,0,0,0,8,1,4,5,265,5,3,298
E00073961,14,0,0,3,6,10,3,0,309,4,0,349
E00073962,8,3,0,0,4,3,7,1,271,14,1,312
E00073963,11,1,0,0,12,0,4,5,331,15,2,381
E00073964,9,0,0,0,7,3,9,0,357,4,0,389
E00073965,7,0,0,0,5,0,14,5,284,10,4,329
E00073966,3,0,0,0,8,1,2,0,274,10,0,298
E00073967,5,3,0,0,10,0,5,0,287,5,8,323
E00073968,5,1,0,0,7,0,4,2,311,4,5,339
E00073969,4,6,0,1,5,23,14,1,245,15,0,314
E00073970,1,3,0,0,10,0,3,0,301,18,4,340
E00073971,1,0,0,0,16,0,1,2,320,8,5,353
E00073972,10,5,0,0,14,3,0,15,290,9,3,349
E00073973,10,5,0,0,7,3,12,2,304,33,15,391
E00073974,3,1,0,0,9,2,4,0,414,16,4,453
E00073975,5,3,1,0,13,1,1,1,277,3,8,313
E00073976,0,1,0,1,5,4,2,2,268,12,9,304
E00073977,6,1,0,0,14,2,2,3,374,3,4,409
E00073978,8,2,0,3,5,1,10,4,297,5,0,335
E00073979,6,5,0,0,11,0,0,1,274,5,0,302
E00073980,3,0,0,0,15,12,1,1,283,6,9,330
E00073981,10,1,0,0,5,5,8,1,275,10,0,315
E00073982,8,1,0,0,2,0,10,0,239,25,10,295
E00073983,3,0,0,0,6,0,3,0,347,10,0,369
E00073984,4,4,0,0,8,0,5,0,372,4,0,397
E00073985,8,0,0,1,6,7,9,2,278,10,1,322
E00073986,0,0,0,0,13,2,10,1,289,2,0,317
E00073987,9,0,0,0,6,7,15,0,283,26,10,356
E00073988,6,0,0,0,5,0,3,0,288,20,5,327
E00073989,8,1,0,0,7,12,3,3,357,8,1,400
E00073990,11,1,0,2,5,4,11,0,319,2,14,369
E00073991,4,1,0,0,6,0,15,3,365,19,4,417
E00073992,4,0,0,0,6,9,6,1,302,11,4,343
E00073993,23,0,1,0,7,5,4,2,295,20,8,365
E00073994,4,0,0,0,12,0,9,0,312,12,2,351
E00073995,0,0,0,0,7,5,18,1,293,13,0,337
E00073996,11,0,0,0,7,3,17,1,286,13,0,338
E00073997,4,1,0,1,7,0,3,0,204,6,0,226
E00073998,7,1,0,0,8,1,28,2,351,12,4,414
E00073999,20,0,0,0,18,1,4,0,345,8,0,396
E00074000,48,0,0,0,21,0,18,1,246,9,3,346
E00074001,29,0,0,0,19,4,10,0,231,35,9,337
E00074002,24,1,0,0,20,4,10,3,192,35,11,300
E00074003,48,1,0,3,26,4,42,9,356,13,11,513
E00074006,93,0,0,0,18,3,10,1,285,22,3,435
E00074007,15,1,0,1,27,11,11,5,122,33,9,235
E00074008,22,1,0,0,15,4,12,2,129,20,4,209
E00074009,60,0,0,0,37,0,11,1,268,23,9,409
E00074010,111,0,0,0,15,1,10,2,334,27,8,508
E00074011,38,0,0,0,19,13,8,10,152,24,30,294
E00074012,36,4,0,1,0,5,7,3,146,40,17,259
E00074013,19,0,1,0,15,7,5,4,258,53,10,372
E00074014,23,2,0,0,23,0,7,3,283,29,19,389
E00074016,109,0,0,0,15,0,16,2,250,31,10,433
E00074018,39,1,0,0,43,3,10,5,374,45,13,533
E00074019,120,0,0,0,13,2,2,1,213,48,16,415
E00074020,36,5,0,1,25,17,5,9,298,31,31,458
E00074021,59,0,2,0,24,2,2,7,216,70,15,397
E00074022,44,0,0,1,16,2,27,7,314,33,35,479
E00074023,89,0,3,0,27,12,23,7,330,70,20,581
E00074024,43,0,0,1,36,10,12,0,243,70,17,432
E00074025,63,0,0,0,36,21,11,2,241,65,33,472
E00074026,40,5,0,1,40,7,20,4,302,52,35,506
E00074027,58,0,0,1,15,0,10,1,219,19,24,347
E00074028,131,0,2,0,20,9,3,4,377,21,5,572
E00074029,152,0,0,0,16,1,8,3,334,49,16,579
E00074030,49,0,0,0,4,0,9,1,111,11,22,207
E00074032,126,0,0,0,16,1,1,3,211,24,17,399
E00074033,127,0,0,1,17,1,13,3,271,23,11,467
E00074034,55,0,0,1,14,4,3,1,181,53,25,337
E00074037,93,0,0,0,12,0,3,2,190,12,10,322
E00074038,80,0,0,0,7,0,16,5,240,16,9,373
E00074041,67,0,0,0,20,1,1,2,223,20,11,345
E00074042,73,0,0,0,9,2,6,0,193,18,5,306
E00074045,12,0,0,0,12,5,5,2,262,34,0,332
E00074046,23,0,1,0,13,2,8,1,384,42,18,492
E00074047,27,1,0,0,11,0,0,1,283,12,3,338
E00074048,5,0,0,0,18,1,5,3,277,13,7,329
E00074049,16,0,0,1,5,2,14,0,300,11,10,359
E00074050,7,0,0,0,8,0,5,4,172,10,11,217
E00074051,6,1,0,2,24,2,14,3,321,11,10,394
E00074052,8,2,0,2,10,0,6,0,284,7,8,327
E00074053,15,0,0,1,12,2,16,2,302,35,15,400
E00074054,45,0,0,0,11,4,0,0,320,33,11,424
E00074055,19,0,0,0,17,14,10,3,368,71,29,531
E00074056,18,0,1,2,9,0,16,0,270,36,19,371
E00074057,3,1,0,0,17,0,3,1,325,56,25,431
E00074058,23,0,0,0,19,0,16,4,363,26,9,460
E00074060,28,3,0,0,27,0,8,1,310,43,12,432
E00074061,21,2,0,4,24,3,9,5,313,15,13,409
E00074062,24,1,0,3,19,8,15,4,242,21,13,350
E00074063,13,1,1,0,9,2,13,1,250,36,11,337
E00074064,6,2,0,1,4,1,17,4,253,16,3,307
E00074065,8,1,0,1,8,9,27,4,201,31,6,296
E00074066,13,0,0,0,12,0,7,0,271,8,12,323
E00074067,5,1,0,0,10,3,7,5,230,20,9,290
E00074068,13,0,0,0,13,4,20,0,163,11,8,232
E00074069,13,1,0,1,6,7,3,1,266,13,8,319
E00074070,11,1,0,0,6,0,15,2,261,15,12,323
E00074071,11,1,0,0,3,2,5,0,129,10,17,178
E00074072,11,0,0,0,15,3,20,3,314,22,6,394
E00074073,14,1,0,0,7,0,11,0,281,22,7,343
E00074074,7,2,0,0,9,0,11,2,282,19,10,342
E00074075,5,3,0,3,13,6,6,3,252,24,4,319
E00074076,19,1,0,0,10,5,11,0,257,16,6,325
E00074077,7,3,0,0,8,8,29,0,303,30,6,394
E00074078,5,0,0,2,19,2,9,1,285,5,5,333
E00074079,10,0,0,3,20,0,0,0,281,6,11,331
E00074080,6,2,0,1,15,0,0,1,248,15,5,293
E00074081,7,7,0,1,32,3,5,3,377,50,10,495
E00074082,11,0,2,0,13,1,3,4,241,4,8,287
E00074083,9,0,0,0,22,1,5,1,266,14,12,330
E00074084,10,1,0,1,33,0,3,0,205,10,6,269
E00074085,3,1,0,1,15,2,6,1,223,3,0,255
E00074086,7,1,2,1,10,2,5,1,239,5,7,280
E00074087,3,1,0,3,28,1,7,2,321,8,4,378
E00074088,13,8,0,0,30,4,9,5,459,15,12,555
E00074089,12,4,1,0,24,2,5,1,272,12,9,342
E00074090,6,0,1,2,13,2,7,0,264,12,12,319
E00074091,6,0,0,0,9,0,4,0,246,13,7,285
E00074092,6,0,0,0,17,0,3,1,216,2,3,248
E00074093,1,2,0,1,17,0,6,0,389,8,0,424
E00074094,5,1,0,2,16,0,2,0,311,13,9,359
E00074095,4,0,0,0,10,8,1,4,330,15,6,378
E00074096,1,0,0,0,15,2,5,12,292,11,10,348
E00074097,6,5,0,2,14,0,1,2,323,10,7,370
E00074098,4,0,0,0,13,0,3,0,296,5,0,321
E00074099,4,2,0,0,25,0,1,3,235,13,5,288
E00074100,4,5,0,0,14,0,0,1,302,15,9,350
E00074101,9,1,0,0,18,0,11,1,275,8,4,327
E00074102,5,0,0,0,13,0,0,0,266,5,4,293
E00074103,11,1,0,0,17,1,4,8,285,7,15,349
E00074104,13,0,0,1,28,0,4,2,264,16,2,330
E00074105,8,3,4,0,22,0,2,2,321,16,14,392
E00074106,0,2,0,1,7,0,2,0,309,3,5,329
E00074107,7,1,0,0,16,0,2,4,187,11,10,238
E00074108,5,2,0,3,18,0,7,1,315,12,3,366
E00074109,7,6,1,2,34,0,12,4,352,26,6,450
E00074110,5,0,0,0,19,4,4,3,247,5,24,311
E00074111,4,1,0,0,8,0,8,0,256,3,4,284
E00074112,7,8,0,0,24,0,5,3,278,15,11,351
E00074113,5,0,0,0,14,0,4,1,265,9,8,306
E00074114,4,0,0,1,26,0,8,1,295,8,4,347
E00074115,8,2,0,0,13,8,24,4,307,21,0,387
E00074116,16,0,0,0,10,9,20,3,364,20,11,453
E00074117,4,4,0,0,11,15,7,9,235,13,4,302
E00074118,8,0,0,1,9,2,0,0,279,8,2,309
E00074119,22,4,0,0,11,21,29,3,281,12,10,393
E00074120,9,0,0,0,13,10,14,7,310,14,11,388
E00074121,10,0,0,0,12,8,9,3,305,12,1,360
E00074122,7,0,0,0,1,8,13,5,173,14,0,221
E00074123,9,0,0,0,6,1,1,2,339,13,5,376
E00074124,8,2,0,0,0,4,8,0,294,11,1,328
E00074125,5,0,0,0,2,1,10,3,309,5,2,337
E00074126,13,1,0,0,12,7,15,0,314,9,4,375
E00074127,9,1,0,1,5,1,15,1,249,5,1,288
E00074128,15,1,0,0,11,5,11,0,272,7,0,322
E00074129,8,0,0,0,7,0,9,0,295,5,1,325
E00074130,0,2,0,0,4,6,3,1,320,18,1,355
E00074131,9,1,0,0,17,0,8,1,320,3,4,363
E00074132,15,0,0,1,4,8,2,0,286,0,4,320
E00074133,7,0,0,0,2,2,2,0,254,5,8,280
E00074134,0,0,0,0,12,0,6,2,279,5,1,305
E00074135,8,0,0,1,8,7,9,11,312,17,0,373
E00074136,3,1,0,0,3,5,1,1,299,3,1,317
E00074137,7,0,0,0,12,2,21,1,205,7,16,271
E00074138,0,1,0,0,3,7,6,1,266,4,3,291
E00074139,5,6,0,0,7,5,18,1,276,7,7,332
E00074140,8,1,0,0,10,0,7,3,216,6,4,255
E00074141,0,1,0,0,4,4,8,0,316,4,1,338
E00074142,0,2,0,0,2,7,8,1,304,6,1,331
E00074143,7,0,0,0,13,0,10,2,348,6,4,390
E00074144,5,0,0,0,4,11,3,0,285,5,4,317
E00074145,0,2,0,0,3,1,4,0,294,2,2,308
E00074146,7,5,0,0,12,8,11,1,316,13,9,382
E00074147,11,0,1,0,10,15,25,4,302,25,6,399
E00074148,8,1,0,1,6,6,11,0,266,9,2,310
E00074149,19,0,0,1,10,3,16,6,382,21,11,469
E00074150,15,0,0,0,5,8,14,3,191,18,12,266
E00074151,17,0,0,0,7,13,12,0,294,13,4,360
E00074152,3,0,0,1,7,9,9,2,229,15,9,284
E00074153,3,1,0,0,11,5,6,1,252,9,2,290
E00074154,15,0,1,0,13,3,9,0,312,9,9,371
E00074155,21,1,0,0,15,13,10,0,275,11,11,357
E00074156,20,1,0,2,15,5,16,1,259,8,7,334
E00074157,12,0,0,0,6,8,6,2,246,18,10,308
E00074158,7,0,0,0,4,14,9,0,280,5,7,326
E00074159,33,1,0,1,9,6,1,0,300,35,9,395
E00074160,19,0,0,2,15,6,6,7,261,19,8,343
E00074161,29,1,0,1,21,9,23,3,363,19,10,479
E00074162,16,0,0,1,5,6,9,2,238,29,9,315
E00074163,2,0,0,0,3,5,6,1,269,24,4,314
E00074164,8,2,0,0,3,8,2,7,264,8,6,308
E00074165,14,0,0,0,11,6,18,8,293,33,9,392
E00074166,10,0,0,0,19,4,13,2,314,13,19,394
E00074167,11,0,0,0,6,0,15,2,232,16,7,289
E00074168,4,0,0,0,18,2,10,0,243,5,1,283
E00074169,1,1,2,2,5,0,9,1,289,7,6,323
E00074170,17,2,0,1,6,7,11,6,327,0,15,392
E00074171,6,1,0,0,16,5,8,1,246,7,5,295
E00074172,4,0,0,0,18,15,26,5,249,14,6,337
E00074173,1,2,0,2,12,1,4,3,287,6,7,325
E00074174,10,4,0,0,28,16,43,2,296,8,11,418
E00074175,12,1,0,0,18,10,21,2,327,22,11,424
E00074176,3,1,0,0,16,3,20,4,245,10,8,310
E00074177,5,0,0,0,2,0,5,2,230,11,6,261
E00074178,15,2,0,0,22,3,14,2,248,10,12,328
E00074179,0,0,0,0,9,12,11,2,308,18,8,368
E00074180,23,0,1,1,18,16,16,3,298,15,8,399
E00074181,19,4,0,0,19,5,26,2,279,14,12,380
E00074182,14,0,0,0,16,2,8,7,183,8,11,249
E00074183,9,0,0,0,13,2,2,3,235,12,7,283
E00074184,10,0,0,0,7,3,4,0,276,5,4,309
E00074185,2,3,0,0,4,2,9,1,241,4,8,274
E00074186,10,1,0,1,25,5,24,2,257,0,21,346
E00074187,4,3,0,0,13,0,15,2,245,5,3,290
E00074188,4,0,0,0,7,1,10,1,199,4,5,231
E00074189,10,2,0,0,12,0,13,3,219,10,2,271
E00074190,4,1,0,2,9,5,8,0,302,10,2,343
E00074191,2,4,0,0,14,12,25,2,329,8,1,397
E00074193,7,0,0,0,6,8,13,5,311,17,15,382
E00074194,1,0,0,0,7,0,0,4,187,10,7,216
E00074195,8,0,0,2,5,7,27,3,206,25,3,286
E00074197,8,0,0,1,3,7,10,5,205,31,3,273
E00074198,8,0,0,0,2,12,24,4,252,41,4,347
E00074199,20,0,0,0,11,23,12,1,268,43,14,392
E00074200,20,0,0,2,5,0,10,2,263,47,9,358
E00074201,32,0,0,0,16,24,15,0,347,63,6,503
E00074202,20,0,0,0,12,4,27,6,311,49,9,438
E00074203,7,1,0,0,4,1,4,2,166,15,4,204
E00074204,27,0,0,0,22,15,18,2,358,40,11,493
E00074205,9,0,0,1,18,5,6,3,263,23,7,335
E00074206,19,2,0,1,15,1,28,6,248,28,5,353
E00074207,18,0,0,0,4,0,12,2,301,41,8,386
E00074208,17,0,0,0,14,4,16,5,264,36,3,359
E00074209,22,0,0,0,21,11,23,0,324,49,2,452
E00074210,35,0,0,0,3,5,30,0,319,18,3,413
E00074211,22,1,0,0,14,16,39,2,253,22,3,372
E00074212,10,1,0,1,6,0,12,0,289,30,3,352
E00074213,5,2,0,1,16,4,10,3,377,11,5,434
E00074214,4,0,0,1,17,10,46,5,269,57,8,417
E00074215,21,0,0,0,10,28,17,0,333,15,8,432
E00074216,6,0,0,0,0,14,14,1,261,10,2,308
E00074217,9,0,1,0,4,0,29,2,262,30,4,341
E00074218,22,1,0,0,21,10,17,12,163,24,8,278
E00074219,12,3,0,2,8,19,22,0,300,35,18,419
E00074220,8,0,0,2,14,21,26,2,304,57,12,446
E00074221,18,1,0,0,9,10,12,4,253,38,1,346
E00074222,7,0,0,0,1,0,9,3,211,12,7,250
E00074223,2,1,0,0,1,3,7,0,257,8,0,279
E00074224,5,2,0,0,4,4,7,1,207,10,0,240
E00074225,5,0,0,0,9,5,7,1,256,20,5,308
E00074226,5,0,0,0,2,8,20,3,236,12,0,286
E00074227,20,2,0,3,11,5,13,0,249,21,0,324
E00074228,6,5,0,1,15,1,9,1,239,7,9,293
E00074229,24,0,0,0,18,0,13,5,202,12,9,283
E00074230,8,4,0,1,30,2,8,5,359,8,4,429
E00074231,5,6,0,0,30,8,8,3,238,0,12,310
E00074232,3,1,0,0,6,0,3,0,183,1,4,201
E00074233,22,0,0,0,6,1,11,1,198,12,7,258
E00074234,3,6,0,0,9,0,0,3,243,5,10,279
E00074235,11,2,0,0,28,2,6,1,192,21,5,268
E00074236,9,4,0,1,32,2,7,2,260,6,12,335
E00074237,11,3,0,0,33,0,2,0,353,9,13,424
E00074238,4,3,0,0,16,1,8,1,273,11,8,325
E00074240,14,1,0,0,23,1,6,1,343,9,6,404
E00074241,0,2,0,0,16,0,1,1,367,7,4,398
E00074243,4,1,0,0,16,2,8,5,282,13,8,339
E00074244,4,0,0,0,28,6,9,1,300,12,12,372
E00074245,5,2,0,0,15,1,3,0,277,7,3,313
E00074246,1,3,0,0,14,0,6,0,306,2,5,337
E00074247,7,3,0,0,10,0,3,1,358,10,10,402
E00074248,5,2,0,0,14,0,5,4,293,3,8,334
E00074250,3,4,0,0,18,0,6,7,292,3,1,334
E00074251,7,0,0,0,23,0,0,0,287,3,7,327
E00074252,2,1,0,0,13,3,4,4,263,4,0,294
E00074253,4,1,0,0,29,1,13,6,241,9,9,313
E00074254,5,0,0,2,19,2,3,3,222,10,3,269
E00074255,6,1,0,0,5,0,3,0,148,7,2,172
E00074256,1,2,0,1,8,0,4,3,281,7,5,312
E00074257,5,0,0,1,18,1,6,3,300,3,8,345
E00074258,11,1,0,0,33,5,16,4,400,5,7,482
E00074259,9,0,0,1,11,2,19,3,178,5,6,234
E00074260,5,2,0,1,8,0,5,1,302,3,11,338
E00074261,4,3,0,0,9,1,0,2,330,5,7,361
E00074262,3,0,0,1,8,4,4,0,329,5,1,355
E00074263,8,1,0,0,25,3,3,1,304,4,11,360
E00074264,7,6,2,0,34,1,1,0,381,3,5,440
E00074265,9,0,0,0,30,0,9,2,304,0,12,366
E00074266,0,0,0,0,0,0,1,0,272,9,0,282
E00074267,0,1,0,0,5,0,6,0,259,5,2,278
E00074268,6,1,0,0,1,0,9,1,318,7,0,343
E00074269,0,0,0,0,5,0,0,0,274,8,0,287
E00074270,0,1,0,0,3,4,2,0,300,3,4,317
E00074271,0,1,0,1,9,3,5,0,256,15,1,291
E00074272,7,0,3,1,3,5,9,4,224,10,3,269
E00074273,7,0,0,0,9,0,12,4,288,9,4,333
E00074274,6,0,0,0,7,3,14,0,233,4,1,268
E00074275,9,1,0,0,6,0,1,2,402,7,1,429
E00074276,11,0,0,0,0,3,4,1,361,1,0,381
E00074277,2,0,0,1,2,7,5,0,314,4,0,335
E00074278,10,3,0,0,2,0,0,0,280,4,0,299
E00074279,4,1,0,0,1,1,2,2,453,13,0,477
E00074280,7,0,0,0,4,0,0,0,254,0,2,267
E00074281,3,1,0,2,3,5,2,0,251,0,0,267
E00074282,2,0,0,0,4,0,4,0,316,9,1,336
E00074283,2,2,0,0,2,5,1,0,284,9,6,311
E00074284,4,1,0,0,1,0,5,0,185,3,2,201
E00074285,10,0,0,0,5,2,7,0,259,6,7,296
E00074286,2,0,0,1,7,0,13,2,221,0,1,247
E00074287,6,0,0,0,4,0,11,1,261,7,2,292
E00074288,3,1,0,3,9,4,20,0,388,0,4,432
E00074289,0,0,0,0,7,8,2,0,266,3,0,286
E00074290,5,1,1,0,10,3,2,0,269,0,1,292
E00074291,3,1,0,1,2,0,3,3,230,2,2,247
E00074292,3,0,0,2,0,3,4,0,290,1,1,304
E00074293,1,0,0,1,5,0,1,3,345,4,1,361
E00074294,8,0,0,0,4,2,1,0,203,20,2,240
E00074295,5,1,0,1,3,2,2,1,366,3,0,384
E00074296,3,0,0,0,13,1,5,6,298,7,6,339
E00074297,3,1,0,0,9,5,6,0,395,21,7,447
E00074298,18,0,0,0,7,0,6,2,232,1,0,266
E00074299,4,0,0,0,5,3,13,0,261,3,7,296
E00074300,5,0,0,0,10,6,8,6,345,3,10,393
E00074301,11,8,1,0,5,0,2,1,289,19,2,338
E00074302,18,0,0,3,15,4,1,6,307,18,4,376
E00074303,6,0,0,0,10,0,4,1,193,4,4,222
E00074304,4,6,0,1,10,0,1,1,223,14,5,265
E00074306,4,1,0,0,14,0,7,2,219,18,0,265
E00074307,12,1,0,0,9,1,1,1,298,12,8,343
E00074308,0,0,0,0,13,1,3,1,249,7,1,275
E00074309,9,0,0,0,12,0,0,3,285,8,6,323
E00074310,15,4,0,0,15,0,0,1,213,15,6,269
E00074311,3,1,1,2,8,0,6,1,158,18,1,199
E00074312,8,2,0,0,8,2,2,4,175,19,4,224
E00074314,2,1,0,1,12,0,3,2,244,11,0,276
E00074315,12,4,0,0,7,0,1,2,232,17,5,280
E00074316,6,1,0,0,28,2,2,2,238,23,5,307
E00074317,4,0,0,0,11,0,0,2,312,12,0,341
E00074318,3,1,0,1,14,0,0,2,259,8,1,289
E00074319,7,0,0,0,9,0,2,1,302,17,4,342
E00074320,7,3,0,0,9,4,12,2,283,23,11,354
E00074321,4,1,0,0,22,0,3,3,258,18,5,314
E00074322,4,7,0,2,18,0,2,2,323,13,3,374
E00074323,6,2,1,4,9,0,0,3,277,15,4,321
E00074324,12,2,0,1,16,1,7,3,244,13,5,304
E00074325,8,2,1,0,12,0,8,3,193,12,3,242
E00074326,3,0,0,0,7,0,4,0,222,12,0,248
E00074327,0,0,0,0,10,0,2,0,153,10,4,179
E00074328,6,2,0,0,5,1,4,3,253,7,1,282
E00074329,7,1,0,3,6,0,1,0,303,15,4,340
E00074330,0,0,0,1,7,6,1,1,329,17,5,367
E00074331,5,6,0,1,14,1,1,9,350,69,6,462
E00074332,1,0,0,0,16,0,7,3,292,23,2,344
E00074333,12,3,1,0,22,3,11,0,318,9,6,385
E00074334,4,0,1,1,4,4,4,2,233,10,3,266
E00074335,1,0,0,0,9,2,4,1,284,14,1,316
E00074336,8,1,0,2,12,0,4,4,304,12,4,351
E00074337,1,2,0,6,8,0,5,3,223,20,3,271
E00074338,8,0,3,0,10,0,0,7,279,16,2,325
E00074339,0,1,0,2,7,0,2,6,275,18,4,315
E00074340,11,6,0,0,21,0,3,0,302,5,7,355
E00074341,10,1,0,0,9,4,5,0,287,13,5,334
E00074342,1,1,0,3,17,1,4,1,341,7,3,379
E00074343,10,0,0,2,6,0,11,1,197,7,3,237
E00074344,7,1,0,0,8,0,4,0,192,7,10,229
E00074345,6,3,0,0,9,0,1,0,247,2,1,269
E00074346,10,0,0,0,6,7,9,7,195,4,5,243
E00074347,16,0,0,0,15,0,2,4,284,12,0,333
E00074348,9,0,0,0,3,2,7,2,173,7,6,209
E00074349,0,1,0,2,5,4,5,2,274,8,4,305
E00074350,5,2,0,0,8,1,3,0,265,22,3,309
E00074351,8,0,0,1,9,0,3,2,240,15,0,278
E00074352,13,0,0,0,10,0,5,7,274,10,4,323
E00074353,6,6,0,0,7,0,3,1,271,6,4,304
E00074354,7,2,0,0,12,2,0,4,252,15,6,300
E00074355,6,3,0,0,17,0,0,0,254,16,0,296
E00074356,9,2,0,1,15,0,2,1,280,8,1,319
E00074357,2,0,0,1,14,5,4,1,288,11,3,329
E00074358,5,1,0,0,9,0,1,2,311,10,8,347
E00074359,5,0,0,0,9,0,7,0,239,6,0,266
E00074360,1,2,0,1,11,0,2,0,312,9,6,344
E00074361,8,3,0,2,12,0,3,2,331,12,0,373
E00074362,2,4,0,0,14,0,2,1,340,0,0,363
E00074363,2,2,0,0,0,0,0,3,314,8,1,330
E00074364,2,0,0,0,3,0,4,0,340,4,0,353
E00074365,2,0,0,0,2,0,5,0,287,3,0,299
E00074366,1,1,0,0,1,8,5,1,338,5,0,360
E00074367,5,2,0,0,6,0,19,5,346,0,5,388
E00074368,4,0,0,0,2,0,6,0,327,0,4,343
E00074369,0,1,0,1,5,6,6,0,254,2,0,275
E00074371,11,1,0,0,5,0,17,0,221,5,0,260
E00074372,1,1,0,0,0,2,13,4,289,11,6,327
E00074373,0,0,0,0,2,0,4,0,353,21,3,383
E00074374,1,0,0,0,3,0,3,0,291,0,1,299
E00074375,5,0,0,0,3,6,18,0,352,9,3,396
E00074376,0,0,0,0,2,4,5,2,307,4,1,325
E00074377,13,0,0,0,12,4,13,0,367,0,1,410
E00074378,3,0,0,1,4,3,0,2,284,3,7,307
E00074379,3,0,0,0,1,0,4,1,278,3,4,294
E00074380,0,1,0,0,3,3,0,0,274,2,0,283
E00074381,2,2,0,0,8,0,4,0,258,4,1,279
E00074382,0,0,0,0,1,0,0,0,293,0,3,297
E00074383,5,1,0,0,10,0,10,0,250,1,0,277
E00074384,5,3,0,0,5,2,2,3,284,0,2,306
E00074385,3,1,0,3,0,8,6,3,311,7,0,342
E00074386,0,0,0,0,3,0,8,0,315,1,0,327
E00074387,0,0,0,0,5,2,4,0,251,4,0,266
E00074388,0,0,0,0,0,0,2,1,251,0,1,255
E00074389,1,1,0,0,1,0,3,0,298,9,1,314
E00074390,1,1,0,0,1,0,3,2,216,17,1,242
E00074391,4,0,0,0,7,0,13,4,274,10,0,312
E00074392,2,0,0,0,6,0,8,0,298,9,0,323
E00074393,2,1,0,0,5,4,6,0,340,8,3,369
E00074394,3,0,0,0,6,10,10,0,199,0,1,229
E00074395,5,0,0,0,6,7,13,0,316,6,0,353
E00074396,1,0,0,0,3,2,7,3,301,7,3,327
E00074397,6,0,0,0,6,0,12,0,317,0,7,348
E00074398,0,1,0,0,7,25,3,2,296,9,1,344
E00074399,10,0,0,0,10,3,4,2,322,3,10,364
E00074400,20,1,0,0,25,1,4,0,434,23,7,515
E00074401,7,1,0,0,22,2,10,0,380,4,10,436
E00074402,4,1,0,2,14,0,11,1,336,4,6,379
E00074403,2,8,0,0,20,0,8,1,354,4,14,411
E00074404,9,3,0,1,8,0,13,8,308,16,4,370
E00074405,13,5,0,0,19,7,21,1,292,20,12,390
E00074406,13,1,0,0,10,0,23,6,359,22,6,440
E00074407,13,0,0,0,41,2,11,6,386,26,8,493
E00074408,10,0,0,0,21,0,13,6,355,45,3,453
E00074411,7,4,0,0,45,10,13,7,434,27,7,554
E00074412,13,0,0,0,14,0,17,6,251,16,7,324
E00074413,15,1,0,0,22,4,9,0,261,25,6,343
E00074414,6,1,0,0,19,0,3,1,223,11,8,272
E00074415,1,0,0,0,17,0,7,3,270,14,4,316
E00074416,19,0,0,0,9,3,1,5,276,26,3,342
E00074417,2,0,0,3,22,9,7,1,232,18,8,302
E00074418,3,1,0,0,25,0,8,1,171,16,11,236
E00074419,6,3,0,2,16,0,2,5,230,10,13,287
E00074420,10,3,0,0,23,4,8,4,290,11,8,361
E00074421,4,1,0,1,11,5,23,2,220,11,8,286
E00074422,6,0,0,0,13,3,4,1,249,3,1,280
E00074423,4,2,0,0,22,2,2,0,299,0,8,339
E00074424,7,1,0,2,18,3,0,3,194,8,0,236
E00074425,0,7,0,1,17,0,5,1,247,5,5,288
E00074426,1,0,0,0,15,3,12,1,240,4,9,285
E00074427,6,3,0,1,15,8,17,0,234,11,7,302
E00074428,1,1,0,0,13,1,0,0,297,5,1,319
E00074429,6,3,1,0,13,5,4,2,301,12,6,353
E00074430,5,0,0,1,18,7,7,0,282,10,5,335
E00074431,6,0,0,0,8,4,15,1,423,27,6,490
E00074432,1,1,0,1,13,6,1,3,313,4,4,347
E00074433,1,4,0,0,16,0,1,0,327,6,9,364
E00074434,12,0,0,0,7,0,8,5,275,9,0,316
E00074435,8,5,0,0,8,6,2,0,279,4,0,312
E00074436,2,0,2,0,17,3,5,1,340,22,8,400
E00074437,8,5,0,1,18,2,5,1,319,7,7,373
E00074438,8,0,0,0,16,3,7,3,378,10,3,428
E00074439,19,0,0,0,6,5,16,2,200,5,0,253
E00165771,29,4,1,2,26,6,14,3,335,29,18,467
E00165772,7,3,0,0,3,3,2,1,114,3,3,139
E00174043,7,0,0,0,30,3,9,2,303,33,15,402
E00174044,36,4,0,1,26,5,12,5,206,31,18,344
E00174046,14,1,0,2,23,1,12,7,229,56,6,351
E00174053,46,4,0,0,21,2,14,4,216,18,26,351
E00174058,38,1,0,0,11,0,10,3,222,9,16,310
E00174214,15,0,0,0,24,5,25,5,150,22,10,256
E00174215,39,2,0,0,28,2,11,2,170,8,17,279
E00174218,18,1,0,3,52,1,11,3,278,45,13,425
E00174220,0,1,0,1,6,1,0,0,109,9,4,131
E00174221,20,1,2,0,19,2,4,8,126,24,11,217
E00174225,10,0,0,0,15,0,15,3,102,12,7,164
E00174226,33,1,0,0,26,2,8,2,219,34,1,326
E00174228,41,1,0,0,10,4,4,3,248,27,4,342
E00174229,9,0,0,0,17,13,29,4,396,33,8,509
E00174231,8,3,2,3,47,10,4,2,205,55,11,350
E00174232,16,3,0,0,47,4,20,3,198,23,8,322
E00174234,10,0,0,1,44,11,20,2,231,32,13,364
E00174237,19,5,0,0,10,5,17,0,241,22,9,328
E00174239,12,0,0,0,13,4,0,0,59,13,2,103
E00174243,25,1,0,3,37,12,11,2,136,76,22,325
E00174245,7,3,0,1,8,1,4,0,153,5,6,188
E00174246,14,0,0,0,11,0,11,4,200,21,6,267
E00174248,20,1,1,1,18,2,11,2,121,13,3,193
E00174249,11,4,0,2,48,7,13,6,236,145,16,488
E00174251,55,0,0,0,33,13,48,2,346,44,12,553
E00174253,38,0,0,2,20,8,10,8,145,1,17,249
E00174254,33,0,0,0,22,8,18,0,166,15,8,270
E00174256,9,0,0,0,20,3,16,1,192,23,12,276
E00174257,5,0,0,0,37,2,23,3,240,55,4,369
E00174259,7,3,0,1,5,8,8,4,273,22,4,335
E00174260,21,1,0,0,14,1,9,0,111,42,10,209
E00174262,24,1,1,1,27,1,16,6,216,19,4,316
E00174263,5,1,0,0,17,1,18,6,101,16,3,168
E00174273,43,0,0,0,22,4,13,1,153,53,21,310
E00174275,2,6,0,0,13,0,2,3,142,7,7,182
E00174276,8,0,0,0,27,4,8,4,184,2,10,247
E00174277,6,0,0,0,32,3,4,5,175,11,13,249
E00174278,6,2,0,0,46,6,26,3,299,13,10,411
E00174279,8,1,0,0,10,0,15,2,166,17,16,235
E00174280,24,1,0,1,8,12,4,3,200,9,10,272
E00174281,45,0,0,0,15,0,0,1,203,16,3,283
E00174282,10,6,0,6,43,19,26,12,218,19,20,379
E00174283,9,1,0,0,14,0,8,3,268,14,14,331
E00174284,4,0,0,0,28,1,4,9,153,98,17,314
E00174286,6,2,0,0,5,1,5,3,233,7,2,264
E00174287,6,0,0,3,14,9,4,3,139,7,4,189
E00174288,44,0,0,0,25,5,11,3,209,7,12,316
E00174289,8,6,1,0,13,1,3,1,220,9,6,268
E00174290,78,0,0,0,7,0,13,3,229,23,7,360
E00174291,4,1,0,2,14,5,8,3,274,11,5,327
E00174292,11,0,0,2,26,4,14,5,188,21,12,283
E00174293,12,7,2,14,47,6,14,6,280,125,24,537
E00174294,39,1,0,1,37,3,16,11,181,81,16,386
E00174295,20,6,0,2,50,8,26,6,646,101,19,884
E00174296,18,0,2,8,47,10,9,9,202,64,9,378
E00174298,13,1,0,1,31,4,7,4,280,31,11,383
E00174299,21,2,0,7,29,2,16,15,167,19,11,289
E00174300,3,3,0,0,28,1,13,1,151,14,3,217
E00174302,4,1,0,0,15,2,5,4,91,24,4,150
E00174303,4,5,0,2,23,2,1,1,150,9,4,201
E00174304,9,1,0,0,15,0,6,0,174,8,3,216
E00174305,38,1,0,0,13,8,4,2,106,18,4,194
E00174306,11,0,0,0,6,1,0,0,252,18,12,300
E00174307,14,1,1,4,24,1,8,8,221,202,13,497
E00174309,3,1,0,2,12,2,0,2,113,12,11,158
E00174311,2,3,0,0,15,5,2,1,122,6,8,164
E00174312,6,2,0,1,21,1,4,0,231,16,4,286
E00174313,11,1,0,0,8,2,4,2,144,16,4,192
E00174314,4,0,1,0,12,1,5,0,163,7,5,198
E00174315,19,1,0,3,24,3,9,6,274,44,9,392
E00174316,4,0,0,1,22,4,16,2,175,29,9,262
E00174317,4,0,0,0,20,3,3,1,67,20,6,124
E00174318,3,1,0,0,9,0,4,1,86,15,3,122
E00174319,53,0,0,1,7,1,2,2,119,24,8,217
E00174320,28,0,0,0,11,6,16,0,222,12,20,315
E00174321,40,8,0,0,11,3,5,3,492,47,29,638
E00174322,76,0,1,0,15,0,3,0,148,12,3,258
E00174323,13,0,0,0,2,0,4,2,187,3,5,216
E00174324,15,0,1,29,25,5,9,4,258,180,14,540
E00174325,15,4,1,2,40,5,10,2,249,23,10,361
E00174326,36,0,0,0,25,18,25,4,236,77,21,442
E00174327,29,0,0,1,16,2,15,0,289,26,9,387
E00174328,8,1,0,1,22,2,5,3,184,25,6,257
E00174329,14,0,0,0,8,2,3,2,279,13,4,325
E00174331,3,2,0,0,2,0,0,0,111,1,1,120
E00174332,3,2,0,0,19,0,4,0,252,3,9,292
E00174333,3,0,0,0,23,3,7,1,208,11,2,258
E00178043,10,3,0,1,16,4,7,4,156,25,9,235
E00178044,7,0,2,9,47,1,13,3,268,244,26,620
E00178045,15,1,0,2,17,4,4,1,157,134,16,351
E00178046,39,10,3,8,91,11,38,32,1120,282,32,1666
E00178047,4,1,0,2,12,0,3,5,181,5,6,219
E00178048,21,6,0,4,15,3,7,9,62,35,11,173
E00178049,4,0,0,3,32,6,6,3,150,26,16,246
E00178050,151,1,1,1,19,0,12,0,247,7,4,443
E00178051,29,2,0,0,10,6,12,7,253,14,2,335
E00178052,3,3,1,0,13,3,1,1,230,18,3,276
E00178053,4,1,1,0,26,7,3,3,372,14,11,442
E00178054,24,0,0,0,40,0,11,5,127,5,5,217
E00178055,4,1,0,0,12,0,7,5,72,11,4,116
E00178056,17,1,0,10,50,6,23,8,598,158,22,893
E00178057,10,0,0,1,16,5,7,2,411,34,8,494
E00178058,6,8,0,0,11,0,4,0,96,15,4,144
E00178059,14,1,0,2,26,6,13,0,190,23,10,285
E00178060,13,6,0,2,43,2,9,9,236,18,20,358
E00178061,8,3,0,0,25,0,9,0,299,13,8,365
E00178062,28,4,0,0,26,39,10,1,207,44,5,364
E00178063,3,0,0,2,9,0,1,0,135,7,1,158
E00178064,31,14,1,1,55,8,22,16,1892,88,35,2163
E00178065,6,0,0,0,25,9,7,1,145,12,7,212
E00178066,16,9,0,2,30,11,10,7,313,93,11,502
E00178067,1,0,0,0,10,2,4,3,164,13,9,206
E00178068,4,3,0,0,19,7,1,0,121,7,1,163
E00178069,8,4,0,4,16,4,12,5,339,14,12,418
E00178070,0,1,0,0,5,0,7,0,257,3,1,274
E00178071,2,1,0,0,11,4,13,3,171,19,3,227
E00178072,24,0,0,0,32,0,13,9,182,103,28,391
E00178073,12,0,1,2,22,2,10,10,76,33,25,193
E00178074,0,3,1,0,15,1,3,1,338,8,6,376
E00178075,4,2,0,1,7,0,1,0,101,4,5,125
E00178076,11,1,0,2,34,4,12,9,163,20,20,276
E00178077,1,0,0,0,5,0,8,3,86,16,1,120
E00178078,92,0,0,0,10,2,5,1,141,10,0,261
E00178079,9,1,0,2,42,1,3,9,356,26,20,469
E00178080,156,0,0,1,28,1,20,4,304,16,7,537
E00178081,7,1,0,1,3,0,4,3,97,26,7,149
E00178082,4,2,0,0,15,11,10,2,213,4,4,265
E00178083,29,1,0,0,51,3,5,7,241,48,13,398
E00178084,11,3,2,1,32,17,38,7,407,21,14,553
E00178085,2,1,0,0,23,3,17,2,55,5,1,109
E00178086,3,5,0,0,24,4,4,1,207,19,18,285
E00178087,69,0,0,2,32,1,13,2,276,17,10,422
E00178088,3,3,0,1,7,2,4,1,87,9,2,119
E00178089,152,0,0,1,7,3,8,8,292,15,24,510
E00178090,11,4,1,2,18,0,4,2,110,10,2,164
E00178091,10,3,0,0,6,0,27,1,231,9,6,293
E00178092,6,2,0,0,20,8,10,7,364,15,12,444
E00178093,9,1,0,1,21,8,10,4,80,39,11,184
E00178094,7,1,0,0,4,3,6,9,107,7,6,150
E00178095,8,0,0,0,12,0,6,0,135,11,1,173
E00178096,6,0,1,0,18,6,6,6,159,32,4,238
E00178097,13,1,1,0,11,0,2,1,95,9,7,140
E00178098,19,1,0,0,14,3,3,1,224,20,7,292
E00178099,3,0,0,0,3,0,10,4,237,6,3,266
E00178100,5,0,0,0,25,1,5,0,198,8,2,244
E00178101,6,1,0,1,29,2,11,3,142,26,6,227
E00178102,20,1,0,0,6,4,29,1,313,13,5,392
E00178103,4,0,0,0,12,0,5,1,192,22,6,242
E00178104,17,3,0,0,3,3,13,3,280,0,1,323
E00178105,1,0,0,0,6,0,2,1,113,3,3,129
E00178106,13,13,0,0,27,0,6,4,509,26,15,613
E00178107,9,1,0,2,4,2,5,4,154,17,7,205
E00178108,26,1,0,0,14,0,11,7,428,40,7,534
E00178109,6,2,0,1,25,1,5,1,101,44,4,190
E00178110,0,1,0,1,8,0,7,0,163,25,0,205
E00178111,2,1,0,0,8,4,2,2,66,13,6,104
E00178112,14,4,1,3,60,7,15,10,202,74,25,415
E00178113,12,0,0,0,6,16,11,3,207,36,6,297
E00178114,29,3,2,2,53,5,16,6,454,120,36,726
E00178115,0,1,0,0,4,1,4,2,96,6,3,117
E00178116,47,0,0,0,10,1,4,1,73,11,8,155
E00178117,11,5,0,0,63,9,20,6,336,19,13,482
E00178118,10,0,1,0,15,12,24,2,253,15,3,335
E00178119,0,1,0,1,2,2,10,3,293,0,0,312
